dont_skip_probab;entry_test_price;prediction;test_price;upDownPred;volume
0.3880000114440918;3865.9;3752.31005859375;3866.1;0;397.68
0.30000001192092896;3866.1;3859.1201171875;3839.3;0;561.28
0.3970000147819519;3839.3;3860.489990234375;3822.79;0;544.89
0.5680000185966492;3822.79;3988.18994140625;3832.0;0;382.05
0.5600000023841858;3832.0;3977.8701171875;3827.3;0;266.81
0.24400000274181366;3827.3;3824.330078125;3798.27;0;277.42
0.3569999933242798;3798.27;3807.669921875;3844.4;1;754.66
0.39399999380111694;3844.4;3865.570068359375;3888.7;1;415.38
0.4180000126361847;3888.7;3846.179931640625;3866.0;0;2782.61
0.4000000059604645;3866.0;3852.14990234375;3869.9;0;1215.09
0.47099998593330383;3869.9;3854.510009765625;3963.1;0;274.78
0.4869999885559082;3963.1;3875.02001953125;3948.9;0;2229.8
0.47999998927116394;3948.9;3906.47998046875;3939.7;0;734.06
0.4659999907016754;3939.7;3930.949951171875;3951.3;0;196.47
0.46700000762939453;3951.3;3936.10009765625;3948.3;0;203.54
0.47999998927116394;3948.3;3925.56005859375;3946.1;0;761.28
0.5490000247955322;3946.1;3993.909912109375;3940.7;0;291.37
0.5429999828338623;3940.7;3976.419921875;3924.9;0;172.28
0.5410000085830688;3924.9;3958.110107421875;3933.4;0;322.96
0.5389999747276306;3933.4;3971.239990234375;3944.3;0;1070.39
0.46799999475479126;3944.3;3984.580078125;3936.0;0;550.09
0.4699999988079071;3936.0;3976.2900390625;3956.9;1;604.46
0.4959999918937683;3956.9;3964.830078125;3951.82;1;1508.41
0.3149999976158142;3951.82;3949.800048828125;3955.0;1;631.8
0.29600000381469727;3955.0;3928.699951171875;3994.7;1;353.36
0.4950000047683716;3994.7;3998.10009765625;3987.0;1;2917.11
0.49000000953674316;3987.0;3999.06005859375;3975.1;1;1036.84
0.4659999907016754;3975.1;4003.780029296875;4009.4;1;498.99
0.49799999594688416;4009.4;4018.449951171875;3999.0;1;1773.02
0.3199999928474426;3999.0;3996.489990234375;3999.8;1;674.83
0.06199999898672104;3999.8;3998.0400390625;4000.0;0;599.63
0.06599999964237213;4000.0;3992.489990234375;4040.06;0;619.52
0.07900000363588333;4040.06;3987.56005859375;4040.6;0;741.2
0.07699999958276749;4040.6;4031.169921875;4048.15;0;874.99
0.22200000286102295;4048.15;4049.60009765625;4048.8;0;697.35
0.10000000149011612;4048.8;4040.739990234375;4016.4;0;1346.23
0.257999986410141;4016.4;4032.530029296875;4023.9;1;517.66
0.06499999761581421;4023.9;4017.340087890625;4020.0;1;620.41
0.24699999392032623;4020.0;4042.409912109375;4024.9;1;178.97
0.23199999332427979;4024.9;4044.800048828125;4014.4;1;92.87
0.028999999165534973;4014.4;4034.800048828125;3996.1;1;170.2
0.04699999839067459;3996.1;4034.389892578125;3996.0;1;498.58
0.023000000044703484;3996.0;4008.820068359375;4001.8;1;140.01
0.09700000286102295;4001.8;4001.7900390625;3977.4;1;518.7
0.04500000178813934;3977.4;4005.02001953125;3985.9;1;733.04
0.03500000014901161;3985.9;3993.89990234375;3980.92;1;903.79
0.02199999988079071;3980.92;3986.669921875;3977.6;1;316.69
0.03200000151991844;3977.6;3996.159912109375;3996.2;1;377.93
0.08799999952316284;3996.2;3990.919921875;3988.9;0;252.86
0.08500000089406967;3988.9;3988.360107421875;3973.0;0;289.04
0.29899999499320984;3973.0;3985.72998046875;3983.6;0;331.37
0.46000000834465027;3983.6;3980.25;3913.9;0;665.03
0.38499999046325684;3913.9;3960.800048828125;3920.2;1;1664.9
0.3269999921321869;3920.2;3938.179931640625;3920.1;0;569.4
0.44999998807907104;3920.1;3918.31005859375;3917.4;0;380.2
0.28600001335144043;3917.4;3926.68994140625;3941.4;0;316.75
0.45100000500679016;3941.4;3920.830078125;3932.4;0;177.23
0.4449999928474426;3932.4;3913.659912109375;3932.6;0;123.19
0.4519999921321869;3932.6;3919.47998046875;3924.3;0;279.75
0.4560000002384186;3924.3;3917.719970703125;3910.01;0;501.29
0.49799999594688416;3910.01;3913.510009765625;3922.1;0;419.34
0.5379999876022339;3922.1;3909.719970703125;3918.92;0;204.19
0.5270000100135803;3918.92;3918.14990234375;3937.0;0;141.3
0.5419999957084656;3937.0;3928.949951171875;3929.8;0;546.1
0.5009999871253967;3929.8;3937.719970703125;3939.9;0;288.61
0.4880000054836273;3939.9;3941.68994140625;3943.9;0;226.08
0.5019999742507935;3943.9;3952.820068359375;3947.4;0;367.17
0.5059999823570251;3947.4;3956.93994140625;3938.3;0;1018.42
0.5049999952316284;3938.3;3954.580078125;3927.9;0;474.75
0.5059999823570251;3927.9;3954.929931640625;3936.5;0;220.01
0.3869999945163727;3936.5;3956.699951171875;3914.3;0;184.2
0.3959999978542328;3914.3;3951.3798828125;3916.11;0;407.7
0.39399999380111694;3916.11;3943.139892578125;3904.5;0;670.3
0.39399999380111694;3904.5;3925.969970703125;3873.5;0;1288.79
0.39800000190734863;3873.5;3910.489990234375;3881.2;1;1211.09
0.39100000262260437;3881.2;3896.330078125;3895.1;1;513.52
0.30799999833106995;3895.1;3886.7900390625;3896.1;1;633.51
0.33899998664855957;3896.1;3894.320068359375;3880.4;1;883.75
0.35100001096725464;3880.4;3882.8701171875;3882.2;1;166.07
0.3880000114440918;3882.2;3885.840087890625;3915.3;0;832.68
0.31700000166893005;3915.3;3887.1298828125;3966.8;0;580.6
0.3580000102519989;3966.8;3913.889892578125;3960.64;0;1321.49
0.2840000092983246;3960.64;3938.360107421875;3954.9;0;364.68
0.24400000274181366;3954.9;3949.110107421875;3989.7;0;110.67
0.37700000405311584;3989.7;3973.9599609375;3981.01;0;1215.92
0.2750000059604645;3981.01;3971.64990234375;3987.7;0;331.73
0.25699999928474426;3987.7;3997.989990234375;3997.5;0;311.39
0.3479999899864197;3997.5;3995.25;3992.6;0;852.42
0.2879999876022339;3992.6;3985.22998046875;4011.4;0;429.3
0.30399999022483826;4011.4;4000.909912109375;3979.3;0;529.45
0.3889999985694885;3979.3;3988.7099609375;3958.6;0;745.8
0.38199999928474426;3958.6;3972.050048828125;3965.3;1;227.08
0.1770000010728836;3965.3;3963.179931640625;3964.9;1;202.99
0.36500000953674316;3964.9;3969.60009765625;3959.4;1;223.93
0.38600000739097595;3959.4;3962.570068359375;3970.5;1;624.8
0.18199999630451202;3970.5;3965.320068359375;3974.7;1;248.36
0.17399999499320984;3974.7;3970.7900390625;3960.1;1;165.18
0.3889999985694885;3960.1;3972.72998046875;3958.9;1;823.3
0.3659999966621399;3958.9;3966.330078125;3950.9;1;162.14
0.39500001072883606;3950.9;3957.360107421875;3957.8;1;1776.48
0.19200000166893005;3957.8;3963.239990234375;3958.9;1;1346.23
0.14100000262260437;3958.9;3967.199951171875;3971.0;0;313.69
0.21699999272823334;3971.0;3958.919921875;3969.3;0;195.61
0.29100000858306885;3969.3;3963.43994140625;3960.6;0;884.26
0.2540000081062317;3960.6;3953.8701171875;3963.4;0;548.23
0.23499999940395355;3963.4;3955.3701171875;3929.5;0;358.64
0.20800000429153442;3929.5;3930.6298828125;3911.3;0;1684.47
0.15399999916553497;3911.3;3928.510009765625;3931.1;0;606.07
0.2680000066757202;3931.1;3907.52001953125;3918.4;0;797.64
0.23499999940395355;3918.4;3916.1298828125;3912.5;0;320.16
0.46000000834465027;3912.5;3902.070068359375;3919.0;0;442.35
0.4230000078678131;3919.0;3900.7900390625;3917.0;0;155.56
0.41499999165534973;3917.0;3898.169921875;3916.9;0;84.88
0.4350000023841858;3916.9;3919.0;3907.2;0;187.45
0.4339999854564667;3907.2;3905.10009765625;3894.7;1;275.4
0.4519999921321869;3894.7;3906.840087890625;3904.7;1;755.42
0.43700000643730164;3904.7;3906.179931640625;3901.7;0;299.1
0.4480000138282776;3901.7;3910.550048828125;3925.7;0;974.04
0.5070000290870667;3925.7;3911.860107421875;3943.4;0;827.58
0.5090000033378601;3943.4;3918.93994140625;3926.0;0;854.05
0.382999986410141;3926.0;3928.27001953125;3933.0;0;562.16
0.3089999854564667;3933.0;3922.389892578125;3934.8;0;208.8
0.3499999940395355;3934.8;3922.39990234375;3947.7;0;493.25
0.5149999856948853;3947.7;3942.5;3957.8;0;1625.78
0.32499998807907104;3957.8;3940.919921875;4190.2;0;319.75
0.5659999847412109;4190.2;4047.9599609375;4168.5;0;8548.3
0.49399998784065247;4168.5;4113.10986328125;4178.7;0;1526.46
0.4959999918937683;4178.7;4199.81982421875;4157.0;0;2182.25
0.49000000953674316;4157.0;4202.33984375;4154.0;0;1118.81
0.45899999141693115;4154.0;4168.06005859375;4153.8;0;622.38
0.003000000026077032;4153.8;4175.4599609375;4168.4;1;500.96
0.003000000026077032;4168.4;4178.93994140625;4179.7;1;1008.95
0.014000000432133675;4179.7;4161.43017578125;4154.4;1;442.47
0.004000000189989805;4154.4;4173.6298828125;4146.3;1;748.67
0.014999999664723873;4146.3;4131.6298828125;4152.0;1;536.23
0.010999999940395355;4152.0;4125.31982421875;4145.7;1;163.89
0.012000000104308128;4145.7;4122.93994140625;4153.9;1;226.13
0.013000000268220901;4153.9;4143.89990234375;4150.2;1;294.99
0.0020000000949949026;4150.2;4157.5;4155.33;1;860.1
0.004000000189989805;4155.33;4183.85009765625;4170.3;1;263.23
0.6039999723434448;4170.3;4186.25;4102.5;1;1080.45
0.6790000200271606;4102.5;4161.81982421875;4106.7;1;2905.4
0.5690000057220459;4106.7;4135.1298828125;4106.7;1;6.54
0.21299999952316284;4106.7;4104.89990234375;4106.7;1;0.0
0.21400000154972076;4106.7;4102.58984375;4106.7;1;0.0
0.21400000154972076;4106.7;4102.0400390625;4111.0;1;0.61
0.22200000286102295;4111.0;4089.75;4106.7;0;0.17
0.2150000035762787;4106.7;4101.240234375;4106.7;0;0.3
0.5320000052452087;4106.7;4108.240234375;4135.2;0;0.0
0.2460000067949295;4135.2;4105.60986328125;4136.7;0;161.18
0.08299999684095383;4136.7;4105.22021484375;4143.3;0;924.21
0.05299999937415123;4143.3;4122.0498046875;4109.9;0;298.32
0.3050000071525574;4109.9;4112.27978515625;4116.72;0;742.86
0.2919999957084656;4116.72;4119.6201171875;4104.9;0;394.01
0.3019999861717224;4104.9;4110.8701171875;4113.9;0;696.15
0.28999999165534973;4113.9;4121.85986328125;4129.2;0;389.43
0.057999998331069946;4129.2;4117.3701171875;4111.0;0;419.01
0.27900001406669617;4111.0;4127.0;4090.4;0;150.61
0.3160000145435333;4090.4;4102.35009765625;4090.0;1;1168.89
0.28700000047683716;4090.0;4093.530029296875;4091.4;1;273.56
0.35100001096725464;4091.4;4106.1298828125;4094.9;1;158.45
0.36000001430511475;4094.9;4117.0498046875;4099.9;1;611.05
0.35199999809265137;4099.9;4117.35986328125;4098.0;1;237.05
0.3619999885559082;4098.0;4118.52978515625;4100.0;1;645.92
0.38999998569488525;4100.0;4101.68994140625;4100.78;1;1348.89
0.4000000059604645;4100.78;4105.93017578125;4112.9;1;1723.64
0.3659999966621399;4112.9;4120.10009765625;4143.4;0;573.08
0.3659999966621399;4143.4;4143.22998046875;4130.5;0;983.42
0.3799999952316284;4130.5;4151.06005859375;4168.8;0;1276.54
0.38600000739097595;4168.8;4174.39013671875;4159.0;0;1236.38
0.3580000102519989;4159.0;4161.7900390625;4153.1;0;302.83
0.42100000381469727;4153.1;4160.0400390625;4131.5;0;2410.71
0.37400001287460327;4131.5;4153.259765625;4124.2;0;1265.91
0.35499998927116394;4124.2;4144.2998046875;4130.9;0;600.48
0.3490000069141388;4130.9;4139.75;4135.3;0;166.41
0.375;4135.3;4132.83984375;4109.1;0;212.23
0.38600000739097595;4109.1;4115.02978515625;4104.97;1;1297.03
0.40700000524520874;4104.97;4104.2001953125;4116.4;1;546.56
0.3880000114440918;4116.4;4102.39013671875;4100.0;1;407.01
0.35899999737739563;4100.0;4109.990234375;4098.7;1;519.88
0.11999999731779099;4098.7;4108.259765625;4152.53;1;587.61
0.37599998712539673;4152.53;4123.8701171875;4135.5;1;1256.03
0.38199999928474426;4135.5;4123.93994140625;4138.9;1;501.27
0.3720000088214874;4138.9;4137.240234375;4151.7;1;123.16
0.36800000071525574;4151.7;4147.47998046875;4139.1;0;130.03
0.11599999666213989;4139.1;4145.240234375;4138.2;0;125.42
0.11400000005960464;4138.2;4146.43017578125;4135.42;0;85.66
0.12200000137090683;4135.42;4152.27001953125;4141.2;0;1012.08
0.12800000607967377;4141.2;4148.330078125;4136.2;0;1129.73
0.11599999666213989;4136.2;4145.85986328125;4138.0;0;242.62
0.164000004529953;4138.0;4151.47998046875;4135.0;0;151.75
0.17800000309944153;4135.0;4148.2099609375;4117.6;0;847.44
0.20600000023841858;4117.6;4141.4501953125;4106.5;0;2440.55
0.17399999499320984;4106.5;4139.77001953125;4055.1;1;1322.82
0.2240000069141388;4055.1;4111.490234375;4071.9;1;3610.08
0.1809999942779541;4071.9;4101.009765625;4073.6;1;1555.3
0.20000000298023224;4073.6;4082.6298828125;4085.0;1;1666.0
0.4830000102519989;4085.0;4072.179931640625;4086.4;1;253.01
0.4959999918937683;4086.4;4076.5;4088.6;1;561.43
0.49000000953674316;4088.6;4081.22998046875;4081.0;1;239.17
0.22699999809265137;4081.0;4088.760009765625;4080.0;0;1080.87
0.1889999955892563;4080.0;4083.3701171875;4079.5;0;375.02
0.21400000154972076;4079.5;4091.070068359375;4083.3;0;901.98
0.3540000021457672;4083.3;4080.929931640625;4115.6;0;346.75
0.3330000042915344;4115.6;4094.85009765625;4110.0;0;460.1
0.3610000014305115;4110.0;4103.5400390625;4109.0;0;570.53
0.35199999809265137;4109.0;4097.080078125;4110.0;0;557.47
0.3540000021457672;4110.0;4104.52001953125;4123.94;0;425.87
0.32100000977516174;4123.94;4104.72998046875;4130.4;0;213.46
0.3610000014305115;4130.4;4121.89990234375;3929.1;0;625.78
0.531000018119812;3929.1;4083.199951171875;3896.0;1;10036.55
0.0560000017285347;3896.0;4031.080078125;3885.6;1;2797.02
0.05000000074505806;3885.6;3937.679931640625;3865.5;1;1564.67
0.057999998331069946;3865.5;3931.8798828125;3871.5;1;2172.63
0.04699999839067459;3871.5;3874.469970703125;3880.6;1;519.02
0.14300000667572021;3880.6;3867.719970703125;3874.1;1;441.28
0.05299999937415123;3874.1;3874.6201171875;3869.6;1;1056.61
0.04399999976158142;3869.6;3886.159912109375;3869.9;1;547.55
0.03500000014901161;3869.9;3924.489990234375;3872.7;1;260.62
0.03799999877810478;3872.7;3919.239990234375;3721.4;0;524.06
0.1420000046491623;3721.4;3821.89990234375;3714.7;1;7253.22
0.06599999964237213;3714.7;3759.090087890625;3707.9;0;1194.79
0.0689999982714653;3707.9;3735.679931640625;3730.23;0;602.85
0.07699999958276749;3730.23;3758.47998046875;3717.01;0;1499.12
0.057999998331069946;3717.01;3765.9599609375;3719.8;0;467.2
0.164000004529953;3719.8;3716.909912109375;3712.8;0;264.12
0.1420000046491623;3712.8;3696.469970703125;3712.8;0;174.9
0.16300000250339508;3712.8;3708.10009765625;3729.8;0;302.01
0.0689999982714653;3729.8;3765.489990234375;3722.6;0;1012.25
0.07699999958276749;3722.6;3730.8798828125;3709.8;0;396.92
0.10300000011920929;3709.8;3713.77001953125;3716.3;0;283.12
0.09700000286102295;3716.3;3733.070068359375;3698.6;0;438.29
0.10499999672174454;3698.6;3701.820068359375;3711.51;0;454.86
0.12700000405311584;3711.51;3693.030029296875;3728.0;0;238.07
0.13300000131130219;3728.0;3702.840087890625;3735.0;0;707.39
0.09799999743700027;3735.0;3749.27001953125;3748.8;0;368.1
0.10499999672174454;3748.8;3763.610107421875;3730.3;0;1031.03
0.0820000022649765;3730.3;3771.31005859375;3726.3;0;432.68
0.08500000089406967;3726.3;3763.47998046875;3732.3;0;528.53
0.09700000286102295;3732.3;3746.550048828125;3729.1;0;320.37
0.21299999952316284;3729.1;3732.260009765625;3710.5;0;336.09
0.2070000022649765;3710.5;3723.35009765625;3729.1;1;562.91
0.21199999749660492;3729.1;3726.6298828125;3724.0;1;824.39
0.21299999952316284;3724.0;3724.3798828125;3730.9;1;276.18
0.20399999618530273;3730.9;3741.6201171875;3731.7;1;264.37
0.20000000298023224;3731.7;3745.989990234375;3729.0;1;186.18
0.18400000035762787;3729.0;3728.169921875;3734.9;1;239.94
0.16599999368190765;3734.9;3719.070068359375;3735.6;1;111.49
0.1679999977350235;3735.6;3715.93994140625;3723.9;1;239.32
0.18700000643730164;3723.9;3706.489990234375;3695.2;1;710.6
0.28999999165534973;3695.2;3686.280029296875;3714.8;1;441.48
0.37299999594688416;3714.8;3694.780029296875;3717.4;1;2539.54
0.30300000309944153;3717.4;3710.510009765625;3708.2;1;657.39
0.2720000147819519;3708.2;3709.02001953125;3713.84;1;436.84
0.2750000059604645;3713.84;3705.760009765625;3718.3;1;229.92
0.2759999930858612;3718.3;3716.43994140625;3711.3;0;194.47
0.2750000059604645;3711.3;3710.14990234375;3713.0;0;176.14
0.2709999978542328;3713.0;3709.60009765625;3694.9;0;128.01
0.2770000100135803;3694.9;3704.22998046875;3700.0;0;841.12
0.27399998903274536;3700.0;3697.830078125;3693.8;0;167.89
0.2529999911785126;3693.8;3693.300048828125;3696.53;0;598.57
0.24699999392032623;3696.53;3693.219970703125;3693.2;0;543.89
0.2639999985694885;3693.2;3690.10009765625;3688.5;0;818.81
0.22200000286102295;3688.5;3680.47998046875;3708.5;0;223.58
0.27900001406669617;3708.5;3687.679931640625;3705.8;0;1950.98
0.22499999403953552;3705.8;3695.5;3712.0;0;293.0
0.21199999749660492;3712.0;3703.14990234375;3707.95;0;85.39
0.2150000035762787;3707.95;3702.909912109375;3710.3;0;94.35
0.17299999296665192;3710.3;3710.780029296875;3714.9;0;335.98
0.2280000001192093;3714.9;3712.639892578125;3713.0;0;255.54
0.039000000804662704;3713.0;3717.02001953125;3714.4;0;82.63
0.039000000804662704;3714.4;3716.760009765625;3715.5;0;77.23
0.041999999433755875;3715.5;3713.820068359375;3712.3;0;61.5
0.03999999910593033;3712.3;3716.0400390625;3702.1;0;236.46
0.041999999433755875;3702.1;3712.8798828125;3702.0;0;539.59
0.03999999910593033;3702.0;3710.389892578125;3688.7;0;179.53
0.03999999910593033;3688.7;3697.68994140625;3681.0;1;291.47
0.03999999910593033;3681.0;3688.510009765625;3701.3;1;311.16
0.039000000804662704;3701.3;3687.27001953125;3706.8;0;144.13
0.039000000804662704;3706.8;3695.10009765625;3706.2;0;76.8
0.052000001072883606;3706.2;3704.43994140625;3699.5;0;75.28
0.11100000143051147;3699.5;3701.300048828125;3695.6;0;121.98
0.11599999666213989;3695.6;3698.510009765625;3696.6;0;550.92
0.10999999940395355;3696.6;3700.610107421875;3685.7;0;22.17
0.11599999666213989;3685.7;3689.6201171875;3701.5;0;535.41
0.05900000035762787;3701.5;3695.5;3699.0;0;421.29
0.05299999937415123;3699.0;3693.68994140625;3700.1;0;173.39
0.05000000074505806;3700.1;3695.68994140625;3706.1;0;40.81
0.06300000101327896;3706.1;3695.530029296875;3705.4;0;674.79
0.050999999046325684;3705.4;3700.030029296875;3685.9;0;108.41
0.21699999272823334;3685.9;3699.840087890625;3692.04;0;155.65
0.23000000417232513;3692.04;3695.139892578125;3583.2;0;338.71
0.24400000274181366;3583.2;3637.320068359375;3595.1;1;4224.17
0.1770000010728836;3595.1;3587.719970703125;3582.0;1;910.51
0.20399999618530273;3582.0;3610.659912109375;3583.1;1;247.4
0.21699999272823334;3583.1;3601.64990234375;3579.7;1;447.18
0.2280000001192093;3579.7;3581.239990234375;3595.45;1;213.8
0.16599999368190765;3595.45;3575.68994140625;3582.9;0;847.92
0.13099999725818634;3582.9;3554.18994140625;3591.0;0;219.94
0.15299999713897705;3591.0;3576.409912109375;3599.2;0;534.02
0.3610000014305115;3599.2;3604.820068359375;3600.4;0;695.82
0.28200000524520874;3600.4;3565.760009765625;3607.9;0;207.55
0.31700000166893005;3607.9;3599.31005859375;3608.6;0;550.6
0.3440000116825104;3608.6;3619.669921875;3614.25;0;100.81
0.33899998664855957;3614.25;3629.989990234375;3619.8;0;61.5
0.3610000014305115;3619.8;3623.429931640625;3627.0;0;580.04
0.28999999165534973;3627.0;3625.919921875;3623.9;0;149.54
0.30000001192092896;3623.9;3617.43994140625;3617.7;0;307.35
0.29499998688697815;3617.7;3615.969970703125;3624.2;0;226.72
0.3059999942779541;3624.2;3614.47998046875;3619.0;0;401.42
0.1340000033378601;3619.0;3619.580078125;3609.6;0;1209.55
0.11100000143051147;3609.6;3615.659912109375;3624.6;0;252.83
0.0689999982714653;3624.6;3612.030029296875;3620.6;0;214.18
0.07100000232458115;3620.6;3614.080078125;3622.01;0;238.44
0.07500000298023224;3622.01;3619.830078125;3764.1;1;290.71
0.18799999356269836;3764.1;3661.699951171875;3750.1;0;4337.53
0.11699999868869781;3750.1;3749.8798828125;3757.8;0;1220.28
0.07500000298023224;3757.8;3744.9599609375;3765.2;0;379.37
0.10899999737739563;3765.2;3776.989990234375;3769.0;0;329.62
0.0729999989271164;3769.0;3738.25;3751.3;0;506.89
0.289000004529953;3751.3;3768.9599609375;3751.1;0;1381.77
0.26100000739097595;3751.1;3761.530029296875;3745.6;0;402.55
0.16599999368190765;3745.6;3744.0;3749.3;0;402.82
0.15199999511241913;3749.3;3747.4599609375;3762.0;0;217.48
0.2540000081062317;3762.0;3777.449951171875;3759.6;0;234.55
0.2669999897480011;3759.6;3769.719970703125;3753.1;0;639.94
0.15299999713897705;3753.1;3737.300048828125;3750.7;1;174.05
0.1469999998807907;3750.7;3742.610107421875;3751.0;1;117.44
0.15000000596046448;3751.0;3739.760009765625;3741.9;1;152.7
0.164000004529953;3741.9;3705.81005859375;3738.6;1;221.62
0.13099999725818634;3738.6;3715.550048828125;3747.4;1;171.53
0.12399999797344208;3747.4;3738.889892578125;3744.4;1;101.6
0.15399999916553497;3744.4;3749.580078125;3719.5;1;230.0
0.14900000393390656;3719.5;3745.030029296875;3736.0;1;567.84
0.1599999964237213;3736.0;3739.159912109375;3737.7;1;511.48
0.16300000250339508;3737.7;3739.6298828125;3730.17;1;631.28
0.1550000011920929;3730.17;3736.550048828125;3750.0;1;346.29
0.14499999582767487;3750.0;3741.8701171875;3747.14;0;408.1
0.1289999932050705;3747.14;3744.639892578125;3723.4;0;198.58
0.17299999296665192;3723.4;3732.929931640625;3726.0;0;1404.19
0.24300000071525574;3726.0;3723.030029296875;3725.6;0;275.07
0.28299999237060547;3725.6;3729.010009765625;3706.17;0;540.87
0.3109999895095825;3706.17;3719.159912109375;3711.2;0;1786.59
0.25200000405311584;3711.2;3705.139892578125;3640.2;1;404.55
0.34299999475479126;3640.2;3667.860107421875;3644.4;1;2584.12
0.2770000100135803;3644.4;3658.360107421875;3651.1;1;512.56
0.2759999930858612;3651.1;3656.35009765625;3654.3;1;277.29
0.24500000476837158;3654.3;3635.4599609375;3658.2;1;314.5
0.24199999868869781;3658.2;3630.52001953125;3664.9;0;263.04
0.23199999332427979;3664.9;3625.18994140625;3664.7;0;132.11
0.1420000046491623;3664.7;3641.02001953125;3670.3;0;120.34
0.1589999943971634;3670.3;3667.02001953125;3673.0;0;299.81
0.13500000536441803;3673.0;3677.580078125;3677.3;0;599.42
0.15199999511241913;3677.3;3669.010009765625;3671.1;0;205.14
0.1509999930858612;3671.1;3666.389892578125;3651.4;0;172.78
0.14300000667572021;3651.4;3661.81005859375;3685.1;0;1336.58
0.16099999845027924;3685.1;3661.860107421875;3677.78;0;453.47
0.19300000369548798;3677.78;3669.780029296875;3687.0;0;830.55
0.15800000727176666;3687.0;3678.610107421875;3693.0;0;321.75
0.16500000655651093;3693.0;3683.6298828125;3714.6;0;444.95
0.23800000548362732;3714.6;3690.590087890625;3698.0;0;1387.15
0.17599999904632568;3698.0;3691.610107421875;3699.5;0;443.66
0.16300000250339508;3699.5;3697.75;3692.4;0;191.13
0.18400000035762787;3692.4;3708.300048828125;3682.4;0;465.13
0.18799999356269836;3682.4;3699.580078125;3691.83;0;724.54
0.18700000643730164;3691.83;3696.47998046875;3682.8;1;285.67
0.1899999976158142;3682.8;3695.2099609375;3671.4;1;685.08
0.18400000035762787;3671.4;3691.050048828125;3657.92;1;581.61
0.18199999630451202;3657.92;3674.139892578125;3676.81;1;389.86
0.2240000069141388;3676.81;3670.93994140625;3663.81;1;1113.37
0.3499999940395355;3663.81;3665.7099609375;3673.6;1;1151.83
0.3240000009536743;3673.6;3665.530029296875;3673.7;1;332.97
0.3070000112056732;3673.7;3659.830078125;3679.0;0;180.84
0.3100000023841858;3679.0;3662.989990234375;3633.5;0;201.51
0.32600000500679016;3633.5;3653.050048828125;3645.7;0;584.26
0.328000009059906;3645.7;3647.760009765625;3648.1;0;316.31
0.30000001192092896;3648.1;3639.699951171875;3648.8;0;119.29
0.29600000381469727;3648.8;3640.860107421875;3652.0;0;88.62
0.3240000009536743;3652.0;3654.669921875;3655.0;0;174.5
0.3199999928474426;3655.0;3664.72998046875;3660.7;0;159.28
0.3490000069141388;3660.7;3670.340087890625;3653.4;0;497.39
0.33899998664855957;3653.4;3667.75;3649.6;0;241.58
0.3720000088214874;3649.6;3651.97998046875;3654.8;0;1114.32
0.23100000619888306;3654.8;3648.030029296875;3644.0;0;117.23
0.33899998664855957;3644.0;3650.68994140625;3640.8;0;182.79
0.3409999907016754;3640.8;3644.909912109375;3651.8;0;247.47
0.2759999930858612;3651.8;3646.469970703125;3683.0;0;507.59
0.2980000078678131;3683.0;3665.469970703125;3672.8;0;648.61
0.3199999928474426;3672.8;3670.719970703125;3695.0;0;870.69
0.26899999380111694;3695.0;3683.419921875;3697.8;0;427.01
0.3109999895095825;3697.8;3706.699951171875;3690.98;0;1281.29
0.32899999618530273;3690.98;3687.909912109375;3700.2;0;468.7
0.34599998593330383;3700.2;3688.3701171875;3701.7;0;577.28
0.328000009059906;3701.7;3694.56005859375;3707.2;0;445.43
0.28999999165534973;3707.2;3700.10009765625;3722.5;0;111.8
0.4230000078678131;3722.5;3710.6201171875;3711.3;0;1184.44
0.28299999237060547;3711.3;3727.6298828125;3704.6;0;409.91
0.27900001406669617;3704.6;3717.449951171875;3709.6;0;217.66
0.2800000011920929;3709.6;3712.419921875;3705.4;1;135.03
0.27799999713897705;3705.4;3708.389892578125;3694.2;1;47.17
0.09700000286102295;3694.2;3701.360107421875;3698.0;1;160.23
0.12600000202655792;3698.0;3697.7099609375;3706.65;1;49.92
0.13099999725818634;3706.65;3699.699951171875;3702.7;1;113.48
0.0989999994635582;3702.7;3705.35009765625;3699.0;1;161.05
0.09600000083446503;3699.0;3706.360107421875;3704.3;1;120.75
0.12800000607967377;3704.3;3703.239990234375;3691.3;1;80.3
0.10000000149011612;3691.3;3699.919921875;3684.9;1;388.26
0.0989999994635582;3684.9;3691.739990234375;3673.28;1;301.66
0.10100000351667404;3673.28;3683.580078125;3669.9;1;536.31
0.10400000214576721;3669.9;3671.409912109375;3671.8;1;473.24
0.21699999272823334;3671.8;3669.429931640625;3698.6;0;142.61
0.24300000071525574;3698.6;3691.570068359375;3672.48;0;328.67
0.04800000041723251;3672.48;3690.949951171875;3658.36;0;417.45
0.050999999046325684;3658.36;3667.330078125;3663.1;0;619.64
0.2150000035762787;3663.1;3658.760009765625;3666.6;0;128.25
0.24400000274181366;3666.6;3659.340087890625;3671.1;0;339.02
0.22100000083446503;3671.1;3663.530029296875;3678.8;0;171.39
0.210999995470047;3678.8;3671.10009765625;3676.4;0;92.27
0.04699999839067459;3676.4;3679.0400390625;3675.7;0;139.9
0.04500000178813934;3675.7;3685.239990234375;3679.2;0;62.18
0.019999999552965164;3679.2;3690.239990234375;3690.8;0;160.11
0.14100000262260437;3690.8;3676.239990234375;3708.0;0;113.36
0.20900000631809235;3708.0;3685.89990234375;3706.12;0;627.34
0.14300000667572021;3706.12;3694.169921875;3706.58;0;138.32
0.13899999856948853;3706.58;3700.090087890625;3703.8;0;113.68
0.019999999552965164;3703.8;3705.860107421875;3697.0;0;128.69
0.01899999938905239;3697.0;3707.050048828125;3702.7;0;86.95
0.13600000739097595;3702.7;3701.830078125;3707.4;0;91.86
0.1469999998807907;3707.4;3699.5;3711.9;0;178.8
0.14399999380111694;3711.9;3709.860107421875;3825.6;0;159.12
0.5189999938011169;3825.6;3788.1201171875;3808.9;0;4958.41
0.09799999743700027;3808.9;3831.639892578125;3808.7;0;1171.57
0.08699999749660492;3808.7;3828.56005859375;3796.1;0;339.65
0.09399999678134918;3796.1;3825.0400390625;3788.8;1;1012.47
0.09700000286102295;3788.8;3792.389892578125;3789.3;1;721.15
0.09099999815225601;3789.3;3784.6201171875;3793.1;1;363.54
0.07900000363588333;3793.1;3786.419921875;3796.2;1;181.06
0.07800000160932541;3796.2;3789.719970703125;3778.8;1;162.21
0.08900000154972076;3778.8;3808.550048828125;3781.5;1;732.27
0.08900000154972076;3781.5;3783.780029296875;3780.0;1;237.33
0.17100000381469727;3780.0;3775.389892578125;3777.8;1;232.09
0.16899999976158142;3777.8;3768.39990234375;3773.1;1;206.99
0.17599999904632568;3773.1;3764.389892578125;3762.3;1;282.71
0.16500000655651093;3762.3;3759.6201171875;3768.1;1;176.89
0.1720000058412552;3768.1;3758.52001953125;3782.1;1;234.98
0.32499998807907104;3782.1;3773.47998046875;3776.2;1;1297.73
0.16099999845027924;3776.2;3770.02001953125;3775.0;1;138.18
0.164000004529953;3775.0;3762.4599609375;3772.1;1;155.24
0.1550000011920929;3772.1;3764.3798828125;3767.1;1;77.86
0.07900000363588333;3767.1;3775.010009765625;3766.8;1;65.44
0.04699999839067459;3766.8;3776.93994140625;3766.2;0;216.33
0.04600000008940697;3766.2;3773.909912109375;3767.2;0;62.04
0.09399999678134918;3767.2;3759.5;3770.2;0;72.4
0.10000000149011612;3770.2;3762.300048828125;3768.9;0;173.35
0.04800000041723251;3768.9;3771.389892578125;3650.6;0;135.44
0.1589999943971634;3650.6;3686.7099609375;3579.8;1;5146.38
0.18700000643730164;3579.8;3598.56005859375;3590.3;1;5474.34
0.1420000046491623;3590.3;3575.1201171875;3588.7;1;691.65
0.10599999874830246;3588.7;3568.949951171875;3584.7;1;251.52
0.04500000178813934;3584.7;3610.820068359375;3585.8;1;460.52
0.04500000178813934;3585.8;3613.090087890625;3577.7;1;800.49
0.0689999982714653;3577.7;3580.800048828125;3571.5;0;1400.45
0.05400000140070915;3571.5;3598.47998046875;3566.11;0;1163.42
0.03999999910593033;3566.11;3617.909912109375;3585.0;0;793.71
0.04600000008940697;3585.0;3587.93994140625;3588.1;0;649.78
0.035999998450279236;3588.1;3604.0400390625;3589.0;0;294.42
0.050999999046325684;3589.0;3572.659912109375;3586.1;0;253.78
0.035999998450279236;3586.1;3589.7099609375;3587.88;0;189.28
0.03400000184774399;3587.88;3607.280029296875;3587.9;0;250.66
0.03200000151991844;3587.9;3603.300048828125;3591.4;0;74.41
0.07599999755620956;3591.4;3596.719970703125;3583.5;0;178.05
0.09200000017881393;3583.5;3584.8701171875;3575.1;0;504.44
0.11999999731779099;3575.1;3567.97998046875;3582.6;0;947.09
0.04899999871850014;3582.6;3572.0400390625;3584.5;0;126.82
0.05700000002980232;3584.5;3578.9599609375;3581.3;0;277.5
0.09700000286102295;3581.3;3582.5400390625;3573.6;0;595.61
0.08900000154972076;3573.6;3577.580078125;3573.2;0;435.91
0.10400000214576721;3573.2;3575.6298828125;3575.9;0;706.93
0.09600000083446503;3575.9;3576.219970703125;3592.7;0;586.91
0.06300000101327896;3592.7;3584.39990234375;3589.57;0;372.73
0.11699999868869781;3589.57;3590.219970703125;3593.23;0;211.8
0.17900000512599945;3593.23;3593.81005859375;3577.8;0;724.19
0.1599999964237213;3577.8;3583.389892578125;3588.5;1;509.36
0.03200000151991844;3588.5;3584.239990234375;3592.9;0;337.27
0.0430000014603138;3592.9;3583.60009765625;3586.6;0;569.65
0.1509999930858612;3586.6;3588.68994140625;3585.5;0;480.18
0.210999995470047;3585.5;3588.02001953125;3586.1;0;987.64
0.11400000005960464;3586.1;3588.580078125;3588.3;0;156.51
0.1120000034570694;3588.3;3589.14990234375;3570.1;0;161.72
0.03700000047683716;3570.1;3566.719970703125;3574.41;1;454.97
0.03999999910593033;3574.41;3566.169921875;3580.9;1;885.26
0.01600000075995922;3580.9;3575.570068359375;3588.3;1;185.51
0.014999999664723873;3588.3;3583.14990234375;3590.7;1;147.79
0.017999999225139618;3590.7;3588.090087890625;3589.9;1;320.73
0.125;3589.9;3593.909912109375;3588.6;1;320.66
0.09799999743700027;3588.6;3591.2099609375;3582.1;1;95.72
0.10999999940395355;3582.1;3591.419921875;3583.2;1;126.34
0.10499999672174454;3583.2;3587.010009765625;3564.4;1;147.0
0.1720000058412552;3564.4;3580.27001953125;3570.4;1;613.01
0.019999999552965164;3570.4;3566.820068359375;3580.93;1;426.07
0.004000000189989805;3580.93;3578.18994140625;3568.4;0;158.19
0.007000000216066837;3568.4;3579.43994140625;3572.2;0;112.57
0.009999999776482582;3572.2;3575.39990234375;3588.9;0;536.64
0.36000001430511475;3588.9;3582.43994140625;3615.2;0;3630.21
0.05299999937415123;3615.2;3597.570068359375;3609.9;0;2090.54
0.009999999776482582;3609.9;3608.93994140625;3630.0;0;925.36
0.014999999664723873;3630.0;3617.35009765625;3644.6;0;1167.56
0.008999999612569809;3644.6;3642.280029296875;3647.1;0;830.35
0.02800000086426735;3647.1;3647.860107421875;3652.4;0;1436.14
0.010999999940395355;3652.4;3660.35009765625;3657.8;0;536.63
0.18700000643730164;3657.8;3657.89990234375;3647.9;0;299.44
0.21199999749660492;3647.9;3650.93994140625;3653.1;0;649.71
0.10499999672174454;3653.1;3652.469970703125;3635.6;0;267.02
0.25600001215934753;3635.6;3638.2900390625;3641.7;0;1196.58
0.12600000202655792;3641.7;3628.219970703125;3639.1;1;714.31
0.09600000083446503;3639.1;3626.10009765625;3638.6;1;86.23
0.10599999874830246;3638.6;3631.550048828125;3643.5;1;316.36
0.09700000286102295;3643.5;3628.9599609375;3658.75;1;111.27
0.1379999965429306;3658.75;3643.93994140625;3652.7;1;940.26
0.10100000351667404;3652.7;3652.64990234375;3639.0;1;190.19
0.1340000033378601;3639.0;3651.320068359375;3641.5;1;504.19
0.1289999932050705;3641.5;3647.8798828125;3646.0;1;145.28
0.13099999725818634;3646.0;3649.8798828125;3631.7;1;179.22
0.12999999523162842;3631.7;3638.0;3638.4;1;175.96
0.13699999451637268;3638.4;3640.669921875;3630.7;1;500.28
0.12999999523162842;3630.7;3633.739990234375;3640.7;1;107.37
0.19099999964237213;3640.7;3636.06005859375;3649.0;0;106.03
0.20100000500679016;3649.0;3638.510009765625;3641.9;0;305.07
0.1940000057220459;3641.9;3639.7900390625;3664.0;0;129.58
0.21899999678134918;3664.0;3646.6298828125;3640.0;0;678.5
0.17100000381469727;3640.0;3648.10009765625;3620.91;0;770.5
0.1550000011920929;3620.91;3643.239990234375;3639.4;0;175.69
0.16300000250339508;3639.4;3641.340087890625;3638.0;0;199.7
0.23100000619888306;3638.0;3634.570068359375;3638.8;0;203.5
0.2280000001192093;3638.8;3637.639892578125;3605.5;0;143.28
0.16099999845027924;3605.5;3630.010009765625;3602.6;1;470.59
0.17100000381469727;3602.6;3612.39990234375;3607.2;1;791.72
0.24400000274181366;3607.2;3602.239990234375;3618.1;1;404.0
0.23600000143051147;3618.1;3609.0;3620.8;0;301.52
0.22300000488758087;3620.8;3615.929931640625;3623.0;0;96.56
0.17100000381469727;3623.0;3639.080078125;3606.56;0;93.1
0.17299999296665192;3606.56;3616.0;3610.0;0;82.88
0.17900000512599945;3610.0;3614.77001953125;3592.0;0;375.69
0.17900000512599945;3592.0;3608.639892578125;3600.0;0;546.71
0.17599999904632568;3600.0;3602.10009765625;3591.7;0;135.52
0.22699999809265137;3591.7;3589.010009765625;3596.5;0;164.4
0.24199999868869781;3596.5;3591.989990234375;3604.7;0;404.42
0.22499999403953552;3604.7;3596.39990234375;3605.3;0;157.48
0.23600000143051147;3605.3;3600.320068359375;3606.9;0;316.2
0.22699999809265137;3606.9;3599.090087890625;3607.2;0;187.88
0.11500000208616257;3607.2;3600.919921875;3631.53;0;158.85
0.2150000035762787;3631.53;3620.169921875;3642.6;0;1914.0
0.1289999932050705;3642.6;3627.419921875;3633.2;0;474.3
0.11999999731779099;3633.2;3630.219970703125;3637.4;0;259.73
0.12099999934434891;3637.4;3637.1201171875;3633.9;0;271.08
0.11999999731779099;3633.9;3648.669921875;3633.8;0;197.0
0.11999999731779099;3633.8;3643.77001953125;3624.0;0;117.76
0.11999999731779099;3624.0;3634.110107421875;3633.0;0;122.06
0.12099999934434891;3633.0;3637.72998046875;3656.8;0;125.14
0.14800000190734863;3656.8;3635.919921875;3649.5;0;851.09
0.2280000001192093;3649.5;3637.449951171875;3646.3;0;312.25
0.21199999749660492;3646.3;3637.510009765625;3640.08;0;88.36
0.22300000488758087;3640.08;3629.949951171875;3652.71;1;246.81
0.2199999988079071;3652.71;3645.97998046875;3652.7;1;222.0
0.210999995470047;3652.7;3647.800048828125;3660.6;1;88.22
0.21199999749660492;3660.6;3654.300048828125;3649.9;1;100.44
0.3400000035762787;3649.9;3656.02001953125;3647.0;1;171.19
0.2070000022649765;3647.0;3646.22998046875;3646.5;1;49.11
0.33899998664855957;3646.5;3649.909912109375;3640.61;1;112.78
0.34200000762939453;3640.61;3660.699951171875;3634.0;1;293.94
0.17499999701976776;3634.0;3649.669921875;3632.94;1;411.19
0.17800000309944153;3632.94;3633.610107421875;3611.41;1;454.12
0.19200000166893005;3611.41;3617.159912109375;3624.4;1;1225.81
0.12999999523162842;3624.4;3621.330078125;3610.8;1;442.34
0.17399999499320984;3610.8;3619.830078125;3605.9;0;328.32
0.18400000035762787;3605.9;3616.330078125;3614.3;1;835.35
0.17599999904632568;3614.3;3616.830078125;3611.46;0;323.99
0.17499999701976776;3611.46;3613.760009765625;3620.9;0;266.85
0.12399999797344208;3620.9;3619.389892578125;3625.2;0;300.77
0.17800000309944153;3625.2;3627.699951171875;3617.2;0;458.83
0.3610000014305115;3617.2;3624.699951171875;3619.9;0;234.09
0.3610000014305115;3619.9;3623.6298828125;3606.7;0;209.72
0.3630000054836273;3606.7;3619.469970703125;3613.0;0;340.59
0.3580000102519989;3613.0;3621.489990234375;3619.9;0;106.87
0.2759999930858612;3619.9;3615.10009765625;3625.5;0;59.84
0.3630000054836273;3625.5;3626.52001953125;3632.5;0;277.01
0.2840000092983246;3632.5;3629.070068359375;3628.9;0;189.51
0.2750000059604645;3628.9;3626.75;3625.4;0;66.23
0.27399998903274536;3625.4;3625.280029296875;3629.1;0;59.21
0.27900001406669617;3629.1;3628.820068359375;3643.9;0;129.88
0.07599999755620956;3643.9;3640.1298828125;3642.9;0;214.41
0.07800000160932541;3642.9;3640.35009765625;3640.9;0;270.28
0.10899999737739563;3640.9;3646.409912109375;3644.5;0;28.33
0.07100000232458115;3644.5;3643.75;3650.0;0;63.62
0.09300000220537186;3650.0;3636.929931640625;3705.7;0;692.5
0.1940000057220459;3705.7;3654.389892578125;3685.7;0;3044.81
0.20200000703334808;3685.7;3685.409912109375;3678.2;0;2645.75
0.11400000005960464;3678.2;3683.2900390625;3679.0;1;398.73
0.07500000298023224;3679.0;3675.10009765625;3668.8;1;184.85
0.11100000143051147;3668.8;3679.0400390625;3658.98;1;242.26
0.18199999630451202;3658.98;3668.1201171875;3655.0;1;321.2
0.18000000715255737;3655.0;3655.780029296875;3659.3;1;203.15
0.2370000034570694;3659.3;3638.260009765625;3632.9;1;693.0
0.2370000034570694;3632.9;3627.0;3641.5;1;783.97
0.3050000071525574;3641.5;3640.570068359375;3640.3;1;1341.85
0.18000000715255737;3640.3;3644.409912109375;3643.2;1;229.68
0.1770000010728836;3643.2;3652.639892578125;3636.76;1;80.69
0.18000000715255737;3636.76;3653.590087890625;3634.1;1;241.66
0.1770000010728836;3634.1;3647.35009765625;3636.0;1;120.21
0.17599999904632568;3636.0;3640.5400390625;3645.4;1;67.26
0.15600000321865082;3645.4;3664.139892578125;3631.2;0;97.53
0.16099999845027924;3631.2;3646.469970703125;3629.9;0;319.04
0.17599999904632568;3629.9;3633.409912109375;3635.0;0;931.0
0.19699999690055847;3635.0;3630.449951171875;3638.13;0;137.14
0.20800000429153442;3638.13;3633.780029296875;3641.9;0;238.56
0.19599999487400055;3641.9;3637.81005859375;3628.9;0;121.72
0.1599999964237213;3628.9;3638.820068359375;3626.0;0;226.57
0.15600000321865082;3626.0;3635.050048828125;3625.1;0;74.75
0.15600000321865082;3625.1;3629.280029296875;3624.1;0;43.46
0.16200000047683716;3624.1;3631.320068359375;3629.6;0;312.56
0.07100000232458115;3629.6;3635.18994140625;3604.95;0;100.25
0.07900000363588333;3604.95;3626.080078125;3594.1;0;843.4
0.07999999821186066;3594.1;3612.9599609375;3596.7;1;875.7
0.07400000095367432;3596.7;3603.530029296875;3597.1;1;359.13
0.0729999989271164;3597.1;3597.489990234375;3594.8;1;153.76
0.11400000005960464;3594.8;3601.7900390625;3599.92;0;2014.6
0.11699999868869781;3599.92;3611.469970703125;3608.94;0;2069.84
0.21699999272823334;3608.94;3600.330078125;3613.9;0;422.96
0.1809999942779541;3613.9;3603.110107421875;3616.1;0;128.01
0.1809999942779541;3616.1;3610.1298828125;3611.3;0;182.33
0.10400000214576721;3611.3;3609.570068359375;3620.23;0;200.06
0.10400000214576721;3620.23;3613.47998046875;3623.6;0;189.55
0.10199999809265137;3623.6;3622.860107421875;3604.4;0;175.29
0.15399999916553497;3604.4;3611.77001953125;3600.0;0;1239.39
0.10599999874830246;3600.0;3594.280029296875;3597.1;0;226.86
0.09799999743700027;3597.1;3591.969970703125;3592.4;0;102.26
0.10300000011920929;3592.4;3588.77001953125;3570.1;0;175.02
0.09099999815225601;3570.1;3582.5;3569.75;0;294.91
0.10000000149011612;3569.75;3577.6201171875;3532.6;0;499.84
0.1809999942779541;3532.6;3545.2099609375;3527.6;1;1457.35
0.37400001287460327;3527.6;3520.830078125;3491.5;1;942.86
0.12200000137090683;3491.5;3502.4599609375;3502.6;1;2191.93
0.43299999833106995;3502.6;3498.85009765625;3512.6;1;1465.4
0.34599998593330383;3512.6;3500.14990234375;3488.7;1;654.79
0.07199999690055847;3488.7;3516.8701171875;3507.91;1;517.3
0.07800000160932541;3507.91;3535.14990234375;3501.91;0;874.52
0.07199999690055847;3501.91;3505.159912109375;3485.5;0;261.78
0.07599999755620956;3485.5;3493.639892578125;3490.0;0;618.61
0.07500000298023224;3490.0;3499.75;3490.8;0;529.46
0.07800000160932541;3490.8;3509.3701171875;3491.8;0;846.82
0.19699999690055847;3491.8;3505.070068359375;3488.9;0;310.64
0.5080000162124634;3488.9;3491.239990234375;3483.3;0;2561.97
0.23899999260902405;3483.3;3486.919921875;3487.5;0;820.49
0.593999981880188;3487.5;3485.389892578125;3489.1;0;495.37
0.5630000233650208;3489.1;3483.8701171875;3489.7;0;212.39
0.5550000071525574;3489.7;3484.72998046875;3491.0;0;173.39
0.16599999368190765;3491.0;3493.610107421875;3491.2;0;176.82
0.5550000071525574;3491.2;3486.10009765625;3502.6;0;171.68
0.5720000267028809;3502.6;3494.219970703125;3501.1;0;195.53
0.5509999990463257;3501.1;3500.239990234375;3505.3;0;229.11
0.024000000208616257;3505.3;3508.169921875;3492.1;0;322.17
0.023000000044703484;3492.1;3499.929931640625;3491.0;0;301.76
0.023000000044703484;3491.0;3491.719970703125;3475.66;1;155.57
0.023000000044703484;3475.66;3479.639892578125;3472.8;1;194.84
0.07100000232458115;3472.8;3465.800048828125;3456.1;1;212.46
0.02500000037252903;3456.1;3459.7900390625;3451.16;1;495.37
0.1120000034570694;3451.16;3442.090087890625;3430.1;1;909.64
0.16699999570846558;3430.1;3428.320068359375;3446.7;1;1569.94
0.08299999684095383;3446.7;3441.139892578125;3460.0;1;454.62
0.08799999952316284;3460.0;3440.969970703125;3454.9;0;518.8
0.050999999046325684;3454.9;3455.070068359375;3450.0;0;238.01
0.20800000429153442;3450.0;3445.409912109375;3457.8;0;130.36
0.2460000067949295;3457.8;3443.330078125;3474.0;0;412.13
0.27000001072883606;3474.0;3457.300048828125;3482.95;0;580.44
0.21799999475479126;3482.95;3476.72998046875;3479.1;0;227.88
0.05000000074505806;3479.1;3486.159912109375;3476.6;0;217.43
0.052000001072883606;3476.6;3484.9599609375;3476.0;0;403.96
0.2840000092983246;3476.0;3472.510009765625;3472.2;0;790.45
0.21799999475479126;3472.2;3463.860107421875;3485.5;0;212.9
0.24500000476837158;3485.5;3464.6201171875;3484.3;0;374.82
0.07000000029802322;3484.3;3471.070068359375;3483.2;0;487.55
0.012000000104308128;3483.2;3484.85009765625;3478.12;0;236.55
0.012000000104308128;3478.12;3478.280029296875;3477.9;0;296.49
0.012000000104308128;3477.9;3481.030029296875;3463.0;0;252.06
0.017999999225139618;3463.0;3469.739990234375;3467.3;1;1878.57
0.05999999865889549;3467.3;3464.139892578125;3486.1;1;255.96
0.10700000077486038;3486.1;3478.6298828125;3492.68;1;1154.9
0.08500000089406967;3492.68;3480.010009765625;3499.44;1;783.06
0.07400000095367432;3499.44;3497.419921875;3509.7;1;589.26
0.06700000166893005;3509.7;3503.389892578125;3498.1;0;418.03
0.017000000923871994;3498.1;3510.169921875;3498.1;0;315.09
0.017000000923871994;3498.1;3514.820068359375;3503.4;0;331.2
0.10100000351667404;3503.4;3495.800048828125;3500.0;0;297.05
0.017000000923871994;3500.0;3500.340087890625;3510.7;0;168.91
0.10199999809265137;3510.7;3506.300048828125;3503.4;0;309.93
0.017999999225139618;3503.4;3509.199951171875;3531.2;0;410.31
0.21199999749660492;3531.2;3512.5;3525.6;0;1558.96
0.11900000274181366;3525.6;3517.800048828125;3528.0;0;574.51
0.10899999737739563;3528.0;3522.739990234375;3534.3;0;419.27
0.017999999225139618;3534.3;3536.219970703125;3530.2;0;266.5
0.18700000643730164;3530.2;3535.22998046875;3534.5;0;230.35
0.1860000044107437;3534.5;3539.6298828125;3538.9;1;186.57
0.1899999976158142;3538.9;3539.22998046875;3532.58;1;329.25
0.19200000166893005;3532.58;3535.669921875;3527.2;1;418.88
0.18799999356269836;3527.2;3536.35009765625;3524.9;1;345.2
0.1850000023841858;3524.9;3530.8701171875;3535.0;1;145.05
0.27399998903274536;3535.0;3527.47998046875;3529.6;1;168.91
0.2980000078678131;3529.6;3528.3701171875;3561.4;1;463.75
0.3479999899864197;3561.4;3539.6298828125;3551.0;1;983.22
0.2840000092983246;3551.0;3543.929931640625;3552.2;0;286.82
0.18000000715255737;3552.2;3553.02001953125;3548.78;0;378.13
0.17399999499320984;3548.78;3555.389892578125;3542.6;1;193.4
0.17399999499320984;3542.6;3549.530029296875;3546.0;1;172.57
0.17399999499320984;3546.0;3551.14990234375;3549.9;1;169.43
0.2409999966621399;3549.9;3549.510009765625;3551.8;1;167.26
0.1770000010728836;3551.8;3553.679931640625;3515.0;1;283.66
0.1899999976158142;3515.0;3525.530029296875;3507.4;1;1000.88
0.18799999356269836;3507.4;3509.860107421875;3497.3;1;803.06
0.18000000715255737;3497.3;3500.050048828125;3498.9;1;396.83
0.18000000715255737;3498.9;3500.219970703125;3500.1;1;384.72
0.0560000017285347;3500.1;3505.909912109375;3507.0;1;445.38
0.11900000274181366;3507.0;3491.050048828125;3491.8;1;169.56
0.05400000140070915;3491.8;3505.27001953125;3501.7;1;402.99
0.05299999937415123;3501.7;3512.1298828125;3492.4;0;233.59
0.052000001072883606;3492.4;3511.110107421875;3495.6;0;211.55
0.05400000140070915;3495.6;3514.219970703125;3488.3;0;437.65
0.050999999046325684;3488.3;3508.35009765625;3501.8;0;185.77
0.1289999932050705;3501.8;3492.659912109375;3510.0;0;344.57
0.12700000405311584;3510.0;3500.050048828125;3502.7;0;318.68
0.1120000034570694;3502.7;3497.919921875;3510.5;0;82.88
0.3630000054836273;3510.5;3502.77001953125;3503.8;0;146.99
0.23800000548362732;3503.8;3508.580078125;3496.0;0;285.74
0.2639999985694885;3496.0;3502.64990234375;3476.0;0;1360.82
0.25099998712539673;3476.0;3487.739990234375;3480.6;0;871.88
0.23800000548362732;3480.6;3484.39990234375;3480.9;0;273.33
0.35199999809265137;3480.9;3474.81005859375;3478.3;0;43.18
0.35199999809265137;3478.3;3474.02001953125;3480.2;0;51.17
0.36399999260902405;3480.2;3469.77001953125;3484.73;0;141.16
0.35899999737739563;3484.73;3483.27001953125;3470.8;0;148.24
0.25200000405311584;3470.8;3493.5;3490.1;1;943.26
0.20100000500679016;3490.1;3494.669921875;3485.8;0;348.09
0.20000000298023224;3485.8;3492.800048828125;3494.3;0;289.22
0.29100000858306885;3494.3;3492.739990234375;3513.3;0;198.82
0.21299999952316284;3513.3;3515.31005859375;3518.0;0;882.38
0.3319999873638153;3518.0;3516.110107421875;3529.3;0;634.19
0.2879999876022339;3529.3;3527.340087890625;3527.3;0;163.27
0.1979999989271164;3527.3;3529.93994140625;3521.3;0;203.48
0.28999999165534973;3521.3;3520.510009765625;3514.5;0;189.11
0.20200000703334808;3514.5;3520.050048828125;3522.2;0;364.42
0.29600000381469727;3522.2;3513.110107421875;3535.0;0;204.7
0.19099999964237213;3535.0;3522.60009765625;3541.8;0;238.16
0.29499998688697815;3541.8;3522.429931640625;3542.7;0;1384.25
0.1889999955892563;3542.7;3535.5;3545.95;0;252.1
0.210999995470047;3545.95;3546.860107421875;3540.92;0;225.05
0.18299999833106995;3540.92;3539.97998046875;3534.9;1;229.9
0.18700000643730164;3534.9;3533.31005859375;3529.9;1;278.82
0.2160000056028366;3529.9;3532.25;3525.46;1;323.48
0.20900000631809235;3525.46;3529.739990234375;3529.9;1;136.35
0.20900000631809235;3529.9;3534.22998046875;3530.27;1;127.55
0.17800000309944153;3530.27;3525.6201171875;3528.3;1;132.59
0.017000000923871994;3528.3;3526.68994140625;3519.4;1;67.05
0.023000000044703484;3519.4;3524.800048828125;3507.3;1;399.49
0.04100000113248825;3507.3;3510.7900390625;3512.8;1;1576.25
0.019999999552965164;3512.8;3510.800048828125;3506.7;1;244.26
0.017999999225139618;3506.7;3504.840087890625;3523.9;1;102.78
0.01899999938905239;3523.9;3516.659912109375;3523.9;0;186.6
0.017999999225139618;3523.9;3520.280029296875;3531.8;0;143.74
0.01899999938905239;3531.8;3529.820068359375;3530.0;0;190.41
0.02199999988079071;3530.0;3539.9599609375;3523.0;0;209.34
0.019999999552965164;3523.0;3531.1201171875;3517.21;0;80.0
0.07500000298023224;3517.21;3524.39990234375;3509.9;0;906.11
0.05999999865889549;3509.9;3519.89990234375;3510.68;0;239.34
0.06300000101327896;3510.68;3515.4599609375;3517.9;0;428.35
0.10499999672174454;3517.9;3512.18994140625;3519.9;0;309.75
0.09700000286102295;3519.9;3514.02001953125;3528.6;0;130.7
0.17000000178813934;3528.6;3516.409912109375;3525.0;0;1267.94
0.10000000149011612;3525.0;3517.199951171875;3524.0;0;174.59
0.0949999988079071;3524.0;3523.889892578125;3512.9;0;101.01
0.09300000220537186;3512.9;3521.919921875;3564.2;1;1530.68
0.2029999941587448;3564.2;3542.919921875;3552.1;0;1604.6
0.335999995470047;3552.1;3548.52001953125;3542.0;0;765.78
0.30000001192092896;3542.0;3550.659912109375;3539.0;0;140.36
0.30399999022483826;3539.0;3546.360107421875;3536.69;0;236.67
0.296999990940094;3536.69;3543.800048828125;3533.2;0;79.09
0.2879999876022339;3533.2;3530.489990234375;3535.6;1;190.84
0.29899999499320984;3535.6;3546.820068359375;3524.18;1;85.71
0.3109999895095825;3524.18;3541.77001953125;3515.0;1;255.18
0.3059999942779541;3515.0;3532.889892578125;3502.8;1;140.08
0.3310000002384186;3502.8;3512.300048828125;3503.8;1;847.57
0.30000001192092896;3503.8;3507.659912109375;3513.2;1;196.02
0.2619999945163727;3513.2;3508.860107421875;3510.1;0;276.61
0.24500000476837158;3510.1;3506.4599609375;3505.8;1;69.63
0.19099999964237213;3505.8;3507.22998046875;3511.9;1;167.68
0.2029999941587448;3511.9;3520.3701171875;3507.5;1;390.49
0.19200000166893005;3507.5;3509.75;3506.6;1;187.37
0.20600000023841858;3506.6;3518.080078125;3510.2;0;442.51
0.1940000057220459;3510.2;3519.659912109375;3504.7;0;175.4
0.19200000166893005;3504.7;3505.219970703125;3504.72;0;197.57
0.1860000044107437;3504.72;3504.81005859375;3490.05;0;54.87
0.2150000035762787;3490.05;3504.719970703125;3489.4;0;649.71
0.03799999877810478;3489.4;3493.280029296875;3475.8;0;293.58
0.041999999433755875;3475.8;3485.860107421875;3487.1;0;518.59
0.1080000028014183;3487.1;3475.550048828125;3501.74;0;237.8
0.18700000643730164;3501.74;3482.780029296875;3506.22;0;1205.77
0.09700000286102295;3506.22;3495.2900390625;3504.3;0;81.68
0.11100000143051147;3504.3;3504.199951171875;3493.1;0;354.63
0.04399999976158142;3493.1;3493.77001953125;3495.78;0;736.49
0.10700000077486038;3495.78;3495.320068359375;3496.9;0;298.39
0.09399999678134918;3496.9;3495.449951171875;3495.76;0;63.78
0.03400000184774399;3495.76;3497.340087890625;3499.5;0;57.87
0.18299999833106995;3499.5;3496.219970703125;3498.9;0;124.04
0.1860000044107437;3498.9;3497.7900390625;3500.6;0;175.07
0.23499999940395355;3500.6;3495.080078125;3487.4;0;754.81
0.1289999932050705;3487.4;3488.570068359375;3485.3;0;355.76
0.12300000339746475;3485.3;3486.949951171875;3477.4;0;154.78
0.13300000131130219;3477.4;3483.93994140625;3486.3;0;420.0
0.18400000035762787;3486.3;3485.0;3486.0;0;145.92
0.12300000339746475;3486.0;3491.840087890625;3486.62;0;114.18
0.12700000405311584;3486.62;3487.81005859375;3493.6;0;271.13
0.1850000023841858;3493.6;3489.679931640625;3494.11;0;149.08
0.257999986410141;3494.11;3488.429931640625;3494.0;0;156.09
0.2549999952316284;3494.0;3488.68994140625;3499.9;0;122.13
0.2540000081062317;3499.9;3494.110107421875;3501.9;0;112.94
0.2540000081062317;3501.9;3499.469970703125;3503.1;0;135.26
0.25;3503.1;3502.1201171875;3502.1;0;90.82
0.2540000081062317;3502.1;3494.090087890625;3490.5;0;91.12
0.2639999985694885;3490.5;3490.530029296875;3490.47;0;166.75
0.25;3490.47;3487.7099609375;3487.3;0;87.14
0.25200000405311584;3487.3;3482.81005859375;3478.7;0;92.83
0.2590000033378601;3478.7;3472.8701171875;3489.5;0;171.24
0.2460000067949295;3489.5;3482.719970703125;3494.8;0;436.39
0.2160000056028366;3494.8;3487.340087890625;3498.7;0;98.43
0.2160000056028366;3498.7;3490.530029296875;3496.7;0;94.18
0.21299999952316284;3496.7;3494.739990234375;3497.6;0;93.64
0.21299999952316284;3497.6;3495.75;3496.4;0;91.53
0.2280000001192093;3496.4;3500.780029296875;3497.0;0;134.96
0.2280000001192093;3497.0;3502.81005859375;3512.84;0;102.84
0.23999999463558197;3512.84;3508.8701171875;3505.4;0;391.59
0.23399999737739563;3505.4;3513.260009765625;3502.22;0;224.16
0.2240000069141388;3502.22;3504.050048828125;3502.94;0;60.94
0.2199999988079071;3502.94;3507.8798828125;3505.2;0;196.06
0.21699999272823334;3505.2;3510.070068359375;3501.0;0;146.64
0.21899999678134918;3501.0;3507.050048828125;3500.8;0;172.66
0.2280000001192093;3500.8;3502.989990234375;3500.8;0;403.81
0.21400000154972076;3500.8;3502.159912109375;3502.48;0;113.77
0.1850000023841858;3502.48;3501.169921875;3506.6;0;133.12
0.20100000500679016;3506.6;3503.669921875;3507.7;0;317.87
0.1850000023841858;3507.7;3505.3798828125;3505.2;0;126.97
0.23399999737739563;3505.2;3505.360107421875;3507.2;1;558.88
0.18400000035762787;3507.2;3506.969970703125;3507.4;1;126.16
0.04500000178813934;3507.4;3506.8701171875;3513.0;1;49.27
0.050999999046325684;3513.0;3507.760009765625;3500.6;0;252.71
0.04699999839067459;3500.6;3507.320068359375;3460.7;1;527.72
0.2549999952316284;3460.7;3493.840087890625;3455.0;1;3496.17
0.041999999433755875;3455.0;3464.52001953125;3455.9;1;208.02
0.04899999871850014;3455.9;3441.300048828125;3445.9;1;142.45
0.052000001072883606;3445.9;3435.0;3448.96;1;242.1
0.050999999046325684;3448.96;3445.610107421875;3452.7;1;239.76
0.03999999910593033;3452.7;3462.9599609375;3457.3;0;125.24
0.03999999910593033;3457.3;3459.570068359375;3449.1;0;188.89
0.08699999749660492;3449.1;3461.840087890625;3448.71;0;162.54
0.08399999886751175;3448.71;3449.780029296875;3442.7;0;115.0
0.1080000028014183;3442.7;3464.330078125;3436.7;0;873.32
0.08900000154972076;3436.7;3457.139892578125;3445.7;0;168.03
0.0860000029206276;3445.7;3448.330078125;3441.5;0;195.77
0.08500000089406967;3441.5;3444.52001953125;3441.77;0;140.87
0.2029999941587448;3441.77;3439.320068359375;3453.4;0;125.11
0.25200000405311584;3453.4;3440.0;3444.99;0;543.72
0.33000001311302185;3444.99;3439.31005859375;3441.6;0;1394.38
0.12999999523162842;3441.6;3442.260009765625;3444.8;0;1737.95
0.38199999928474426;3444.8;3443.25;3439.23;0;1396.87
0.1289999932050705;3439.23;3443.840087890625;3444.6;0;245.59
0.2709999978542328;3444.6;3441.570068359375;3449.0;0;85.17
0.28200000524520874;3449.0;3446.139892578125;3451.0;0;190.12
0.30000001192092896;3451.0;3443.860107421875;3451.9;0;320.09
0.27799999713897705;3451.9;3447.840087890625;3448.2;0;137.07
0.27000001072883606;3448.2;3447.570068359375;3450.46;0;96.43
0.2720000147819519;3450.46;3447.47998046875;3452.54;1;91.01
0.2709999978542328;3452.54;3451.18994140625;3450.86;1;102.28
0.12300000339746475;3450.86;3452.260009765625;3451.7;1;86.31
0.057999998331069946;3451.7;3451.0;3452.9;1;76.02
0.05900000035762787;3452.9;3449.469970703125;3445.6;0;54.85
0.026000000536441803;3445.6;3447.3701171875;3447.1;1;356.92
0.024000000208616257;3447.1;3447.360107421875;3449.6;1;100.48
0.023000000044703484;3449.6;3449.739990234375;3454.7;0;56.93
0.05900000035762787;3454.7;3452.18994140625;3461.5;0;66.07
0.07500000298023224;3461.5;3456.050048828125;3454.52;0;444.58
0.02500000037252903;3454.52;3458.639892578125;3445.1;0;200.13
0.026000000536441803;3445.1;3453.3701171875;3452.2;1;270.75
0.024000000208616257;3452.2;3453.139892578125;3451.2;0;154.37
0.17499999701976776;3451.2;3456.77001953125;3448.8;0;132.21
0.18199999630451202;3448.8;3455.72998046875;3446.5;0;314.57
0.17800000309944153;3446.5;3452.219970703125;3442.0;0;220.32
0.210999995470047;3442.0;3447.3701171875;3440.9;0;1161.32
0.17100000381469727;3440.9;3442.52001953125;3438.61;0;79.81
0.28200000524520874;3438.61;3437.909912109375;3438.4;0;115.08
0.17100000381469727;3438.4;3440.3798828125;3435.1;0;73.48
0.18199999630451202;3435.1;3439.419921875;3439.99;0;370.56
0.17000000178813934;3439.99;3440.280029296875;3438.4;0;60.26
0.1720000058412552;3438.4;3439.5400390625;3437.57;0;128.14
0.04399999976158142;3437.57;3441.389892578125;3440.0;0;189.52
0.04399999976158142;3440.0;3441.419921875;3443.6;0;231.25
0.1979999989271164;3443.6;3441.239990234375;3448.0;0;641.12
0.16099999845027924;3448.0;3442.60009765625;3448.5;0;158.86
0.15399999916553497;3448.5;3447.199951171875;3457.1;0;111.26
0.2280000001192093;3457.1;3447.550048828125;3457.07;0;941.56
0.16300000250339508;3457.07;3453.919921875;3447.5;0;203.89
0.0430000014603138;3447.5;3447.780029296875;3465.4;0;208.01
0.22499999403953552;3465.4;3457.64990234375;3484.8;0;921.59
0.4099999964237213;3484.8;3469.760009765625;3491.7;0;2688.2
0.31299999356269836;3491.7;3489.72998046875;3491.04;0;2022.09
0.21400000154972076;3491.04;3490.3701171875;3502.8;0;389.21
0.23399999737739563;3502.8;3492.52001953125;3502.1;0;608.51
0.22300000488758087;3502.1;3486.820068359375;3513.0;0;331.87
0.2329999953508377;3513.0;3496.64990234375;3575.3;0;498.67
0.593999981880188;3575.3;3528.0;3760.9;0;5394.79
0.7120000123977661;3760.9;3696.489990234375;3742.6;0;7258.8
0.15700000524520874;3742.6;3753.10009765625;3720.0;1;1934.85
0.13500000536441803;3720.0;3731.360107421875;3736.9;1;1149.74
0.11400000005960464;3736.9;3747.389892578125;3726.0;1;352.27
0.125;3726.0;3748.5;3693.5;1;558.46
0.17800000309944153;3693.5;3776.77001953125;3691.0;1;1280.68
0.1420000046491623;3691.0;3756.8798828125;3724.0;1;464.49
0.12200000137090683;3724.0;3727.830078125;3720.0;1;687.13
0.11400000005960464;3720.0;3729.449951171875;3714.3;1;274.78
0.11500000208616257;3714.3;3727.909912109375;3707.9;1;259.13
0.11299999803304672;3707.9;3724.8798828125;3704.9;1;97.87
0.11100000143051147;3704.9;3715.659912109375;3712.37;1;100.38
0.11500000208616257;3712.37;3729.679931640625;3709.9;1;206.21
0.11500000208616257;3709.9;3737.610107421875;3708.8;1;49.51
0.17299999296665192;3708.8;3726.780029296875;3719.4;1;74.75
0.1679999977350235;3719.4;3722.659912109375;3719.4;1;176.84
0.1889999955892563;3719.4;3713.93994140625;3719.4;1;0.0
0.19499999284744263;3719.4;3701.6298828125;3724.9;0;0.0
0.17000000178813934;3724.9;3733.969970703125;3731.9;0;130.71
0.2199999988079071;3731.9;3701.4599609375;3719.9;0;344.46
0.21799999475479126;3719.9;3703.260009765625;3722.6;0;537.73
0.17499999701976776;3722.6;3723.929931640625;3721.3;0;456.98
0.17299999296665192;3721.3;3721.580078125;3701.1;0;388.64
0.19200000166893005;3701.1;3706.719970703125;3699.3;1;921.92
0.20399999618530273;3699.3;3711.93994140625;3696.9;1;812.49
0.19300000369548798;3696.9;3710.679931640625;3698.9;1;443.44
0.1940000057220459;3698.9;3695.889892578125;3704.0;1;61.13
0.2029999941587448;3704.0;3695.35009765625;3706.7;1;165.25
0.1770000010728836;3706.7;3715.89990234375;3716.8;1;80.31
0.18700000643730164;3716.8;3735.5400390625;3715.4;1;137.55
0.19300000369548798;3715.4;3723.02001953125;3718.3;1;630.59
0.19599999487400055;3718.3;3714.0;3710.0;1;84.4
0.20499999821186066;3710.0;3707.68994140625;3709.9;1;296.06
0.17599999904632568;3709.9;3715.969970703125;3710.0;1;148.84
0.17599999904632568;3710.0;3718.7900390625;3707.4;1;92.18
0.17399999499320984;3707.4;3713.2900390625;3710.0;1;108.28
0.17100000381469727;3710.0;3713.820068359375;3708.8;0;57.49
0.18400000035762787;3708.8;3716.580078125;3691.3;0;375.26
0.19900000095367432;3691.3;3701.75;3687.2;1;764.77
0.1860000044107437;3687.2;3693.969970703125;3693.4;1;483.3
0.17299999296665192;3693.4;3694.780029296875;3692.9;1;175.14
0.20600000023841858;3692.9;3690.949951171875;3695.9;1;84.58
0.20499999821186066;3695.9;3694.830078125;3689.9;1;95.78
0.2160000056028366;3689.9;3687.8701171875;3683.6;1;392.51
0.08900000154972076;3683.6;3681.0;3686.11;1;170.0
0.09300000220537186;3686.11;3680.929931640625;3669.2;1;266.99
0.0560000017285347;3669.2;3674.8701171875;3691.1;1;921.74
0.13300000131130219;3691.1;3684.3798828125;3709.0;1;1467.32
0.09799999743700027;3709.0;3700.56005859375;3689.7;0;402.67
0.10100000351667404;3689.7;3685.669921875;3694.8;0;584.37
0.09000000357627869;3694.8;3686.239990234375;3692.0;0;89.49
0.09000000357627869;3692.0;3685.8798828125;3691.8;0;116.54
0.09000000357627869;3691.8;3687.669921875;3694.58;0;172.99
0.09000000357627869;3694.58;3691.719970703125;3718.7;0;179.51
0.27799999713897705;3718.7;3706.239990234375;3747.7;0;1119.06
0.289000004529953;3747.7;3737.77001953125;3708.3;0;1410.95
0.23499999940395355;3708.3;3715.6298828125;3700.3;0;1593.13
0.19900000095367432;3700.3;3719.050048828125;3704.4;0;238.41
0.2280000001192093;3704.4;3699.889892578125;3694.3;0;195.03
0.2290000021457672;3694.3;3687.780029296875;3697.5;1;175.06
0.18799999356269836;3697.5;3697.75;3681.9;1;288.56
0.21199999749660492;3681.9;3692.949951171875;3694.2;1;822.87
0.18799999356269836;3694.2;3696.89990234375;3698.0;1;215.28
0.22100000083446503;3698.0;3696.800048828125;3687.6;1;105.83
0.2759999930858612;3687.6;3690.010009765625;3689.0;1;198.01
0.335999995470047;3689.0;3684.68994140625;3685.1;1;149.6
0.33799999952316284;3685.1;3679.14990234375;3684.0;1;156.92
0.3400000035762787;3684.0;3680.929931640625;3692.6;1;262.27
0.34700000286102295;3692.6;3686.699951171875;3693.5;0;350.57
0.3540000021457672;3693.5;3687.280029296875;3700.3;0;486.42
0.33500000834465027;3700.3;3694.739990234375;3696.3;0;111.58
0.3400000035762787;3696.3;3690.6298828125;3683.0;0;198.83
0.2800000011920929;3683.0;3683.919921875;3688.6;0;355.65
0.35100001096725464;3688.6;3680.60009765625;3692.7;0;379.15
0.20499999821186066;3692.7;3687.010009765625;3698.3;0;172.7
0.21899999678134918;3698.3;3690.820068359375;3694.4;0;443.21
0.20100000500679016;3694.4;3692.070068359375;3683.0;0;141.62
0.21299999952316284;3683.0;3680.39990234375;3689.2;0;405.27
0.20399999618530273;3689.2;3684.889892578125;3681.08;0;160.73
0.20399999618530273;3681.08;3675.10009765625;3663.9;0;141.3
0.18199999630451202;3663.9;3673.699951171875;3660.9;1;1465.77
0.1420000046491623;3660.9;3666.530029296875;3658.8;1;139.93
0.20600000023841858;3658.8;3650.0400390625;3671.0;1;119.93
0.20499999821186066;3671.0;3666.60009765625;3677.1;0;203.12
0.2590000033378601;3677.1;3676.1298828125;3676.7;0;66.63
0.17399999499320984;3676.7;3682.139892578125;3675.6;0;183.56
0.17299999296665192;3675.6;3680.22998046875;3679.0;0;174.72
0.17599999904632568;3679.0;3688.699951171875;3664.5;0;173.78
0.18000000715255737;3664.5;3677.949951171875;3670.0;0;267.07
0.18199999630451202;3670.0;3681.360107421875;3673.0;0;359.55
0.19099999964237213;3673.0;3674.89990234375;3673.0;0;896.07
0.2759999930858612;3673.0;3672.25;3686.8;0;439.55
0.289000004529953;3686.8;3677.409912109375;3685.2;0;529.05
0.29899999499320984;3685.2;3681.110107421875;3681.6;0;850.39
0.04800000041723251;3681.6;3684.110107421875;3676.0;0;326.49
0.0560000017285347;3676.0;3676.93994140625;3671.8;0;1034.6
0.050999999046325684;3671.8;3676.169921875;3686.0;0;571.36
0.04800000041723251;3686.0;3689.14990234375;3702.7;0;351.21
0.17100000381469727;3702.7;3696.610107421875;3702.3;0;1379.88
0.04800000041723251;3702.3;3706.360107421875;3713.0;0;307.5
0.12600000202655792;3713.0;3705.6201171875;3684.8;0;203.97
0.05299999937415123;3684.8;3696.830078125;3687.2;0;590.36
0.11999999731779099;3687.2;3684.280029296875;3694.2;1;128.71
0.125;3694.2;3688.860107421875;3702.7;1;221.85
0.3070000112056732;3702.7;3701.580078125;3701.9;1;106.13
0.3109999895095825;3701.9;3700.030029296875;3706.5;0;193.6
0.31299999356269836;3706.5;3699.360107421875;3705.0;0;150.5
0.31200000643730164;3705.0;3704.110107421875;3695.98;0;236.05
0.3149999976158142;3695.98;3693.3798828125;3706.5;0;275.07
0.33399999141693115;3706.5;3683.780029296875;3706.81;0;328.9
0.3440000116825104;3706.81;3706.139892578125;3700.1;0;1073.02
0.2770000100135803;3700.1;3703.419921875;3685.0;1;299.5
0.3149999976158142;3685.0;3681.3798828125;3685.0;1;274.25
0.32100000977516174;3685.0;3676.52001953125;3681.9;1;321.59
0.22100000083446503;3681.9;3677.679931640625;3666.8;1;364.85
0.2930000126361847;3666.8;3674.070068359375;3673.9;1;3839.14
0.21400000154972076;3673.9;3677.550048828125;3669.0;1;1235.61
0.19099999964237213;3669.0;3674.669921875;3667.8;1;332.14
0.18799999356269836;3667.8;3672.820068359375;3652.9;1;221.49
0.20600000023841858;3652.9;3670.18994140625;3662.5;1;616.95
0.18799999356269836;3662.5;3667.669921875;3662.0;0;222.36
0.1889999955892563;3662.0;3663.8798828125;3675.0;0;339.71
0.21799999475479126;3675.0;3665.050048828125;3653.2;0;160.33
0.19300000369548798;3653.2;3665.530029296875;3655.1;0;262.93
0.28200000524520874;3655.1;3658.5400390625;3658.2;0;276.6
0.3059999942779541;3658.2;3653.449951171875;3661.8;0;186.46
0.30399999022483826;3661.8;3659.669921875;3666.1;0;188.19
0.3089999854564667;3666.1;3658.760009765625;3679.4;0;231.22
0.3070000112056732;3679.4;3675.580078125;3674.7;0;244.26
0.2800000011920929;3674.7;3676.639892578125;3669.5;0;226.53
0.2800000011920929;3669.5;3677.31005859375;3665.0;0;110.43
0.2809999883174896;3665.0;3672.330078125;3675.8;0;152.38
0.3140000104904175;3675.8;3668.989990234375;3669.2;0;426.48
0.289000004529953;3669.2;3675.5400390625;3675.0;0;467.52
0.1889999955892563;3675.0;3678.360107421875;3664.0;0;51.78
0.20000000298023224;3664.0;3670.1298828125;3662.4;0;445.23
0.19099999964237213;3662.4;3663.199951171875;3669.7;0;199.17
0.2240000069141388;3669.7;3669.1298828125;3659.9;0;311.19
0.19300000369548798;3659.9;3661.590087890625;3653.9;1;261.46
0.20100000500679016;3653.9;3657.85009765625;3655.0;1;533.15
0.19499999284744263;3655.0;3658.68994140625;3658.6;1;306.17
0.1940000057220459;3658.6;3660.8798828125;3659.0;1;295.57
0.1899999976158142;3659.0;3660.06005859375;3666.0;0;141.56
0.22300000488758087;3666.0;3662.760009765625;3666.28;0;220.8
0.17000000178813934;3666.28;3661.35009765625;3670.4;0;483.85
0.164000004529953;3670.4;3667.260009765625;3674.6;0;283.09
0.16599999368190765;3674.6;3674.010009765625;3674.2;0;436.93
0.0989999994635582;3674.2;3675.68994140625;3666.0;0;162.21
0.10000000149011612;3666.0;3673.10009765625;3669.8;0;72.8
0.12099999934434891;3669.8;3673.39990234375;3656.6;0;1269.06
0.10499999672174454;3656.6;3665.85009765625;3656.7;0;292.69
0.10100000351667404;3656.7;3665.030029296875;3658.35;0;83.93
0.0989999994635582;3658.35;3662.27001953125;3665.1;0;79.8
0.16099999845027924;3665.1;3658.909912109375;3666.0;0;102.12
0.08100000023841858;3666.0;3660.919921875;3677.71;0;69.18
0.08399999886751175;3677.71;3669.6298828125;3682.8;0;147.22
0.09600000083446503;3682.8;3674.25;3680.0;0;689.98
0.08699999749660492;3680.0;3671.919921875;3681.2;0;286.58
0.0820000022649765;3681.2;3678.010009765625;3677.68;0;166.97
0.08399999886751175;3677.68;3676.7099609375;3675.8;0;293.6
0.08399999886751175;3675.8;3670.4599609375;3670.4;0;217.82
0.10599999874830246;3670.4;3663.56005859375;3678.7;1;1095.14
0.08299999684095383;3678.7;3670.72998046875;3671.6;0;116.01
0.035999998450279236;3671.6;3677.56005859375;3680.6;0;349.52
0.06599999964237213;3680.6;3686.6298828125;3685.0;0;107.64
0.06800000369548798;3685.0;3691.550048828125;3656.2;0;260.13
0.09399999678134918;3656.2;3670.669921875;3654.6;1;1672.69
0.0729999989271164;3654.6;3661.820068359375;3663.2;1;565.82
0.06800000369548798;3663.2;3666.2099609375;3664.2;1;310.35
0.09600000083446503;3664.2;3663.219970703125;3672.8;1;90.91
0.10100000351667404;3672.8;3659.739990234375;3661.3;0;73.87
0.10199999809265137;3661.3;3651.18994140625;3665.4;1;195.56
0.1080000028014183;3665.4;3654.330078125;3667.1;1;477.69
0.10000000149011612;3667.1;3661.570068359375;3663.9;0;230.4
0.16500000655651093;3663.9;3656.139892578125;3670.1;0;78.68
0.16099999845027924;3670.1;3668.320068359375;3682.4;0;85.29
0.22599999606609344;3682.4;3673.14990234375;3681.0;0;1971.07
0.16699999570846558;3681.0;3673.830078125;3685.26;0;182.71
0.1679999977350235;3685.26;3674.340087890625;3693.9;0;122.7
0.16699999570846558;3693.9;3685.840087890625;3691.0;0;173.57
0.164000004529953;3691.0;3689.3798828125;3689.2;0;182.22
0.16300000250339508;3689.2;3685.9599609375;3687.5;0;119.73
0.14100000262260437;3687.5;3688.469970703125;3693.2;0;178.66
0.16500000655651093;3693.2;3687.8701171875;3695.9;0;159.5
0.07699999958276749;3695.9;3688.5400390625;3695.7;0;140.94
0.0729999989271164;3695.7;3695.699951171875;3693.56;0;74.09
0.05900000035762787;3693.56;3694.320068359375;3694.3;0;104.23
0.05900000035762787;3694.3;3696.449951171875;3689.8;1;41.01
0.06300000101327896;3689.8;3691.179931640625;3704.4;1;359.15
0.07999999821186066;3704.4;3699.919921875;3712.3;1;372.12
0.07900000363588333;3712.3;3710.159912109375;3705.9;1;365.31
0.05999999865889549;3705.9;3707.820068359375;3701.8;1;172.42
0.0820000022649765;3701.8;3699.429931640625;3697.3;1;570.65
0.07500000298023224;3697.3;3696.219970703125;3694.1;1;129.12
0.08399999886751175;3694.1;3690.300048828125;3702.6;1;30.85
0.0860000029206276;3702.6;3693.760009765625;3708.53;1;66.76
0.08699999749660492;3708.53;3698.510009765625;3700.7;0;62.66
0.09300000220537186;3700.7;3676.760009765625;3692.9;1;53.04
0.08699999749660492;3692.9;3681.699951171875;3676.45;1;26.01
0.12600000202655792;3676.45;3684.389892578125;3680.8;1;1622.25
0.10400000214576721;3680.8;3692.239990234375;3687.5;1;575.71
0.09700000286102295;3687.5;3700.989990234375;3691.9;1;139.93
0.09300000220537186;3691.9;3698.93994140625;3692.7;0;89.84
0.09200000017881393;3692.7;3699.929931640625;3706.5;0;55.49
0.2669999897480011;3706.5;3700.580078125;3706.1;0;623.68
0.2549999952316284;3706.1;3702.2900390625;3703.6;0;158.99
0.27300000190734863;3703.6;3708.0;3705.1;0;160.39
0.2720000147819519;3705.1;3712.739990234375;3703.4;0;48.42
0.2720000147819519;3703.4;3708.4599609375;3709.2;0;102.1
0.2680000066757202;3709.2;3710.389892578125;3703.4;0;67.34
0.34599998593330383;3703.4;3705.510009765625;3691.4;0;4840.26
0.2840000092983246;3691.4;3693.199951171875;3680.0;0;707.35
0.2919999957084656;3680.0;3691.110107421875;3680.0;0;727.98
0.2549999952316284;3680.0;3679.260009765625;3683.9;0;286.11
0.12200000137090683;3683.9;3676.02001953125;3678.48;1;634.49
0.11100000143051147;3678.48;3674.9599609375;3677.1;1;275.26
0.12200000137090683;3677.1;3670.110107421875;3683.1;1;661.84
0.13099999725818634;3683.1;3666.780029296875;3674.6;1;294.42
0.1340000033378601;3674.6;3663.840087890625;3678.4;1;1008.1
0.10999999940395355;3678.4;3675.969970703125;3678.8;1;263.38
0.0430000014603138;3678.8;3681.239990234375;3689.79;1;116.66
0.1120000034570694;3689.79;3688.760009765625;3710.0;0;557.97
0.11999999731779099;3710.0;3704.760009765625;3735.3;0;725.75
0.13699999451637268;3735.3;3717.18994140625;3776.3;0;552.96
0.29600000381469727;3776.3;3741.56005859375;3756.5;0;2491.22
0.26100000739097595;3756.5;3744.1298828125;3793.6;0;3175.48
0.23999999463558197;3793.6;3765.02001953125;3813.0;0;1079.71
0.2150000035762787;3813.0;3810.050048828125;3793.1;0;2091.44
0.17100000381469727;3793.1;3810.18994140625;3796.8;0;743.04
0.19200000166893005;3796.8;3785.8701171875;3815.6;0;301.87
0.2409999966621399;3815.6;3781.080078125;3805.6;0;821.57
0.22200000286102295;3805.6;3788.9599609375;3808.2;0;1285.17
0.22699999809265137;3808.2;3779.7099609375;3825.0;1;577.36
0.2070000022649765;3825.0;3806.199951171875;3800.1;1;442.85
0.30000001192092896;3800.1;3787.6298828125;3821.0;1;1002.46
0.29899999499320984;3821.0;3809.18994140625;3852.0;1;1029.43
0.30300000309944153;3852.0;3836.800048828125;3905.0;1;932.7
0.41100001335144043;3905.0;3885.489990234375;3900.2;1;3282.05
0.24799999594688416;3900.2;3914.14990234375;3915.0;1;2598.86
0.23899999260902405;3915.0;3930.60009765625;3961.6;1;999.35
0.7440000176429749;3961.6;3897.919921875;3972.3;1;7433.68
0.4449999928474426;3972.3;3939.31005859375;3986.1;1;3008.45
0.22499999403953552;3986.1;3989.93994140625;3972.9;1;959.45
0.23499999940395355;3972.9;3988.080078125;3966.9;1;451.8
0.24300000071525574;3966.9;3956.669921875;3961.9;0;607.8
0.23100000619888306;3961.9;3954.8798828125;3972.0;0;207.64
0.2370000034570694;3972.0;3974.0;3978.1;0;807.92
0.23199999332427979;3978.1;3977.760009765625;4029.0;0;799.45
0.3240000009536743;4029.0;4009.25;3967.2;0;5653.61
0.27799999713897705;3967.2;3993.8701171875;3951.08;1;1400.44
0.23199999332427979;3951.08;3955.419921875;3963.9;1;386.64
0.24300000071525574;3963.9;3965.800048828125;3973.0;1;1131.49
0.25200000405311584;3973.0;3988.93994140625;3970.8;1;347.65
0.2840000092983246;3970.8;4010.93994140625;3981.4;1;353.2
0.38999998569488525;3981.4;3989.5400390625;3992.95;1;209.76
0.29499998688697815;3992.95;3973.5;3992.3;1;594.22
0.2680000066757202;3992.3;3981.639892578125;3968.2;1;327.47
0.40700000524520874;3968.2;3977.239990234375;3980.2;1;1186.88
0.39800000190734863;3980.2;3988.409912109375;3984.6;1;646.65
0.37599998712539673;3984.6;3986.719970703125;3997.4;1;210.42
0.2709999978542328;3997.4;3988.02001953125;4062.8;0;550.33
0.40299999713897705;4062.8;4009.06005859375;4036.1;0;2279.05
0.2980000078678131;4036.1;4034.18994140625;4056.9;0;2083.62
0.26899999380111694;4056.9;4050.72998046875;4039.2;0;708.83
0.7409999966621399;4039.2;4039.5;4038.6;0;1348.36
0.7739999890327454;4038.6;4057.52001953125;4030.1;0;801.58
0.781000018119812;4030.1;4054.949951171875;4050.1;1;252.26
0.44600000977516174;4050.1;4045.239990234375;4024.2;1;596.71
0.49399998784065247;4024.2;4011.719970703125;3984.7;1;1235.99
0.46000000834465027;3984.7;3978.570068359375;4006.3;1;904.53
0.5260000228881836;4006.3;3978.989990234375;3989.9;1;401.58
0.4180000126361847;3989.9;3988.97998046875;3977.6;1;284.92
0.7730000019073486;3977.6;3995.6298828125;3995.3;1;1020.68
0.4490000009536743;3995.3;3991.070068359375;4004.0;1;880.54
0.5630000233650208;4004.0;3997.260009765625;4002.1;1;611.31
0.5770000219345093;4002.1;3992.39990234375;3990.2;1;505.26
0.5460000038146973;3990.2;3987.169921875;3995.3;1;822.07
0.6190000176429749;3995.3;3970.22998046875;3995.9;1;271.18
0.5600000023841858;3995.9;3989.760009765625;4002.1;0;223.35
0.5460000038146973;4002.1;3998.89990234375;4031.3;0;366.68
0.5929999947547913;4031.3;4018.050048828125;4024.0;0;484.25
0.5789999961853027;4024.0;4013.8798828125;4051.5;0;475.54
0.6069999933242798;4051.5;4024.659912109375;4037.2;0;1604.11
0.5820000171661377;4037.2;4026.35009765625;4054.1;0;373.36
0.20399999618530273;4054.1;4045.719970703125;4021.0;0;356.36
0.3310000002384186;4021.0;4027.030029296875;4022.9;0;1732.45
0.21799999475479126;4022.9;4011.340087890625;4017.4;0;636.42
0.1940000057220459;4017.4;4013.60009765625;4030.0;0;324.49
0.2199999988079071;4030.0;4016.52001953125;4020.6;0;458.17
0.3149999976158142;4020.6;4031.659912109375;4028.0;1;206.16
0.2980000078678131;4028.0;4031.4599609375;4025.6;1;500.3
0.1850000023841858;4025.6;4025.570068359375;4039.1;1;189.44
0.3059999942779541;4039.1;4044.679931640625;4025.6;1;577.69
0.37400001287460327;4025.6;4050.0400390625;4034.6;1;367.72
0.2919999957084656;4034.6;4043.760009765625;4055.0;1;94.5
0.29499998688697815;4055.0;4046.889892578125;4035.9;1;2109.88
0.2759999930858612;4035.9;4038.239990234375;4023.0;1;864.62
0.2750000059604645;4023.0;4025.419921875;4026.5;1;781.01
0.27000001072883606;4026.5;4028.429931640625;4049.32;0;516.41
0.31200000643730164;4049.32;4028.52001953125;4035.0;0;148.82
0.257999986410141;4035.0;4027.760009765625;4064.0;0;244.82
0.4099999964237213;4064.0;4026.169921875;4036.5;0;1015.28
0.3479999899864197;4036.5;4024.35009765625;4042.4;0;3767.14
0.27000001072883606;4042.4;4033.179931640625;4022.8;0;477.15
0.5839999914169312;4022.8;4030.0400390625;3994.6;0;485.69
0.5659999847412109;3994.6;3998.64990234375;4002.6;1;2041.41
0.5649999976158142;4002.6;4002.93994140625;3998.3;1;624.12
0.5759999752044678;3998.3;4002.389892578125;3993.8;1;350.44
0.5329999923706055;3993.8;3990.31005859375;4016.4;1;221.54
0.6079999804496765;4016.4;3995.409912109375;4007.6;0;318.58
0.5920000076293945;4007.6;3993.1201171875;4003.7;0;237.33
0.578000009059906;4003.7;4008.3798828125;3991.04;0;360.06
0.5889999866485596;3991.04;4000.820068359375;3999.5;0;653.85
0.5830000042915344;3999.5;4006.159912109375;3989.1;0;291.09
0.2930000126361847;3989.1;4004.449951171875;3996.3;0;102.69
0.2619999945163727;3996.3;4000.56005859375;3996.0;0;119.42
0.27399998903274536;3996.0;4003.989990234375;4006.8;0;184.67
0.3140000104904175;4006.8;4002.010009765625;3993.1;0;108.32
0.27399998903274536;3993.1;4001.510009765625;4008.8;0;133.42
0.25699999928474426;4008.8;4009.35009765625;4010.5;0;394.53
0.2709999978542328;4010.5;4016.760009765625;4015.3;0;382.62
0.32600000500679016;4015.3;4009.389892578125;4025.9;0;450.97
0.35499998927116394;4025.9;4015.909912109375;4020.1;0;796.31
0.32499998807907104;4020.1;4013.830078125;4025.6;0;270.05
0.28299999237060547;4025.6;4022.64990234375;4023.0;0;179.84
0.2770000100135803;4023.0;4024.949951171875;4015.1;0;91.83
0.289000004529953;4015.1;4020.7099609375;4002.6;0;165.9
0.3009999990463257;4002.6;4010.610107421875;4044.0;1;761.75
0.3540000021457672;4044.0;4035.56005859375;4039.0;0;2785.12
0.3050000071525574;4039.0;4049.070068359375;4040.0;0;685.36
0.3089999854564667;4040.0;4053.030029296875;4036.3;0;278.37
0.296999990940094;4036.3;4041.75;4039.9;0;1108.74
0.30799999833106995;4039.9;4035.659912109375;4063.8;0;1281.89
0.29499998688697815;4063.8;4060.43994140625;4057.2;0;782.87
0.125;4057.2;4062.10009765625;4043.9;0;328.34
0.17299999296665192;4043.9;4063.840087890625;4044.4;1;1151.91
0.12999999523162842;4044.4;4052.31005859375;4053.1;1;217.09
0.15399999916553497;4053.1;4043.1298828125;4056.2;0;663.73
0.14300000667572021;4056.2;4049.199951171875;4055.3;0;431.9
0.13500000536441803;4055.3;4050.409912109375;4043.95;0;163.71
0.12999999523162842;4043.95;4042.760009765625;4055.0;1;333.89
0.164000004529953;4055.0;4038.219970703125;4062.4;0;153.16
0.1420000046491623;4062.4;4054.8701171875;4058.3;0;232.26
0.11699999868869781;4058.3;4059.010009765625;4052.1;0;311.63
0.20499999821186066;4052.1;4057.97998046875;4063.67;1;210.7
0.17000000178813934;4063.67;4060.679931640625;4057.8;0;139.1
0.19200000166893005;4057.8;4059.639892578125;4054.5;0;87.04
0.2029999941587448;4054.5;4059.080078125;4031.57;1;327.56
0.21199999749660492;4031.57;4040.3701171875;4036.1;1;408.73
0.20000000298023224;4036.1;4038.800048828125;4032.8;1;658.69
0.17399999499320984;4032.8;4027.47998046875;4034.4;1;72.8
0.19699999690055847;4034.4;4037.679931640625;4025.0;1;192.8
0.22499999403953552;4025.0;4040.659912109375;4040.8;1;185.18
0.20900000631809235;4040.8;4047.6201171875;4049.6;0;905.8
0.32199999690055847;4049.6;4051.06005859375;4044.7;0;159.91
0.19300000369548798;4044.7;4044.56005859375;4041.3;0;272.52
0.3709999918937683;4041.3;4053.360107421875;4034.9;0;4008.21
0.367000013589859;4034.9;4047.860107421875;4036.0;0;133.7
0.3540000021457672;4036.0;4046.179931640625;4026.2;0;207.51
0.3720000088214874;4026.2;4040.25;4062.7;0;499.22
0.2809999883174896;4062.7;4045.85009765625;4189.4;0;1603.57
0.49000000953674316;4189.4;4106.5;4185.7;0;4899.93
0.3330000042915344;4185.7;4166.68017578125;4196.3;0;3236.71
0.2980000078678131;4196.3;4172.10009765625;4246.9;0;669.37
0.2029999941587448;4246.9;4197.60986328125;4213.6;0;1660.37
0.09799999743700027;4213.6;4194.77978515625;4222.4;0;363.2
0.12399999797344208;4222.4;4224.1201171875;4212.2;0;183.98
0.2669999897480011;4212.2;4258.64013671875;4230.3;0;182.3
0.09799999743700027;4230.3;4211.18017578125;4239.0;0;296.96
0.2460000067949295;4239.0;4178.9599609375;4257.9;1;1064.16
0.125;4257.9;4228.9599609375;4258.5;1;832.5
0.09600000083446503;4258.5;4249.31005859375;4244.3;1;1619.86
0.10100000351667404;4244.3;4236.43994140625;4254.6;1;2185.19
0.07699999958276749;4254.6;4251.580078125;4255.0;1;593.47
0.31299999356269836;4255.0;4265.77001953125;4253.8;1;364.48
0.1289999932050705;4253.8;4253.14990234375;4225.5;1;221.39
0.3569999933242798;4225.5;4242.419921875;4226.6;1;578.62
0.33399999141693115;4226.6;4238.81982421875;4229.8;1;1970.62
0.31299999356269836;4229.8;4239.35986328125;4220.0;1;705.05
0.3199999928474426;4220.0;4231.83984375;4194.6;1;369.75
0.36500000953674316;4194.6;4211.77001953125;4173.8;1;1216.39
0.328000009059906;4173.8;4186.3701171875;3870.5;1;456.73
0.7170000076293945;3870.5;4001.969970703125;3880.0;1;11421.41
0.5389999747276306;3880.0;3968.360107421875;3856.1;1;3389.9
0.2529999911785126;3856.1;3820.56005859375;3861.9;1;3930.05
0.37700000405311584;3861.9;3953.199951171875;3878.0;1;903.93
0.19099999964237213;3878.0;3927.56005859375;3869.5;1;825.8
0.2070000022649765;3869.5;3824.3701171875;3876.3;0;300.51
0.367000013589859;3876.3;3786.89990234375;3886.1;0;268.57
0.18299999833106995;3886.1;3849.97998046875;3855.0;0;646.5
0.12099999934434891;3855.0;3847.969970703125;3831.4;0;758.99
0.1120000034570694;3831.4;3851.409912109375;3862.7;0;476.91
0.1379999965429306;3862.7;3893.93994140625;3865.6;0;621.51
0.11699999868869781;3865.6;3858.070068359375;3877.6;0;328.97
0.27900001406669617;3877.6;3900.429931640625;3879.2;0;267.42
0.2709999978542328;3879.2;3875.43994140625;3886.2;0;350.93
0.3889999985694885;3886.2;3777.610107421875;3886.6;0;336.53
0.2759999930858612;3886.6;3878.820068359375;3881.5;0;271.05
0.27900001406669617;3881.5;3871.2900390625;3859.1;0;174.51
0.27300000190734863;3859.1;3878.14990234375;3872.1;0;355.92
0.2669999897480011;3872.1;3889.93994140625;3875.7;0;123.97
0.2549999952316284;3875.7;3886.550048828125;3880.1;0;168.35
0.2770000100135803;3880.1;3875.989990234375;3880.0;0;701.7
0.2840000092983246;3880.0;3868.669921875;3891.5;0;334.75
0.22699999809265137;3891.5;3887.989990234375;3887.0;0;335.47
0.20999999344348907;3887.0;3888.739990234375;3878.92;1;276.67
0.20999999344348907;3878.92;3881.530029296875;3897.4;1;195.53
0.24699999392032623;3897.4;3883.3701171875;3937.2;1;377.99
0.27900001406669617;3937.2;3912.14990234375;3926.6;0;915.33
0.23999999463558197;3926.6;3919.820068359375;3963.9;0;807.52
0.25699999928474426;3963.9;3945.179931640625;3945.9;0;395.79
0.22499999403953552;3945.9;3941.409912109375;3933.0;0;124.83
0.2590000033378601;3933.0;3960.31005859375;3914.03;0;348.76
0.22499999403953552;3914.03;3925.360107421875;3930.0;1;100.76
0.3930000066757202;3930.0;3905.570068359375;3921.8;0;108.92
0.3930000066757202;3921.8;3896.25;3924.1;0;29.85
0.38999998569488525;3924.1;3903.719970703125;3924.1;1;80.53
0.38499999046325684;3924.1;3906.97998046875;3926.1;0;22.6
0.3790000081062317;3926.1;3913.239990234375;3930.1;0;59.83
0.3720000088214874;3930.1;3922.860107421875;3924.03;0;89.68
0.3970000147819519;3924.03;3948.77001953125;3898.5;1;39.03
0.39100000262260437;3898.5;3917.75;3885.6;1;152.19
0.38199999928474426;3885.6;3897.85009765625;3894.9;1;145.88
0.36399999260902405;3894.9;3893.510009765625;3894.2;1;92.47
0.29499998688697815;3894.2;3894.860107421875;3896.6;1;40.59
0.3019999861717224;3896.6;3901.35009765625;3906.0;0;86.62
0.28999999165534973;3906.0;3898.3798828125;3893.4;0;229.37
0.3050000071525574;3893.4;3875.139892578125;3891.9;0;82.73
0.2919999957084656;3891.9;3880.800048828125;3892.0;0;54.13
0.29600000381469727;3892.0;3892.510009765625;3910.8;0;146.48
0.2879999876022339;3910.8;3903.820068359375;3911.9;0;191.46
0.2800000011920929;3911.9;3910.4599609375;3898.9;0;135.77
0.3190000057220459;3898.9;3914.760009765625;3903.1;0;72.28
0.29499998688697815;3903.1;3903.429931640625;3899.1;0;100.01
0.33500000834465027;3899.1;3898.949951171875;3906.0;0;157.49
0.3370000123977661;3906.0;3901.85009765625;3904.4;0;58.17
0.36500000953674316;3904.4;3910.7900390625;3898.3;0;168.11
0.3630000054836273;3898.3;3902.6201171875;3903.1;0;36.63
0.33500000834465027;3903.1;3900.820068359375;3900.1;0;37.53
0.3370000123977661;3900.1;3895.280029296875;3886.0;0;27.63
0.3610000014305115;3886.0;3887.989990234375;3884.0;0;37.81
0.3569999933242798;3884.0;3857.56005859375;3904.5;0;27.89
0.33500000834465027;3904.5;3902.830078125;3904.1;0;97.96
0.36500000953674316;3904.1;3909.179931640625;3903.0;0;217.42
0.20499999821186066;3903.0;3906.10009765625;3914.1;0;55.92
0.21400000154972076;3914.1;3907.110107421875;3901.2;0;54.65
0.20900000631809235;3901.2;3907.0400390625;3918.1;0;42.89
0.21699999272823334;3918.1;3910.219970703125;3924.22;0;212.11
0.22599999606609344;3924.22;3910.85009765625;3919.9;0;249.52
0.210999995470047;3919.9;3925.889892578125;3920.0;0;139.45
0.21899999678134918;3920.0;3928.64990234375;3926.2;0;436.06
0.21699999272823334;3926.2;3923.429931640625;3919.3;0;661.09
0.2070000022649765;3919.3;3922.97998046875;3929.8;0;163.53
0.2150000035762787;3929.8;3923.389892578125;3919.5;0;230.59
0.34200000762939453;3919.5;3918.0400390625;3908.5;0;159.86
0.3709999918937683;3908.5;3909.35009765625;3906.5;1;149.09
0.37299999594688416;3906.5;3910.389892578125;3908.24;1;97.83
0.33899998664855957;3908.24;3908.169921875;3904.04;1;28.87
0.37299999594688416;3904.04;3908.8798828125;3906.2;1;68.18
0.3709999918937683;3906.2;3908.0400390625;3824.4;1;80.93
0.39899998903274536;3824.4;3853.1298828125;3852.8;1;999.07
0.375;3852.8;3821.919921875;3871.1;1;600.56
0.3700000047683716;3871.1;3841.239990234375;3901.7;1;314.72
0.36899998784065247;3901.7;3874.070068359375;3905.1;0;477.88
0.3070000112056732;3905.1;3886.31005859375;3914.33;0;258.23
0.35600000619888306;3914.33;3929.85009765625;3905.6;0;153.88
0.3610000014305115;3905.6;3922.360107421875;3904.6;0;68.91
0.31200000643730164;3904.6;3879.0;3911.4;0;58.75
0.30000001192092896;3911.4;3896.760009765625;3924.2;0;83.13
0.31299999356269836;3924.2;3898.780029296875;3911.9;0;182.48
0.2849999964237213;3911.9;3911.3798828125;3915.28;0;44.85
0.36000001430511475;3915.28;3931.830078125;3937.6;0;60.97
0.2930000126361847;3937.6;3937.429931640625;3930.0;0;869.29
0.3050000071525574;3930.0;3915.5;3925.5;0;644.87
0.21699999272823334;3925.5;3918.81005859375;3935.07;0;95.63
0.210999995470047;3935.07;3934.93994140625;3931.5;0;184.78
0.30300000309944153;3931.5;3947.949951171875;3929.7;0;168.97
0.2809999883174896;3929.7;3940.739990234375;3929.97;1;127.76
0.2709999978542328;3929.97;3938.510009765625;3944.0;1;183.66
0.2680000066757202;3944.0;3949.330078125;3930.0;1;1107.09
0.26499998569488525;3930.0;3933.5;3902.0;1;1135.38
0.28200000524520874;3902.0;3913.25;3919.0;1;185.95
0.25999999046325684;3919.0;3924.7099609375;3905.6;1;130.63
0.3269999921321869;3905.6;3926.97998046875;3903.3;1;870.02
0.26899999380111694;3903.3;3919.989990234375;3906.0;1;445.93
0.23899999260902405;3906.0;3914.989990234375;3899.7;1;62.77
0.210999995470047;3899.7;3900.760009765625;3895.46;0;78.61
0.16200000047683716;3895.46;3891.56005859375;3898.6;0;30.13
0.1589999943971634;3898.6;3898.25;3905.0;0;47.98
0.16899999976158142;3905.0;3895.280029296875;3903.1;0;64.42
0.22200000286102295;3903.1;3907.409912109375;3902.88;0;20.79
0.24199999868869781;3902.88;3912.7099609375;3902.0;0;61.45
0.1589999943971634;3902.0;3901.050048828125;3904.4;0;35.43
0.1589999943971634;3904.4;3903.3798828125;3906.53;0;31.13
0.04899999871850014;3906.53;3904.6298828125;3918.0;0;150.33
0.052000001072883606;3918.0;3912.110107421875;3919.2;0;323.25
0.05000000074505806;3919.2;3917.419921875;3922.1;0;293.19
0.0560000017285347;3922.1;3910.580078125;3920.2;0;327.1
0.050999999046325684;3920.2;3914.0400390625;3912.2;0;40.39
0.054999999701976776;3912.2;3915.0;3915.0;0;26.82
0.04800000041723251;3915.0;3913.429931640625;3924.9;0;26.7
0.052000001072883606;3924.9;3917.139892578125;3928.0;0;107.73
0.04899999871850014;3928.0;3925.070068359375;3919.09;0;29.65
0.054999999701976776;3919.09;3922.14990234375;3935.5;0;43.54
0.20499999821186066;3935.5;3927.35009765625;3942.6;0;187.44
0.21799999475479126;3942.6;3921.949951171875;3939.0;0;98.96
0.20200000703334808;3939.0;3932.179931640625;3938.35;0;40.63
0.20499999821186066;3938.35;3934.679931640625;3939.1;1;772.46
0.19699999690055847;3939.1;3936.919921875;3940.4;1;23.5
0.23499999940395355;3940.4;3941.659912109375;3918.4;1;72.47
0.23600000143051147;3918.4;3920.510009765625;3917.0;1;89.25
0.2409999966621399;3917.0;3922.02001953125;3920.2;1;184.55
0.20499999821186066;3920.2;3910.419921875;3919.4;1;25.36
0.23499999940395355;3919.4;3920.489990234375;3922.75;1;45.48
0.10300000011920929;3922.75;3924.60009765625;3922.86;1;48.63
0.11100000143051147;3922.86;3933.570068359375;3905.2;1;6.64
0.11299999803304672;3905.2;3914.919921875;3907.3;1;297.72
0.10700000077486038;3907.3;3912.610107421875;3906.9;1;121.44
0.09300000220537186;3906.9;3902.60009765625;3890.1;1;74.86
0.09399999678134918;3890.1;3888.840087890625;3892.0;1;455.9
0.11100000143051147;3892.0;3898.3798828125;3893.85;1;606.63
0.1120000034570694;3893.85;3904.449951171875;3902.8;0;97.82
0.09000000357627869;3902.8;3902.10009765625;3911.1;0;50.88
0.09600000083446503;3911.1;3905.1298828125;3911.3;0;219.36
0.1469999998807907;3911.3;3903.159912109375;3912.6;0;55.94
0.14499999582767487;3912.6;3906.550048828125;3904.8;0;102.82
0.16099999845027924;3904.8;3908.889892578125;3903.4;0;32.38
0.1599999964237213;3903.4;3906.6298828125;3903.4;0;101.22
0.13899999856948853;3903.4;3902.830078125;3900.06;0;85.79
0.1589999943971634;3900.06;3902.389892578125;3906.8;0;63.09
0.13899999856948853;3906.8;3905.6298828125;3910.0;0;23.36
0.1589999943971634;3910.0;3912.47998046875;3906.1;0;29.66
0.16599999368190765;3906.1;3914.4599609375;3910.0;0;44.0
0.1589999943971634;3910.0;3912.679931640625;3911.7;0;24.2
0.057999998331069946;3911.7;3911.77001953125;3913.1;0;12.51
0.06599999964237213;3913.1;3908.27001953125;3920.27;0;15.47
0.07000000029802322;3920.27;3912.239990234375;3921.3;0;225.14
0.06599999964237213;3921.3;3916.909912109375;3915.3;0;9.73
0.05999999865889549;3915.3;3917.780029296875;3913.7;0;19.34
0.057999998331069946;3913.7;3914.3798828125;3917.1;0;5.55
0.06599999964237213;3917.1;3912.280029296875;3913.8;0;14.77
0.06400000303983688;3913.8;3912.5400390625;3914.1;0;21.3
0.05900000035762787;3914.1;3915.669921875;3913.8;1;11.91
0.061000000685453415;3913.8;3917.7900390625;3905.0;1;22.29
0.0020000000949949026;3905.0;3907.330078125;3912.85;1;35.01
0.009999999776482582;3912.85;3907.89990234375;3912.5;0;30.07
0.008999999612569809;3912.5;3910.10009765625;3914.1;0;25.49
0.008999999612569809;3914.1;3913.419921875;3912.21;0;70.18
0.0020000000949949026;3912.21;3914.3701171875;3910.9;0;22.87
0.0020000000949949026;3910.9;3913.3798828125;3909.4;1;100.73
0.0020000000949949026;3909.4;3912.429931640625;3889.98;1;30.11
0.003000000026077032;3889.98;3896.909912109375;3893.1;1;212.26
0.003000000026077032;3893.1;3900.2099609375;3893.05;1;133.24
0.0020000000949949026;3893.05;3893.89990234375;3888.8;0;43.95
0.10000000149011612;3888.8;3894.070068359375;3890.4;0;46.48
0.07900000363588333;3890.4;3887.919921875;3891.5;0;28.02
0.09600000083446503;3891.5;3893.469970703125;3891.2;0;61.7
0.0989999994635582;3891.2;3895.6298828125;3883.8;0;11.33
0.10199999809265137;3883.8;3890.179931640625;3885.0;0;41.42
0.09700000286102295;3885.0;3885.93994140625;3906.2;0;244.63
0.09300000220537186;3906.2;3892.0;3904.8;0;225.46
0.08699999749660492;3904.8;3896.030029296875;3893.4;0;72.19
0.0949999988079071;3893.4;3893.820068359375;3882.3;0;69.17
0.09000000357627869;3882.3;3871.0;3844.6;0;86.32
0.20200000703334808;3844.6;3839.93994140625;3819.2;0;238.87
0.24500000476837158;3819.2;3831.949951171875;3820.3;0;421.0
0.23499999940395355;3820.3;3829.93994140625;3815.9;0;106.72
0.22499999403953552;3815.9;3819.239990234375;3804.5;0;65.16
0.23399999737739563;3804.5;3810.35009765625;3798.1;0;435.47
0.2370000034570694;3798.1;3808.2099609375;3788.8;0;164.01
0.26100000739097595;3788.8;3814.340087890625;3798.1;0;294.58
0.2460000067949295;3798.1;3813.010009765625;3789.8;0;269.04
0.25;3789.8;3809.14990234375;3798.03;0;93.44
0.23000000417232513;3798.03;3803.39990234375;3799.4;0;183.11
0.24899999797344208;3799.4;3808.090087890625;3797.6;0;97.05
0.22699999809265137;3797.6;3800.679931640625;3813.26;0;153.95
0.23199999332427979;3813.26;3810.35009765625;3810.4;0;276.98
0.23100000619888306;3810.4;3813.8798828125;3806.2;0;373.55
0.26100000739097595;3806.2;3816.639892578125;3802.0;0;238.25
0.26100000739097595;3802.0;3812.929931640625;3801.85;0;19.17
0.23000000417232513;3801.85;3806.199951171875;3792.4;0;152.52
0.24799999594688416;3792.4;3801.070068359375;3790.1;0;34.79
0.22599999606609344;3790.1;3793.139892578125;3800.3;0;110.5
0.23600000143051147;3800.3;3793.97998046875;3801.4;0;104.88
0.21799999475479126;3801.4;3795.330078125;3794.2;0;119.14
0.2150000035762787;3794.2;3798.93994140625;3786.9;0;17.15
0.2199999988079071;3786.9;3794.3701171875;3790.5;0;39.83
0.21299999952316284;3790.5;3793.449951171875;3803.09;1;41.59
0.210999995470047;3803.09;3804.820068359375;3805.4;1;110.62
0.20999999344348907;3805.4;3806.56005859375;3805.4;1;97.38
0.22300000488758087;3805.4;3796.6201171875;3812.9;1;160.86
0.2240000069141388;3812.9;3803.280029296875;3823.3;1;115.43
0.23199999332427979;3823.3;3810.7900390625;3820.1;0;291.04
0.20800000429153442;3820.1;3819.419921875;3821.9;0;114.31
0.14100000262260437;3821.9;3824.1298828125;3823.0;0;61.54
0.14100000262260437;3823.0;3814.14990234375;3833.2;0;73.5
0.13600000739097595;3833.2;3832.56005859375;3931.0;0;728.76
0.20399999618530273;3931.0;3902.2900390625;3916.8;0;1803.99
0.13300000131130219;3916.8;3916.570068359375;3922.9;0;588.33
0.16300000250339508;3922.9;3937.06005859375;3932.0;0;270.22
0.25200000405311584;3932.0;3969.590087890625;3934.03;0;1036.75
0.1469999998807907;3934.03;3938.93994140625;3939.39;0;249.26
0.17299999296665192;3939.39;3959.7099609375;3949.6;0;111.67
0.14800000190734863;3949.6;3936.469970703125;3934.7;0;109.99
0.296999990940094;3934.7;3942.219970703125;3937.7;1;23.94
0.26600000262260437;3937.7;3924.320068359375;3936.8;1;33.75
0.29499998688697815;3936.8;3942.7099609375;3951.7;1;62.31
0.28700000047683716;3951.7;3953.39990234375;3933.8;1;74.66
0.30000001192092896;3933.8;3939.050048828125;3929.0;1;591.86
0.25099998712539673;3929.0;3922.110107421875;3929.9;1;30.39
0.2720000147819519;3929.9;3912.889892578125;3917.0;1;13.04
0.26899999380111694;3917.0;3902.2099609375;3921.4;1;44.62
0.25099998712539673;3921.4;3915.340087890625;3920.0;1;116.35
0.2370000034570694;3920.0;3919.8798828125;3936.2;1;22.68
0.18000000715255737;3936.2;3930.669921875;3934.6;1;133.07
0.2619999945163727;3934.6;3946.080078125;3932.6;1;98.53
0.2370000034570694;3932.6;3937.070068359375;3941.3;1;31.47
0.19900000095367432;3941.3;3929.199951171875;3945.2;0;106.77
0.19499999284744263;3945.2;3938.860107421875;3954.3;0;736.6
0.17599999904632568;3954.3;3950.800048828125;3948.1;0;171.81
0.23199999332427979;3948.1;3950.7900390625;3941.3;0;61.54
0.2370000034570694;3941.3;3945.030029296875;3938.0;0;133.35
0.17299999296665192;3938.0;3935.39990234375;3949.7;0;45.63
0.1770000010728836;3949.7;3945.830078125;3955.0;0;146.26
0.08500000089406967;3955.0;3946.909912109375;3948.7;0;64.3
0.16300000250339508;3948.7;3953.72998046875;3948.9;0;75.83
0.07500000298023224;3948.9;3947.489990234375;3946.8;1;95.72
0.07599999755620956;3946.8;3944.570068359375;3946.58;1;51.33
0.17399999499320984;3946.58;3955.35009765625;3945.9;1;7.74
0.1550000011920929;3945.9;3948.35009765625;3954.52;1;68.62
0.08900000154972076;3954.52;3945.14990234375;3951.5;1;212.83
0.0860000029206276;3951.5;3942.969970703125;3964.1;1;99.64
0.15000000596046448;3964.1;3964.43994140625;3972.1;1;163.61
0.07699999958276749;3972.1;3971.5400390625;3962.1;1;441.89
0.35600000619888306;3962.1;3965.199951171875;3975.1;1;50.99
0.20900000631809235;3975.1;3964.7099609375;3985.6;1;320.18
0.23600000143051147;3985.6;3966.8701171875;3965.0;0;401.57
0.35600000619888306;3965.0;3968.64990234375;3960.79;1;76.75
0.3540000021457672;3960.79;3961.75;3964.2;1;113.07
0.19699999690055847;3964.2;3956.5;3947.82;1;27.23
0.3540000021457672;3947.82;3949.0;3946.97;1;40.72
0.18000000715255737;3946.97;3946.02001953125;3946.4;1;42.83
0.36000001430511475;3946.4;3953.590087890625;3953.5;1;89.51
0.35600000619888306;3953.5;3956.919921875;3963.06;1;183.71
0.3179999887943268;3963.06;3954.929931640625;3962.59;1;154.51
0.30300000309944153;3962.59;3960.280029296875;3976.6;1;74.63
0.32499998807907104;3976.6;3962.6298828125;3966.8;0;101.99
0.39500001072883606;3966.8;3970.239990234375;3976.8;1;179.12
0.39399999380111694;3976.8;3979.239990234375;3963.2;1;59.42
0.39399999380111694;3963.2;3964.889892578125;3974.83;0;150.74
0.3930000066757202;3974.83;3976.27001953125;3968.2;0;86.16
0.3970000147819519;3968.2;3976.02001953125;3976.5;0;168.36
0.3190000057220459;3976.5;3973.860107421875;3977.3;0;1048.18
0.3160000145435333;3977.3;3969.090087890625;3969.5;0;55.41
0.24500000476837158;3969.5;3964.52001953125;3964.7;0;32.41
0.5189999938011169;3964.7;3966.489990234375;3968.0;0;16.23
0.5320000052452087;3968.0;3975.169921875;3960.4;0;45.95
0.5170000195503235;3960.4;3961.419921875;3965.6;1;59.73
0.23000000417232513;3965.6;3965.2900390625;3960.1;1;18.81
0.5210000276565552;3960.1;3962.610107421875;3970.71;1;17.9
0.2529999911785126;3970.71;3963.7099609375;3982.07;1;38.46
0.25200000405311584;3982.07;3975.610107421875;3993.3;1;91.32
0.27399998903274536;3993.3;3985.4599609375;3976.2;0;860.17
0.5249999761581421;3976.2;3980.43994140625;3968.1;1;54.31
0.34200000762939453;3968.1;3984.840087890625;3971.6;1;24.06
0.335999995470047;3971.6;3983.2099609375;3987.9;1;141.19
0.16899999976158142;3987.9;3985.330078125;3976.3;0;585.06
0.16500000655651093;3976.3;3971.72998046875;3977.4;0;125.04
0.15800000727176666;3977.4;3974.659912109375;3984.0;0;98.41
0.16300000250339508;3984.0;3981.89990234375;3992.0;0;407.29
0.328000009059906;3992.0;3996.02001953125;3988.4;0;146.38
0.3269999921321869;3988.4;3991.47998046875;3987.26;0;76.0
0.328000009059906;3987.26;3991.199951171875;3997.5;0;114.06
0.20200000703334808;3997.5;3982.080078125;3998.0;0;121.77
0.1889999955892563;3998.0;3995.830078125;4012.6;0;222.7
0.24400000274181366;4012.6;3996.39990234375;4006.1;0;359.98
0.210999995470047;4006.1;3996.75;3973.5;0;133.3
0.3479999899864197;3973.5;3976.239990234375;3929.2;1;89.73
0.4129999876022339;3929.2;3961.0;3940.7;1;884.23
0.26899999380111694;3940.7;3917.35009765625;3952.3;1;192.18
