974.74;913.7999877929688;959.0;11085.44
959.0;936.6099853515625;968.0;8418.02
968.0;965.77001953125;998.99;3362.91
998.99;981.4500122070312;1019.3;8432.76
1019.3;1002.3900146484375;1037.6;12490.0
1037.6;1055.469970703125;1139.6;7416.83
1139.6;1091.93994140625;1003.9;29432.77
1003.9;1081.56005859375;898.5;41803.05
898.5;1044.989990234375;908.85;25892.43
908.85;944.9299926757812;916.0;17273.23
916.0;938.4299926757812;904.8;14609.07
904.8;1004.510009765625;906.45;8001.07
906.45;974.6900024414062;779.54;6357.19
779.54;926.27001953125;804.58;27595.4
804.58;843.1199951171875;828.12;17021.66
828.12;826.0800170898438;815.6;12710.82
815.6;836.6799926757812;820.92;6343.65
820.92;868.1799926757812;830.1;2568.64
830.1;841.030029296875;903.99;4097.92
903.99;818.0599975585938;889.42;16550.38
889.42;842.739990234375;902.35;10279.83
902.35;863.5700073242188;895.96;7789.35
895.96;885.02001953125;924.58;5180.42
924.58;882.530029296875;923.72;7029.91
923.72;888.1400146484375;908.52;10662.01
908.52;898.1199951171875;886.75;4718.75
886.75;898.8200073242188;893.4;9583.2
893.4;914.4600219726562;915.11;6086.97
915.11;921.719970703125;916.83;5277.23
916.83;917.1900024414062;919.74;4978.46
919.74;921.0499877929688;912.7;1832.96
912.7;920.4299926757812;917.36;1072.96
917.36;919.97998046875;966.2;1540.43
966.2;925.989990234375;983.73;11501.94
983.73;939.8800048828125;1007.0;5962.18
1007.0;950.22998046875;1015.7;11188.72
1015.7;962.6599731445312;1031.1;9231.62
1031.1;951.6400146484375;1007.3;9371.15
1007.3;963.4500122070312;1022.6;6207.84
1022.6;991.7100219726562;1052.6;4743.63
1052.6;1007.8900146484375;1049.0;9401.79
1049.0;1009.4199829101562;984.97;11358.79
984.97;1015.2000122070312;992.02;26675.74
992.02;993.1900024414062;1001.2;13454.15
1001.2;997.4299926757812;996.01;4676.82
996.01;994.6799926757812;996.51;1393.9
996.51;1004.8699951171875;1013.3;4419.66
1013.3;1019.239990234375;1013.9;6211.23
1013.9;1012.0800170898438;1038.5;3445.47
1038.5;1004.2999877929688;1056.2;7013.68
1056.2;1017.5700073242188;1059.8;9606.97
1059.8;1030.6700439453125;1056.3;3833.23
1056.3;1038.3800048828125;1091.9;2622.15
1091.9;1039.3299560546875;1129.8;8025.32
1129.8;1051.5799560546875;1125.9;14607.58
1125.9;1043.9200439453125;1189.5;6937.54
1189.5;1106.1199951171875;1186.1;16263.98
1186.1;1150.780029296875;1153.4;22261.43
1153.4;1139.5999755859375;1178.3;6950.14
1178.3;1154.760009765625;1195.5;5297.34
1195.5;1180.0999755859375;1189.5;6030.86
1189.5;1197.3399658203125;1233.8;7806.33
1233.8;1212.5400390625;1258.0;12975.66
1258.0;1241.5999755859375;1289.2;15655.08
1289.2;1254.449951171875;1267.8;9584.35
1267.8;1259.0699462890625;1278.5;4708.93
1278.5;1290.3199462890625;1279.3;5047.63
1279.3;1307.6600341796875;1232.4;4690.64
1232.4;1278.4100341796875;1149.7;18877.63
1149.7;1233.5799560546875;1190.4;20586.52
1190.4;1218.6500244140625;1115.4;14057.76
1115.4;1213.5799560546875;1172.9;50583.16
1172.9;1181.2900390625;1225.2;16363.53
1225.2;1188.1199951171875;1238.5;10872.59
1238.5;1193.1600341796875;1245.0;11397.31
1245.0;1220.550048828125;1257.3;10292.45
1257.3;1222.5799560546875;1168.9;8023.4
1168.9;1189.0699462890625;1069.0;19772.34
1069.0;1147.0699462890625;971.5;23868.7
971.5;1104.6099853515625;1016.5;35792.48
1016.5;1020.4099731445312;1039.1;21202.03
1039.1;1075.5799560546875;1115.9;10569.31
1115.9;1146.260009765625;1039.1;18740.07
1039.1;1132.3900146484375;1033.0;18597.32
1033.0;1068.25;942.24;10761.87
942.24;986.6400146484375;972.17;19050.26
972.17;964.5900268554688;969.0;23500.16
969.0;1022.9500122070312;1042.8;16306.17
1042.8;1046.8399658203125;1044.9;17730.67
1044.9;1045.5799560546875;1041.8;12420.23
1041.8;1036.5400390625;1041.2;11579.58
1041.2;1015.1300048828125;1081.9;11987.36
1081.9;1058.1300048828125;1093.2;15872.27
1093.2;1070.3800048828125;1107.6;8562.36
1107.6;1077.780029296875;1150.2;11235.16
1150.2;1085.5799560546875;1145.1;16555.94
1145.1;1096.68994140625;1140.4;9913.47
1140.4;1131.3699951171875;1191.5;10689.83
1191.5;1161.9300537109375;1197.0;19722.29
1197.0;1180.6300048828125;1188.1;12584.28
1188.1;1173.760009765625;1215.9;5104.19
1215.9;1184.3299560546875;1220.3;10519.97
1220.3;1193.1400146484375;1235.6;5313.11
1235.6;1220.6199951171875;1227.4;5564.51
1227.4;1224.3499755859375;1187.0;5841.74
1187.0;1187.489990234375;1206.8;8150.07
1206.8;1195.219970703125;1193.5;7213.31
1193.5;1185.4000244140625;1213.5;3880.64
1213.5;1200.6400146484375;1240.0;3292.79
1240.0;1209.780029296875;1265.4;8961.79
1265.4;1240.3699951171875;1260.6;10801.77
1260.6;1229.239990234375;1308.4;3909.3
1308.4;1249.0699462890625;1327.0;9020.72
1327.0;1282.8800048828125;1346.4;4123.2
1346.4;1297.300048828125;1357.2;4974.2
1357.2;1318.75;1345.0;4215.03
1345.0;1346.6300048828125;1375.6;3629.52
1375.6;1343.27001953125;1400.0;5540.29
1400.0;1379.3399658203125;1443.0;6224.78
1443.0;1454.1700439453125;1415.6;6055.99
1415.6;1420.0699462890625;1424.8;5995.6
1424.8;1427.5;1435.2;4354.44
1435.2;1438.8299560546875;1533.1;4454.18
1533.1;1495.8800048828125;1559.6;12810.64
1559.6;1538.469970703125;1617.8;8137.63
1617.8;1617.5799560546875;1607.0;9400.17
1607.0;1638.2900390625;1546.8;15122.35
1546.8;1591.9200439453125;1597.0;13657.96
1597.0;1619.4300537109375;1619.9;7377.16
1619.9;1652.5400390625;1703.5;7688.11
1703.5;1706.06005859375;1760.0;11669.75
1760.0;1713.8900146484375;1796.9;15904.48
1796.9;1807.6800537109375;1854.0;9377.01
1854.0;1828.3199462890625;1735.2;13303.15
1735.2;1804.6400146484375;1820.4;8939.51
1820.4;1797.739990234375;1828.1;7996.62
1828.1;1908.4300537109375;1772.0;5699.14
1772.0;1807.739990234375;1786.2;7263.14
1786.2;1820.8800048828125;1870.5;5293.0
1870.5;1843.8900146484375;1941.5;9734.57
1941.5;1896.47998046875;1966.5;7191.32
1966.5;1970.43994140625;2059.7;9912.74
2059.7;1988.949951171875;2029.2;11023.5
2029.2;2005.949951171875;2087.3;6760.99
2087.3;2057.31005859375;2249.6;26627.82
2249.6;2171.31005859375;2394.9;12067.86
2394.9;2447.77001953125;2268.1;15326.45
2268.1;2373.090087890625;2125.9;24789.43
2125.9;2268.330078125;1980.2;17940.31
1980.2;2091.830078125;2056.9;20279.23
2056.9;2101.85009765625;2207.4;13266.61
2207.4;2224.050048828125;2146.9;9091.49
2146.9;2201.669921875;2191.83;10574.52
2191.83;2162.550048828125;2312.0;10468.53
2312.0;2245.659912109375;2405.88;9735.58
2405.88;2363.429931640625;2462.0;7065.36
2462.0;2377.030029296875;2488.2;5749.39
2488.2;2361.93994140625;2636.9;5661.25
2636.9;2444.02001953125;2844.4;8671.97
2844.4;2721.18994140625;2644.0;20991.11
2644.0;2748.659912109375;2782.0;9636.04
2782.0;2734.0400390625;2809.0;8630.75
2809.0;2752.5;2806.3;5173.82
2806.3;2790.280029296875;2936.4;8256.97
2936.4;3030.3701171875;2569.6;10204.09
2569.6;2792.610107421875;2676.1;19695.24
2676.1;2651.7900390625;2394.3;12639.14
2394.3;2585.919921875;2377.6;15619.42
2377.6;2371.81005859375;2437.4;25918.11
2437.4;2512.14990234375;2610.1;10709.99
2610.1;2556.77001953125;2491.5;8635.37
2491.5;2630.669921875;2582.0;7271.52
2582.0;2648.719970703125;2714.4;6804.0
2714.4;2678.489990234375;2624.4;10281.09
2624.4;2644.25;2672.8;10296.11
2672.8;2634.6201171875;2674.9;6249.61
2674.9;2642.969970703125;2506.7;3867.99
2506.7;2554.5400390625;2481.8;7028.39
2481.8;2519.52001953125;2393.6;8703.89
2393.6;2496.830078125;2521.3;16431.76
2521.3;2450.199951171875;2518.2;15522.19
2518.2;2538.800048828125;2472.4;9794.12
2472.4;2560.0400390625;2420.7;5909.32
2420.7;2542.199951171875;2346.2;5081.3
2346.2;2502.25;2445.1;5906.84
2445.1;2454.590087890625;2530.4;6871.59
2530.4;2528.31005859375;2586.3;8218.07
2586.3;2565.929931640625;2598.6;7351.25
2598.6;2553.280029296875;2593.3;5648.73
2593.3;2549.199951171875;2479.3;4419.91
2479.3;2492.179931640625;2542.0;7097.41
2542.0;2486.780029296875;2481.4;4803.19
2481.4;2526.639892578125;2318.3;2772.83
2318.3;2446.179931640625;2285.5;10718.62
2285.5;2375.75;2375.9;16143.6
2375.9;2415.320068359375;2329.4;10753.76
2329.4;2412.510009765625;2206.5;8385.03
2206.5;2395.4599609375;1978.6;12567.06
1978.6;2266.639892578125;1925.0;17274.64
1925.0;2130.239990234375;2220.0;25955.52
2220.0;2212.280029296875;2302.8;21628.69
2302.8;2309.300048828125;2256.7;21755.78
2256.7;2246.409912109375;2865.2;16537.02
2865.2;2502.199951171875;2663.9;46196.66
2663.9;2583.510009765625;2844.7;27397.31
2844.7;2636.93994140625;2749.3;19836.99
2749.3;2549.860107421875;2769.8;15063.05
2769.8;2566.139892578125;2561.0;9688.71
2561.0;2268.43994140625;2527.74;22958.25
2527.74;2314.4599609375;2664.6;16231.35
2664.6;2498.199951171875;2784.9;18074.82
2784.9;2654.449951171875;2713.9;22958.61
2713.9;2759.080078125;2748.2;11339.72
2748.2;2705.6201171875;2854.4;15380.59
2854.4;2736.06005859375;2733.8;15542.31
2733.8;2701.35009765625;2702.6;21536.56
2702.6;2676.8798828125;2790.4;11616.75
2790.4;2725.1298828125;2860.0;10264.93
2860.0;2767.3701171875;3254.9;9999.55
3254.9;2987.39990234375;3232.0;28178.62
3232.0;3066.47998046875;3396.0;7841.78
3396.0;3120.9599609375;3415.0;12752.07
3415.0;3262.159912109375;3340.4;14427.85
3340.4;3245.93994140625;3408.7;11530.43
3408.7;3410.72998046875;3643.4;9729.66
3643.4;3490.409912109375;3865.3;14367.52
3865.3;3875.43994140625;4061.6;19364.84
4061.6;4066.260009765625;4321.0;24373.17
4321.0;4321.77978515625;4151.9;18501.25
4151.9;4296.02978515625;4386.4;28961.34
4386.4;4493.1298828125;4263.0;18174.57
4263.0;4481.43994140625;4092.2;19367.68
4092.2;4306.8798828125;4145.1;21759.87
4145.1;4235.3701171875;4060.0;19123.52
4060.0;4181.72021484375;3998.2;12513.63
3998.2;3997.800048828125;4083.7;14573.41
4083.7;4069.070068359375;4132.0;30665.88
4132.0;4122.240234375;4324.4;13680.03
4324.4;4244.14990234375;4351.5;13113.33
4351.5;4357.91015625;4341.1;13655.06
4341.1;4448.25;4335.2;6820.09
4335.2;4288.93017578125;4385.4;5547.35
4385.4;4288.64990234375;4587.1;10839.83
4587.1;4497.60009765625;4568.0;17434.08
4568.0;4602.7998046875;4718.3;7263.17
4718.3;4685.2998046875;4912.4;10015.51
4912.4;4834.6201171875;4532.3;14061.84
4532.3;4564.10009765625;4598.5;22470.41
4598.5;4569.22998046875;4207.5;15556.1
4207.5;4213.0498046875;4375.0;25125.3
4375.0;4302.5;4593.1;29796.93
4593.1;4607.97998046875;4613.6;22725.08
4613.6;4644.72998046875;4304.9;11990.69
4304.9;4582.41015625;4319.4;26514.4
4319.4;4436.22998046875;4233.9;14766.56
4233.9;4338.31982421875;4203.0;20817.02
4203.0;4376.93994140625;4149.5;16604.61
4149.5;4384.68994140625;3849.7;20265.97
3849.7;4178.64990234375;3236.1;35099.7
3236.1;3876.429931640625;3697.1;51957.94
3697.1;3808.5;3681.5;93710.75
3681.5;3961.659912109375;3666.6;29481.84
3666.6;3927.909912109375;4085.0;17773.24
4085.0;3987.800048828125;3898.1;33914.89
3898.1;3956.89990234375;3872.7;22057.78
3872.7;3835.510009765625;3603.9;16032.82
3603.9;3684.780029296875;3602.3;23871.7
3602.3;3615.39990234375;3779.6;24880.91
3779.6;3714.239990234375;3654.7;14650.18
3654.7;3783.179931640625;3930.1;9966.83
3930.1;3818.7900390625;3881.5;22372.28
3881.5;3819.889892578125;4209.7;9816.92
4209.7;3961.510009765625;4190.7;28899.52
4190.7;4008.56005859375;4168.0;17732.83
4168.0;3999.050048828125;4367.1;18576.01
4367.1;4084.780029296875;4404.3;18104.09
4404.3;4209.43017578125;4401.1;13178.23
4401.1;4300.9599609375;4310.4;14690.55
4310.4;4305.27001953125;4215.8;12942.56
4215.8;4204.6201171875;4312.0;12875.95
4312.0;4209.72021484375;4370.2;13604.12
4370.2;4370.56005859375;4437.5;14018.57
4437.5;4345.43017578125;4611.9;10394.49
4611.9;4503.58984375;4782.3;18328.58
4782.3;4654.31982421875;4777.7;27231.01
4777.7;4630.14013671875;4824.9;22280.47
4824.9;4661.10986328125;5440.0;14451.07
5440.0;5048.27001953125;5636.8;44309.71
5636.8;5518.580078125;5834.8;49113.14
5834.8;5821.10009765625;5713.9;20636.96
5713.9;5825.3701171875;5764.8;25087.35
5764.8;5597.58984375;5597.0;15390.11
5597.0;5676.81005859375;5568.0;14022.73
5568.0;5528.58984375;5694.2;33027.16
5694.2;5735.52978515625;5983.8;20274.44
5983.8;6084.83984375;6005.1;35129.73
6005.1;6103.56005859375;5982.7;27232.81
5982.7;5900.35986328125;5907.0;23288.19
5907.0;5848.490234375;5510.0;31140.71
5510.0;5692.43017578125;5724.3;26464.2
5724.3;5676.72998046875;5889.9;22263.91
5889.9;5931.35986328125;5759.7;21812.08
5759.7;5927.2099609375;5720.4;17669.72
5720.4;5734.7998046875;6152.1;13129.12
6152.1;5867.91015625;6128.2;32877.19
6128.2;5965.669921875;6455.1;15760.0
6455.1;6078.7099609375;6739.6;20359.41
6739.6;6313.0400390625;7018.9;30692.59
7018.9;6642.10009765625;7132.0;49562.74
7132.0;7006.89990234375;7369.0;30518.68
7369.0;7215.5400390625;7370.5;25062.0
7370.5;7647.4599609375;6956.5;22711.32
6956.5;6636.4599609375;7104.0;28901.32
7104.0;6384.14990234375;7446.3;18631.83
7446.3;7340.52001953125;7126.2;47103.52
7126.2;7148.9599609375;6548.0;21443.47
6548.0;6685.64013671875;6302.7;37653.0
6302.7;6364.0;5819.4;32186.46
5819.4;5804.2001953125;6479.6;82347.54
6479.6;6262.43994140625;6590.0;62086.22
6590.0;6807.75;7267.3;24872.54
7267.3;7157.3798828125;7865.2;39539.3
7865.2;7838.02978515625;7675.9;44234.81
7675.9;7760.81005859375;7773.3;35126.18
7773.3;7478.0;8052.7;19676.97
8052.7;7588.2900390625;8248.8;20836.8
8248.8;7597.4599609375;8096.9;21511.14
8096.9;7456.7001953125;8230.1;32667.22
8230.1;7712.240234375;7977.7;15503.86
7977.7;7651.7998046875;8191.7;13890.64
8191.7;7918.47021484375;8759.7;21589.6
8759.7;8473.58984375;9302.4;23614.69
9302.4;8966.6201171875;9723.6;37956.45
9723.6;9247.7998046875;9892.0;33914.16
9892.0;9393.740234375;9771.86;25123.19
9771.86;9666.6396484375;9907.1;90368.41
9907.1;9849.2998046875;10861.0;61389.95
10861.0;11694.8798828125;10881.0;42372.6
10881.0;11568.5595703125;11162.0;23841.81
11162.0;11330.76953125;11599.0;48335.68
11599.0;11470.849609375;11592.0;29421.02
11592.0;11591.5595703125;13507.0;24786.81
13507.0;13226.51953125;16609.0;47271.66
16609.0;18968.51953125;15851.0;76424.73
15851.0;15613.9296875;14661.0;60384.19
14661.0;14791.48046875;14901.0;37215.97
14901.0;15375.9599609375;16754.0;53266.92
16754.0;18064.1796875;16969.0;39690.3
16969.0;18906.48046875;16175.0;25033.95
16175.0;16759.66015625;16385.0;27130.83
16385.0;17349.119140625;17524.0;20294.9
17524.0;17939.0;19210.0;33469.88
19210.0;18220.80078125;18970.0;26323.9
18970.0;18141.91015625;18933.0;24056.38
18933.0;18975.1796875;17345.0;24049.52
17345.0;18440.44921875;16433.0;29756.38
16433.0;18939.599609375;15650.0;38958.21
15650.0;17305.25;13171.0;30311.6
13171.0;15538.2197265625;14036.0;80051.06
14036.0;14972.080078125;13502.0;29267.47
13502.0;14294.349609375;13634.0;33918.13
13634.0;15133.25;15680.0;21302.85
15680.0;17561.470703125;15375.0;37179.15
15375.0;16881.3203125;14324.0;26450.36
14324.0;15031.849609375;14308.0;33640.8
14308.0;15075.6904296875;12379.0;21467.66
12379.0;13642.5400390625;13766.0;33694.73
13766.0;14088.509765625;13377.0;22180.67
13377.0;13987.2900390625;14713.0;29390.53
14713.0;14445.76953125;15151.0;55269.22
15151.0;14480.080078125;15159.0;38162.56
15159.0;14424.8203125;16911.0;45995.53
16911.0;15208.7099609375;17163.0;53888.93
17163.0;15427.400390625;16215.36;29351.17
16215.36;15235.4404296875;14907.0;30596.3
14907.0;14422.9599609375;14425.0;64298.0
14425.0;14698.51953125;14898.0;43248.57
14898.0;14289.4599609375;13253.0;56613.72
13253.0;14317.26953125;13794.0;71324.73
13794.0;14305.7001953125;14190.0;36984.91
14190.0;15225.0498046875;13558.0;28865.09
13558.0;15090.849609375;13600.0;35337.45
13600.0;14821.2998046875;11063.0;33324.47
11063.0;13038.26953125;11108.0;130285.83
11108.0;12596.01953125;11030.0;131259.34
11030.0;12407.7998046875;11477.0;84815.56
11477.0;11940.2099609375;12732.0;47963.46
12732.0;12761.98046875;11514.0;46074.36
11514.0;12335.2099609375;10779.0;53252.15
10779.0;10841.419921875;10811.0;65769.4
10811.0;11095.48046875;11396.0;63206.9
11396.0;12043.3896484375;11147.0;43451.17
11147.0;11959.849609375;11069.0;34175.33
11069.0;11650.0595703125;11458.0;56034.32
11458.0;11389.9501953125;11829.0;34202.68
11829.0;11925.6396484375;11217.82;29235.42
11217.82;11857.2099609375;10170.0;25403.56
10170.0;10994.7001953125;10271.98;60668.15
10271.98;10803.51953125;9181.1;42970.31
9181.1;10237.6796875;8890.9;77923.49
8890.9;9767.2197265625;9225.0;122295.12
9225.0;9549.2099609375;8185.2;51633.01
8185.2;8750.3203125;6947.2;73358.09
6947.2;7502.419921875;7678.8;129713.79
7678.8;7131.56005859375;7586.9;191261.95
7586.9;7139.31982421875;8239.7;105883.86
8239.7;7733.490234375;8678.1;76191.69
8678.1;7953.39013671875;8563.0;62039.53
8563.0;8079.9501953125;8070.5;67444.63
8070.5;7721.02978515625;8902.9;51989.7
8902.9;8254.3203125;8511.0;50745.71
8511.0;8238.6904296875;9455.4;39110.35
9455.4;8713.990234375;9996.0;49578.43
9996.0;9230.6201171875;10162.0;66764.46
10162.0;9595.1298828125;11062.0;43335.15
11062.0;10369.51953125;10400.0;52340.58
10400.0;10196.25;11172.0;69450.27
11172.0;10730.669921875;11211.0;50106.92
11211.0;11251.0400390625;10451.0;60463.93
10451.0;10736.8203125;9826.5;75544.56
9826.5;9903.509765625;10144.0;70614.44
10144.0;10057.9501953125;9666.3;58205.62
9666.3;9651.580078125;9578.0;55041.8
9578.0;9704.240234375;10320.0;30452.99
10320.0;10032.3603515625;10576.0;45305.41
10576.0;10284.4501953125;10315.0;39266.87
10315.0;10356.4501953125;10923.0;43015.19
10923.0;10456.7802734375;11024.0;33265.5
11024.0;10571.2900390625;11454.96;28507.94
11454.96;11080.650390625;11500.0;30272.25
11500.0;11161.9697265625;11402.0;27830.1
11402.0;11262.48046875;10720.0;27312.89
10720.0;10814.7099609375;9910.6;43518.95
9910.6;10184.099609375;9300.0;74235.21
9300.0;9592.599609375;9216.2;66904.25
9216.2;9400.259765625;8769.9;96622.37
8769.9;9436.650390625;9527.7;51491.28
9527.7;10054.4501953125;9130.2;69398.46
9130.2;9907.0400390625;9135.2;66568.95
9135.2;10064.3203125;8181.1;60898.78
8181.1;8989.2802734375;8250.0;76878.45
8250.0;8632.509765625;8251.0;81846.53
8251.0;8645.6904296875;7846.2;55777.66
7846.2;8485.23046875;8200.2;48020.07
8200.2;8438.9501953125;8600.2;87487.96
8600.2;8564.33984375;8899.7;72255.07
8899.7;8863.099609375;8888.2;53806.44
8888.2;8896.259765625;8701.6;42505.71
8701.6;8852.7998046875;8916.37;53359.59
8916.37;8748.3896484375;8524.1;44305.49
8524.1;8883.099609375;8445.0;42645.86
8445.0;8767.0302734375;8139.2;30471.02
8139.2;8375.76953125;7784.6;55257.34
7784.6;8235.919921875;7936.1;49911.05
7936.1;8117.47998046875;7094.0;34530.59
7094.0;7688.56982421875;6840.4;75979.85
6840.4;7231.5;6925.4;107146.27
6925.4;7139.72998046875;6812.9;67542.2
6812.9;7110.16015625;7053.4;54554.32
7053.4;7311.080078125;7405.6;44737.52
7405.6;7604.77978515625;6785.9;48600.27
6785.9;6990.27001953125;6768.6;52963.27
6768.6;6853.81005859375;6611.0;45399.15
6611.0;6650.35009765625;6892.6;41713.45
6892.6;6845.830078125;7023.9;39624.96
7023.9;7319.6298828125;6770.0;29068.36
6770.0;6877.43994140625;6837.1;74708.96
6837.1;6870.81982421875;6943.1;25719.72
6943.1;6838.0498046875;7912.0;28376.77
7912.0;7628.60009765625;7886.9;92459.52
7886.9;7800.43994140625;8005.0;59543.01
8005.0;7866.490234375;8357.5;26308.69
8357.5;8011.27001953125;8056.2;31430.91
8056.2;8045.72998046875;7888.9;36752.27
7888.9;7913.830078125;8171.1;27687.12
8171.1;8155.22021484375;8273.0;29073.81
8273.0;8189.75;8865.4;28842.35
8865.4;8598.01953125;8912.5;50425.52
8912.5;8800.3896484375;8791.4;39028.74
8791.4;8594.169921875;8940.0;30556.19
8940.0;8752.3095703125;9646.8;23143.51
9646.8;9342.509765625;8867.5;59439.56
8867.5;8886.0302734375;9276.7;74068.77
9276.7;9096.83984375;8920.1;42931.55
8920.1;8921.5498046875;9345.7;29727.74
9345.7;9196.91015625;9400.0;43106.98
9400.0;9360.2001953125;9240.6;27121.98
9240.6;9374.41015625;9066.8;23173.12
9066.8;8994.849609375;9236.4;25164.66
9236.4;9160.0498046875;9759.0;20115.95
9759.0;9570.26953125;9702.9;36109.94
9702.9;9675.740234375;9861.2;24027.46
9861.2;9817.01953125;9658.7;28877.54
9658.7;9524.8603515625;9370.0;26773.26
9370.0;9462.009765625;9184.7;25441.21
9184.7;9321.76953125;9318.2;25540.94
9318.2;9418.6796875;9018.1;22482.29
9018.1;9302.5302734375;8412.4;23544.37
8412.4;8868.509765625;8466.9;53054.66
8466.9;8701.1201171875;8683.6;36491.48
8683.6;8800.66015625;8670.8;22781.89
8670.8;8801.4404296875;8467.5;36589.7
8467.5;8643.0302734375;8336.1;26072.96
8336.1;8370.51953125;8053.9;32241.14
8053.9;8195.4599609375;8238.9;24896.69
8238.9;8285.349609375;8231.0;23011.73
8231.0;8289.740234375;8523.6;13886.56
8523.6;8433.3701171875;8393.4;15400.81
8393.4;8406.490234375;7977.3;16919.09
7977.3;8115.9501953125;7494.8;20299.58
7494.8;7726.3798828125;7576.7;41101.13
7576.7;7680.22021484375;7456.7;38504.44
7456.7;7634.75;7327.7;25542.6
7327.7;7625.5498046875;7339.7;13769.64
7339.7;7451.22998046875;7097.9;15828.77
7097.9;7222.47998046875;7465.2;26122.18
7465.2;7307.5;7375.12;27660.78
7375.12;7266.02978515625;7485.8;21849.21
7485.8;7318.14990234375;7521.0;18973.55
7521.0;7297.08984375;7638.1;18803.74
7638.1;7470.1201171875;7718.0;17039.91
7718.0;7563.4501953125;7488.3;13646.76
7488.3;7519.7998046875;7621.9;17915.37
7621.9;7479.009765625;7654.0;16484.17
7654.0;7653.10986328125;7688.9;18185.81
7688.9;7724.22021484375;7615.1;10619.38
7615.1;7655.7998046875;7498.5;11938.69
7498.5;7644.33984375;6758.0;7203.26
6758.0;7037.81982421875;6873.3;56593.87
6873.3;6980.3798828125;6543.9;22216.44
6543.9;6826.4501953125;6295.1;31715.02
6295.1;6573.66015625;6633.7;45148.46
6633.7;6786.83984375;6385.0;31988.25
6385.0;6598.2001953125;6485.9;20720.44
6485.9;6585.6298828125;6438.4;13583.72
6438.4;6511.669921875;6709.2;9359.67
6709.2;6591.35986328125;6735.5;25494.05
6735.5;6691.33984375;6760.4;17341.08
6760.4;6830.60986328125;6715.2;18445.86
6715.2;6715.10009765625;6042.6;10613.56
6042.6;6322.169921875;6151.93;54663.34
6151.93;6161.2001953125;6148.04;20390.38
6148.04;6305.6201171875;6246.6;45131.31
6246.6;6398.93017578125;6073.4;27728.35
6073.4;6243.64990234375;6133.09;18770.17
6133.09;6163.669921875;5848.1;17954.54
5848.1;5958.9501953125;6208.1;17658.98
6208.1;6143.5498046875;6391.5;32719.62
6391.5;6370.06005859375;6349.7;23441.4
6349.7;6294.91015625;6617.6;11313.2
6617.6;6419.330078125;6509.0;26550.46
6509.0;6449.5498046875;6590.0;17192.4
6590.0;6381.1201171875;6532.3;22122.81
6532.3;6440.33984375;6602.2;22781.85
6602.2;6511.9501953125;6761.8;14866.61
6761.8;6657.39990234375;6707.0;14855.33
6707.0;6746.31982421875;6666.9;13062.44
6666.9;6661.759765625;6301.8;16262.46
6301.8;6464.77978515625;6377.8;27510.17
6377.8;6404.14013671875;6249.0;16361.58
6249.0;6323.0;6220.0;24459.28
6220.0;6345.91015625;6250.0;19848.07
6250.0;6355.0400390625;6347.2;8887.6
6347.2;6380.27001953125;6729.3;10883.06
6729.3;6579.6201171875;7319.8;30881.81
7319.8;7021.990234375;7379.4;47033.99
7379.4;7193.4501953125;7473.5;39480.19
7473.5;7174.740234375;7333.1;22043.5
7333.1;7135.16015625;7403.4;32069.67
7403.4;7162.6298828125;7400.0;11225.28
7400.0;7238.18017578125;7718.9;17013.67
7718.9;7546.56005859375;8391.88;46360.42
8391.88;8087.08984375;8178.4;63235.76
8178.4;8175.41015625;7939.0;36317.66
7939.0;7957.33984375;8188.0;32297.57
8188.0;8084.06982421875;8235.7;33595.65
8235.7;8169.2900390625;8221.0;12964.14
8221.0;8298.48046875;8179.5;10080.39
8179.5;8269.150390625;7731.3;37313.37
7731.3;7802.8701171875;7606.0;43358.73
7606.0;7670.93994140625;7535.2;30445.04
7535.2;7748.9501953125;7420.0;17561.52
7420.0;7587.5400390625;7013.22;30674.14
7013.22;7200.14990234375;7025.8;30842.38
7025.8;7147.68017578125;6941.2;17526.67
6941.2;7105.81982421875;6716.1;18037.55
6716.1;6992.8701171875;6280.7;31771.16
6280.7;6412.66015625;6533.6;52336.47
6533.6;6483.830078125;6146.7;32854.37
6146.7;6228.919921875;6233.1;42831.75
6233.1;6253.259765625;6313.9;36739.56
6313.9;6361.22998046875;6251.9;22599.89
6251.9;6355.919921875;6189.0;32079.8
6189.0;6204.080078125;6270.2;52350.24
6270.2;6413.60986328125;6315.6;65791.12
6315.6;6370.22998046875;6584.6;24925.89
6584.6;6527.68017578125;6391.2;26509.54
6391.2;6574.52978515625;6485.1;19622.06
6485.1;6549.2998046875;6255.9;15259.36
6255.9;6436.169921875;6479.1;31101.47
6479.1;6555.97021484375;6363.1;27335.2
6363.1;6484.5400390625;6527.2;56790.81
6527.2;6543.06982421875;6693.6;19794.76
6693.6;6640.91015625;6732.9;19880.28
6732.9;6782.009765625;6707.0;16758.99
6707.0;6732.56982421875;6909.4;16456.0
6909.4;6876.4501953125;7079.9;23456.91
7079.9;6987.81005859375;7039.0;29305.2
7039.0;7008.669921875;6986.0;19896.77
6986.0;6998.3798828125;7013.3;24252.01
7013.3;6994.56982421875;7197.4;18892.7
7197.4;7188.47998046875;7300.0;21098.24
7300.0;7320.7001953125;7267.8;44105.22
7267.8;7278.02001953125;7358.9;22133.77
7358.9;7314.0400390625;6704.0;20212.95
6704.0;6874.2998046875;6516.1;54970.16
6516.1;6603.3798828125;6397.0;52327.26
6397.0;6445.7998046875;6184.94;20483.92
6184.94;6276.85009765625;6239.9;21262.85
6239.9;6255.509765625;6314.9;16218.46
6314.9;6322.52001953125;6290.9;14482.9
6290.9;6283.669921875;6332.42;16490.25
6332.42;6279.68994140625;6489.0;16129.25
6489.0;6444.330078125;6480.1;19078.85
6480.1;6436.91015625;6514.9;16230.57
6514.9;6525.81005859375;6498.4;8336.45
6498.4;6526.58984375;6252.0;8642.54
6252.0;6403.16015625;6335.4;22979.62
6335.4;6381.43994140625;6390.9;16001.88
6390.9;6420.43017578125;6493.91;29385.06
6493.91;6509.419921875;6762.1;16255.11
6762.1;6686.68994140625;6723.0;36170.74
6723.0;6703.2099609375;6710.0;17397.03
6710.0;6702.7099609375;6585.1;8492.65
6585.1;6609.669921875;6442.8;17523.91
6442.8;6482.68017578125;6462.4;20030.23
6462.4;6495.919921875;6691.2;13649.44
6691.2;6664.14013671875;6635.2;18178.49
6635.2;6664.9501953125;6597.3;27474.65
6597.3;6608.5;6622.4;16915.98
6622.4;6596.3701171875;6601.9;8406.63
6601.9;6600.259765625;6531.8;10289.55
6531.8;6551.759765625;6503.2;11956.69
6503.2;6520.4501953125;6590.4;14482.24
6590.4;6583.83984375;6639.9;11336.83
6639.9;6635.47998046875;6595.2;12061.79
6595.2;6623.27978515625;6609.4;5758.42
6609.4;6578.85009765625;6673.2;5782.74
6673.2;6643.56982421875;6663.0;12626.59
6663.0;6645.06005859375;6630.07;8032.87
6630.07;6616.22021484375;6251.8;13789.18
6251.8;6355.6298828125;6291.9;40844.29
6291.9;6333.06982421875;6326.5;10396.82
6326.5;6391.64013671875;6336.4;5814.94
6336.4;6459.7900390625;6742.0;11198.45
6742.0;6722.7001953125;6754.2;83966.0
6754.2;6612.4501953125;6736.0;15623.16
6736.0;6584.39990234375;6613.2;8843.35
6613.2;6576.14990234375;6525.1;12356.64
6525.1;6488.2001953125;6586.7;11182.6
6586.7;6598.580078125;6590.9;4675.9
6590.9;6684.740234375;6567.3;4365.46
6567.3;6574.330078125;6550.0;5965.71
6550.0;6552.2099609375;6554.1;8848.64
6554.1;6637.0400390625;6528.0;8413.35
6528.0;6544.41015625;6531.5;8330.38
6531.5;6601.9599609375;6500.2;7421.82
6500.2;6502.06982421875;6490.1;6855.71
6490.1;6467.580078125;6346.5;6840.13
6346.5;6444.330078125;6330.1;19372.47
6330.1;6366.06005859375;6368.39;10698.57
6368.39;6415.60009765625;6406.1;9849.65
6406.1;6428.97021484375;6427.0;9148.0
6427.0;6436.7099609375;6389.1;8065.46
6389.1;6391.56982421875;6491.7;11184.3
6491.7;6457.56005859375;6470.2;8826.37
6470.2;6448.81982421875;6518.7;4791.35
6518.7;6498.60986328125;6572.9;7258.17
6572.9;6546.72021484375;6479.5;10699.55
6479.5;6465.91015625;6418.66;11145.72
6418.66;6438.81005859375;6431.1;10382.26
6431.1;6459.47021484375;6447.9;3252.13
6447.9;6456.83984375;6446.9;7335.43
6446.9;6489.93017578125;6459.07;7294.27
6459.07;6469.89013671875;5922.4;10123.15
5922.4;6043.83984375;5749.6;68585.13
5749.6;5853.4599609375;5655.7;49540.89
5655.7;5784.68017578125;5628.3;18301.01
5628.3;5791.0498046875;5659.5;7950.68
5659.5;5849.60986328125;4920.7;9487.91
4920.7;5117.85986328125;4571.0;71156.34
4571.0;4557.56982421875;4662.7;114919.0
4662.7;4619.64013671875;4369.6;43568.55
4369.6;4435.16015625;4422.7;27904.16
4422.7;4345.64990234375;3929.9;35241.97
3929.9;3722.840087890625;4089.1;49506.31
4089.1;3845.110107421875;3864.1;80342.39
3864.1;3803.449951171875;3882.7;62582.43
3882.7;3802.7099609375;4305.0;45626.89
4305.0;3996.9599609375;4321.9;64638.13
4321.9;4326.39990234375;4039.5;40833.87
4039.5;4159.89013671875;4241.3;41191.43
4241.3;4137.47998046875;4173.0;27175.84
4173.0;4235.77978515625;3901.2;24297.07
3901.2;3991.449951171875;3981.9;35619.79
3981.9;3990.360107421875;3772.9;33031.29
3772.9;3862.5400390625;3531.0;27900.19
3531.0;3567.159912109375;3460.0;56629.65
3460.0;3484.010009765625;3506.0;70438.42
3506.0;3575.0400390625;3642.3;36389.92
3642.3;3567.239990234375;3523.0;24387.49
3523.0;3549.419921875;3435.28;22305.63
3435.28;3380.72998046875;3535.6;23060.23
3535.6;3503.35009765625;3354.3;20348.61
3354.3;3450.7099609375;3281.7;21414.03
3281.7;3335.489990234375;3283.4;28285.82
3283.4;3300.300048828125;3300.8;16908.66
3300.8;3248.070068359375;3625.0;18778.44
3625.0;3433.6201171875;3780.8;32775.02
3780.8;3643.56005859375;3810.0;29061.91
3810.0;3697.239990234375;4214.5;53480.68
4214.5;3870.070068359375;3976.0;64434.68
3976.0;3888.919921875;4135.0;42771.34
4135.0;4042.760009765625;4071.7;19338.09
4071.7;4053.449951171875;4140.7;24223.82
4140.7;4162.68994140625;3909.7;36950.7
3909.7;3884.409912109375;3930.0;33231.27
3930.0;3929.429931640625;3716.0;18956.56
3716.0;3744.699951171875;4036.7;23108.03
4036.7;3959.719970703125;3894.0;26373.27
