close_prediction;entry_test_price;exit_high_price;exit_low_price;high_prediction;low_prediction;ml_tx;test_price;timeStamp;volume
617.3099975585938;981.78;983.0;947.71;797.489990234375;668.530029296875;5.81;974.74;1482883200;11661.46
975.2100219726562;974.74;974.32;929.85;836.5399780273438;821.9199829101562;5.78;959.0;1482969600;11085.44
849.1799926757812;959.0;968.2;945.02;800.010009765625;845.1900024414062;5.76;968.0;1483056000;8418.02
870.02001953125;968.0;1006.5;962.11;937.8699951171875;1028.9200439453125;6.15;998.99;1483142400;3362.91
992.2100219726562;998.99;1035.0;997.3;935.72998046875;838.8400268554688;7.28;1019.3;1483228800;8432.76
899.9199829101562;1019.3;1040.0;1013.9;1008.9099731445312;972.4199829101562;10.67;1037.6;1483315200;12490.0
1023.8099975585938;1037.6;1150.0;1037.6;888.530029296875;897.27001953125;6.44;1139.6;1483401600;7416.83
885.2100219726562;1139.6;1166.0;864.9;924.5;941.530029296875;6.13;1003.9;1483488000;29432.77
904.3099975585938;1003.9;1025.0;873.31;976.530029296875;965.1599731445312;5.94;898.5;1483574400;41803.05
956.3300170898438;898.5;911.09;817.66;1052.8299560546875;904.9400024414062;6.24;908.85;1483660800;25892.43
959.8300170898438;908.85;943.6;890.3;942.4400024414062;864.75;4.71;916.0;1483747200;17273.23
983.1300048828125;916.0;916.7;876.11;1052.550048828125;922.5900268554688;5.86;904.8;1483833600;14609.07
920.1300048828125;904.8;918.0;897.0;1128.0400390625;861.2000122070312;6.52;906.45;1483920000;8001.07
1026.469970703125;906.45;923.66;760.4;1036.239990234375;1009.4099731445312;6.01;779.54;1484006400;6357.19
931.7000122070312;779.54;831.1;744.48;973.5700073242188;904.3400268554688;5.1;804.58;1484092800;27595.4
827.3599853515625;804.58;832.39;776.1;931.4400024414062;663.72998046875;4.77;828.12;1484179200;17021.66
858.4000244140625;828.12;838.45;800.71;837.530029296875;839.280029296875;5.11;815.6;1484265600;12710.82
828.1799926757812;815.6;823.0;805.13;907.7000122070312;933.97998046875;5.4;820.92;1484352000;6343.65
800.3400268554688;820.92;837.97;814.6;908.8400268554688;775.0499877929688;6.25;830.1;1484438400;2568.64
754.260009765625;830.1;910.8;828.95;799.2999877929688;744.219970703125;6.68;903.99;1484524800;4097.92
792.5700073242188;903.99;913.85;847.25;769.25;809.22998046875;5.57;889.42;1484611200;16550.38
938.5399780273438;889.42;910.0;885.0;876.9299926757812;819.0499877929688;5.7;902.35;1484697600;10279.83
982.6500244140625;902.35;904.99;883.41;1166.0899658203125;834.219970703125;5.35;895.96;1484784000;7789.35
844.6500244140625;895.96;931.0;894.24;938.97998046875;826.1199951171875;5.44;924.58;1484870400;5180.42
757.9400024414062;924.58;939.9;892.5;793.9299926757812;833.2999877929688;5.49;923.72;1484956800;7029.91
965.6599731445312;923.72;928.87;908.52;933.7999877929688;875.739990234375;6.56;908.52;1485043200;10662.01
930.02001953125;908.52;927.34;884.21;826.1799926757812;854.3699951171875;7.2;886.75;1485129600;4718.75
895.5999755859375;886.75;899.61;884.21;969.3400268554688;835.969970703125;7.34;893.4;1485216000;9583.2
828.3099975585938;893.4;917.64;893.4;904.1500244140625;843.02001953125;5.84;915.11;1485302400;6086.97
925.760009765625;915.11;922.16;906.81;816.719970703125;879.5499877929688;5.29;916.83;1485388800;5277.23
922.1400146484375;916.83;923.99;915.55;890.0;905.72998046875;5.32;919.74;1485475200;4978.46
836.52001953125;919.74;922.99;911.28;842.1500244140625;924.9600219726562;6.48;912.7;1485561600;1832.96
915.6500244140625;912.7;920.89;910.77;885.6099853515625;897.5399780273438;6.9;917.36;1485648000;1072.96
866.5599975585938;917.36;969.4;916.75;868.0599975585938;871.97998046875;7.05;966.2;1485734400;1540.43
888.6199951171875;966.2;985.0;960.82;998.989990234375;905.8099975585938;6.73;983.73;1485820800;11501.94
879.0399780273438;983.73;1010.6;970.11;891.3200073242188;887.47998046875;5.61;1007.0;1485907200;5962.18
956.7899780273438;1007.0;1020.5;988.32;943.8699951171875;924.4600219726562;5.12;1015.7;1485993600;11188.72
978.530029296875;1015.7;1040.0;1001.8;956.0700073242188;910.489990234375;7.21;1031.1;1486080000;9231.62
941.2000122070312;1031.1;1033.0;999.99;954.0;985.5900268554688;5.7;1007.3;1486166400;9371.15
1040.0;1007.3;1026.3;1006.9;1006.8699951171875;1032.4100341796875;6.62;1022.6;1486252800;6207.84
1151.4599609375;1022.6;1056.4;1022.5;1055.260009765625;1040.8900146484375;6.31;1052.6;1486339200;4743.63
994.02001953125;1052.6;1070.0;1012.7;938.22998046875;933.8499755859375;8.44;1049.0;1486425600;9401.79
970.239990234375;1049.0;1078.0;939.99;986.75;939.989990234375;5.79;984.97;1486512000;11358.79
993.5599975585938;984.97;1002.0;949.4;1009.8499755859375;955.2100219726562;6.21;992.02;1486598400;26675.74
955.25;992.02;1009.0;984.49;983.5700073242188;978.0499877929688;5.16;1001.2;1486684800;13454.15
1036.0899658203125;1001.2;1005.8;992.4;1084.300048828125;1004.8699951171875;5.92;996.01;1486771200;4676.82
987.510009765625;996.01;1004.8;975.3;931.5599975585938;912.5599975585938;7.17;996.51;1486857600;1393.9
1006.6699829101562;996.51;1019.0;988.89;961.27001953125;944.4199829101562;7.96;1013.3;1486944000;4419.66
1008.25;1013.3;1018.2;1002.3;1077.6400146484375;901.739990234375;6.22;1013.9;1487030400;6211.23
977.3800048828125;1013.9;1045.8;1013.9;1080.739990234375;948.8200073242188;5.79;1038.5;1487116800;3445.47
1023.5399780273438;1038.5;1067.4;1034.8;1075.2099609375;992.0700073242188;6.39;1056.2;1487203200;7013.68
924.8499755859375;1056.2;1071.1;1053.2;996.9400024414062;1046.4599609375;6.49;1059.8;1487289600;9606.97
995.8499755859375;1059.8;1066.0;1045.1;1003.0999755859375;1043.0999755859375;5.98;1056.3;1487376000;3833.23
1004.219970703125;1056.3;1103.7;1044.2;999.7999877929688;986.4500122070312;6.85;1091.9;1487462400;2622.15
1062.1099853515625;1091.9;1134.0;1085.1;1035.3199462890625;998.3800048828125;7.72;1129.8;1487548800;8025.32
1071.219970703125;1129.8;1140.0;1106.9;1073.8299560546875;1081.9599609375;6.98;1125.9;1487635200;14607.58
1078.5899658203125;1125.9;1197.0;1121.1;1084.280029296875;1031.47998046875;7.36;1189.5;1487721600;6937.54
1110.43994140625;1189.5;1222.4;1111.2;1122.81005859375;1079.02001953125;7.39;1186.1;1487808000;16263.98
1074.2900390625;1186.1;1189.9;1131.4;1073.6199951171875;1037.1800537109375;6.43;1153.4;1487894400;22261.43
1082.050048828125;1153.4;1186.1;1130.9;1093.969970703125;1032.56005859375;6.19;1178.3;1487980800;6950.14
1137.030029296875;1178.3;1204.0;1171.1;1142.5999755859375;1077.510009765625;6.52;1195.5;1488067200;5297.34
1124.6300048828125;1195.5;1216.0;1178.1;1179.5400390625;1103.68994140625;7.95;1189.5;1488153600;6030.86
1169.18994140625;1189.5;1236.4;1186.1;1206.5999755859375;1143.469970703125;7.7;1233.8;1488240000;7806.33
1183.4000244140625;1233.8;1285.9;1212.8;1223.18994140625;1143.469970703125;6.58;1258.0;1488326400;12975.66
1185.8199462890625;1258.0;1294.9;1257.6;1273.5799560546875;1148.6199951171875;7.08;1289.2;1488412800;15655.08
1155.1400146484375;1289.2;1291.9;1241.1;1183.3900146484375;1118.199951171875;6.87;1267.8;1488499200;9584.35
1221.47998046875;1267.8;1279.9;1245.3;1265.4000244140625;1209.050048828125;6.93;1278.5;1488585600;4708.93
1192.77001953125;1278.5;1287.8;1268.4;1253.1400146484375;1187.4599609375;8.72;1279.3;1488672000;5047.63
1232.010009765625;1279.3;1282.0;1185.6;1265.8699951171875;1203.0400390625;8.37;1232.4;1488758400;4690.64
1245.0699462890625;1232.4;1243.6;1143.4;1264.9100341796875;1168.5899658203125;8.15;1149.7;1488844800;18877.63
1204.8399658203125;1149.7;1207.6;1136.1;1281.0699462890625;1187.7900390625;6.87;1190.4;1488931200;20586.52
1212.449951171875;1190.4;1339.9;989.99;1290.1600341796875;1204.9100341796875;7.11;1115.4;1489017600;14057.76
1198.5899658203125;1115.4;1196.6;1106.9;1268.56005859375;1141.6099853515625;7.11;1172.9;1489104000;50583.16
1166.449951171875;1172.9;1232.7;1168.3;1225.6500244140625;1119.1600341796875;6.91;1225.2;1489190400;16363.53
1147.0400390625;1225.2;1247.3;1206.9;1185.7099609375;1108.3900146484375;7.74;1238.5;1489276800;10872.59
1154.4100341796875;1238.5;1258.8;1218.9;1253.8499755859375;1096.93994140625;10.27;1245.0;1489363200;11397.31
1138.52001953125;1245.0;1263.9;1242.5;1184.050048828125;1119.449951171875;8.39;1257.3;1489449600;10292.45
1190.4000244140625;1257.3;1259.7;1132.6;1219.75;1053.719970703125;7.21;1168.9;1489536000;8023.4
1177.06005859375;1168.9;1169.8;1065.8;1257.3199462890625;1111.0699462890625;7.86;1069.0;1489622400;19772.34
1195.6400146484375;1069.0;1097.9;936.2;1145.3199462890625;1118.8299560546875;6.66;971.5;1489708800;23868.7
1105.989990234375;971.5;1059.0;970.0;1133.0799560546875;1086.97998046875;6.81;1016.5;1489795200;35792.48
1072.3699951171875;1016.5;1052.1;1011.4;1132.1199951171875;1079.4100341796875;6.94;1039.1;1489881600;21202.03
1129.43994140625;1039.1;1122.3;1039.0;1181.719970703125;1108.719970703125;7.11;1115.9;1489968000;10569.31
1156.5799560546875;1115.9;1116.0;986.8;1200.72998046875;1138.699951171875;6.77;1039.1;1490054400;18740.07
1085.72998046875;1039.1;1055.0;1018.1;1090.0699462890625;1064.3599853515625;7.11;1033.0;1490140800;18597.32
994.5499877929688;1033.0;1034.6;929.01;1104.8599853515625;981.75;5.96;942.24;1490227200;10761.87
970.9199829101562;942.24;980.6;891.0;1053.6400146484375;966.969970703125;6.57;972.17;1490313600;19050.26
1030.7099609375;972.17;1006.0;950.15;1056.77001953125;971.5800170898438;6.09;969.0;1490400000;23500.16
1028.6400146484375;969.0;1046.9;960.25;1027.510009765625;973.3400268554688;7.12;1042.8;1490486400;16306.17
1077.3900146484375;1042.8;1068.9;1016.8;1056.18994140625;979.47998046875;8.58;1044.9;1490572800;17730.67
1046.93994140625;1044.9;1059.0;1009.4;1101.8299560546875;984.5;7.96;1041.8;1490659200;12420.23
1035.8499755859375;1041.8;1053.5;1021.6;1102.02001953125;973.7899780273438;6.46;1041.2;1490745600;11579.58
1039.5699462890625;1041.2;1089.4;1041.1;1072.300048828125;987.5;6.76;1081.9;1490832000;11987.36
1013.8900146484375;1081.9;1106.9;1070.2;1020.1599731445312;957.280029296875;6.63;1093.2;1490918400;15872.27
1069.4599609375;1093.2;1118.2;1081.1;1110.8399658203125;1013.8900146484375;7.47;1107.6;1491004800;8562.36
1112.43994140625;1107.6;1159.9;1107.6;1119.6300048828125;1086.550048828125;7.86;1150.2;1491091200;11235.16
1084.72998046875;1150.2;1165.6;1124.1;1092.3599853515625;1060.739990234375;8.49;1145.1;1491177600;16555.94
1080.6099853515625;1145.1;1146.7;1112.2;1087.8800048828125;999.5999755859375;7.18;1140.4;1491264000;9913.47
1135.1300048828125;1140.4;1206.4;1140.4;1154.8599853515625;1067.449951171875;8.27;1191.5;1491350400;10689.83
1119.9200439453125;1191.5;1209.0;1177.6;1110.7099609375;1080.5899658203125;6.46;1197.0;1491436800;19722.29
1087.699951171875;1197.0;1202.9;1171.3;1095.68994140625;998.719970703125;7.5;1188.1;1491523200;12584.28
1181.989990234375;1188.1;1226.9;1180.4;1133.530029296875;1105.1199951171875;7.36;1215.9;1491609600;5104.19
1228.3900146484375;1215.9;1229.9;1208.2;1182.43994140625;1190.1199951171875;9.68;1220.3;1491696000;10519.97
1219.5;1220.3;1244.7;1209.2;1202.0799560546875;1192.280029296875;9.51;1235.6;1491782400;5313.11
1265.5400390625;1235.6;1244.3;1222.0;1273.219970703125;1214.9000244140625;8.08;1227.4;1491868800;5564.51
1204.8699951171875;1227.4;1235.3;1163.9;1190.8800048828125;1171.6099853515625;7.2;1187.0;1491955200;5841.74
1188.6199951171875;1187.0;1219.2;1184.1;1196.0899658203125;1130.3800048828125;8.09;1206.8;1492041600;8150.07
1225.5699462890625;1206.8;1215.0;1190.1;1236.81005859375;1186.6099853515625;9.62;1193.5;1492128000;7213.31
1188.1400146484375;1193.5;1217.6;1190.4;1210.0999755859375;1159.5;7.56;1213.5;1492214400;3880.64
1224.469970703125;1213.5;1247.0;1202.2;1211.47998046875;1207.77001953125;8.11;1240.0;1492300800;3292.79
1200.47998046875;1240.0;1274.8;1237.1;1232.06005859375;1219.8900146484375;10.51;1265.4;1492387200;8961.79
1203.77001953125;1265.4;1272.0;1255.0;1265.4599609375;1223.9300537109375;8.94;1260.6;1492473600;10801.77
1203.9599609375;1260.6;1326.9;1260.5;1249.93994140625;1221.1700439453125;7.29;1308.4;1492560000;3909.3
1217.5400390625;1308.4;1333.1;1307.0;1214.3900146484375;1245.8800048828125;7.19;1327.0;1492646400;9020.72
1266.8800048828125;1327.0;1354.9;1290.2;1272.260009765625;1220.800048828125;8.6;1346.4;1492732800;4123.2
1276.8699951171875;1346.4;1359.0;1336.1;1288.0899658203125;1254.1400146484375;7.03;1357.2;1492819200;4974.2
1286.199951171875;1357.2;1359.6;1327.0;1307.25;1283.8599853515625;8.47;1345.0;1492905600;4215.03
1333.030029296875;1345.0;1378.5;1342.2;1346.3599853515625;1284.5400390625;9.68;1375.6;1492992000;3629.52
1321.3499755859375;1375.6;1411.7;1364.9;1358.75;1275.4000244140625;10.25;1400.0;1493078400;5540.29
1317.989990234375;1400.0;1449.7;1392.6;1327.43994140625;1304.31005859375;7.15;1443.0;1493164800;6224.78
1389.1800537109375;1443.0;1447.0;1366.7;1383.530029296875;1334.300048828125;7.06;1415.6;1493251200;6055.99
1411.3800048828125;1415.6;1439.5;1401.5;1456.25;1340.56005859375;8.15;1424.8;1493337600;5995.6
1399.1400146484375;1424.8;1443.7;1403.0;1363.449951171875;1349.8699951171875;7.95;1435.2;1493424000;4354.44
1442.3599853515625;1435.2;1560.0;1432.2;1449.1300048828125;1406.4000244140625;7.1;1533.1;1493510400;4454.18
1402.1600341796875;1533.1;1604.6;1479.2;1440.780029296875;1361.1099853515625;8.97;1559.6;1493596800;12810.64
1423.3800048828125;1559.6;1627.0;1542.0;1464.8599853515625;1408.739990234375;8.68;1617.8;1493683200;8137.63
1498.5999755859375;1617.8;1702.0;1519.9;1527.4100341796875;1464.6199951171875;7.96;1607.0;1493769600;9400.17
1532.72998046875;1607.0;1665.9;1511.7;1589.8399658203125;1485.0;9.28;1546.8;1493856000;15122.35
1513.68994140625;1546.8;1605.1;1545.2;1523.4000244140625;1490.02001953125;7.83;1597.0;1493942400;13657.96
1517.6400146484375;1597.0;1632.5;1575.2;1538.199951171875;1483.989990234375;10.48;1619.9;1494028800;7377.16
1531.3499755859375;1619.9;1715.0;1619.8;1583.0400390625;1512.5699462890625;7.8;1703.5;1494115200;7688.11
1606.1500244140625;1703.5;1815.0;1695.2;1621.6199951171875;1553.949951171875;8.91;1760.0;1494201600;11669.75
1650.4000244140625;1760.0;1817.4;1723.0;1672.3800048828125;1590.2099609375;8.1;1796.9;1494288000;15904.48
1679.68994140625;1796.9;1908.1;1766.5;1699.989990234375;1591.8499755859375;9.37;1854.0;1494374400;9377.01
1635.9300537109375;1854.0;1864.8;1701.7;1706.199951171875;1572.3199462890625;10.33;1735.2;1494460800;13303.15
1705.8900146484375;1735.2;1825.0;1666.1;1810.7900390625;1634.0400390625;11.23;1820.4;1494547200;8939.51
1735.510009765625;1820.4;1852.4;1780.1;1784.0899658203125;1670.0899658203125;9.78;1828.1;1494633600;7996.62
1709.1500244140625;1828.1;1830.4;1719.0;1743.31005859375;1641.2099609375;9.66;1772.0;1494720000;5699.14
1753.4300537109375;1772.0;1795.1;1728.1;1770.2099609375;1681.3800048828125;8.64;1786.2;1494806400;7263.14
1776.31005859375;1786.2;1894.0;1766.5;1835.3800048828125;1689.47998046875;9.45;1870.5;1494892800;5293.0
1783.3199462890625;1870.5;1954.6;1863.1;1850.1500244140625;1714.8499755859375;14.03;1941.5;1494979200;9734.57
1791.719970703125;1941.5;2000.0;1926.0;1933.2099609375;1756.8299560546875;10.29;1966.5;1495065600;7191.32
1773.02001953125;1966.5;2072.2;1966.3;1863.1600341796875;1720.6600341796875;11.82;2059.7;1495152000;9912.74
1798.75;2059.7;2099.1;2000.8;1863.050048828125;1713.3299560546875;11.24;2029.2;1495238400;11023.5
1822.9200439453125;2029.2;2222.2;1979.9;1864.5899658203125;1773.0999755859375;10.36;2087.3;1495324800;6760.99
1946.3800048828125;2087.3;2264.2;2064.3;2002.300048828125;1890.77001953125;11.55;2249.6;1495411200;26627.82
1967.9000244140625;2249.6;2444.9;2248.9;2010.81005859375;1900.9000244140625;11.71;2394.9;1495497600;12067.86
2088.68994140625;2394.9;2690.0;2141.3;2134.5400390625;2014.31005859375;11.05;2268.1;1495584000;15326.45
2127.68994140625;2268.1;2477.0;2007.5;2257.389892578125;2053.6298828125;13.12;2125.9;1495670400;24789.43
2132.6201171875;2125.9;2210.8;1810.2;2290.27001953125;2041.0699462890625;12.2;1980.2;1495756800;17940.31
2067.0;1980.2;2194.4;1951.1;2243.1201171875;1968.239990234375;11.9;2056.9;1495843200;20279.23
1966.8800048828125;2056.9;2249.8;1990.1;2118.800048828125;1903.300048828125;11.27;2207.4;1495929600;13266.61
2091.6298828125;2207.4;2265.0;2081.1;2294.52001953125;1967.3399658203125;12.97;2146.9;1496016000;9091.49
2134.25;2146.9;2241.0;2000.5;2263.679931640625;2013.449951171875;12.58;2191.83;1496102400;10574.52
2142.320068359375;2191.83;2368.2;2187.3;2315.679931640625;1994.719970703125;11.4;2312.0;1496188800;10468.53
2034.0999755859375;2312.0;2408.0;2267.7;2196.22998046875;1915.81005859375;13.08;2405.88;1496275200;9735.58
2166.360107421875;2405.88;2481.2;2347.7;2305.77001953125;2037.5;13.7;2462.0;1496361600;7065.36
2131.169921875;2462.0;2498.0;2376.0;2317.10009765625;2006.1199951171875;17.3;2488.2;1496448000;5749.39
2251.280029296875;2488.2;2649.5;2480.8;2311.27001953125;2131.68994140625;15.08;2636.9;1496534400;5661.25
2386.89990234375;2636.9;2899.7;2622.8;2396.81005859375;2266.27001953125;17.14;2844.4;1496620800;8671.97
2534.820068359375;2844.4;2850.0;2600.13;2586.9599609375;2383.030029296875;17.0;2644.0;1496707200;20991.11
2523.110107421875;2644.0;2789.5;2570.2;2698.840087890625;2416.52001953125;17.5;2782.0;1496793600;9636.04
2731.610107421875;2782.0;2849.8;2770.0;2864.179931640625;2565.0;14.49;2809.0;1496880000;8630.75
2548.9599609375;2809.0;2890.5;2714.0;2586.2900390625;2435.4599609375;16.56;2806.3;1496966400;5173.82
2629.18994140625;2806.3;3003.0;2794.7;2688.830078125;2517.179931640625;18.43;2936.4;1497052800;8256.97
2770.719970703125;2936.4;2962.2;2288.0;2860.419921875;2663.489990234375;21.21;2569.6;1497139200;10204.09
2679.60009765625;2569.6;2730.0;2532.2;2836.25;2540.3701171875;24.69;2676.1;1497225600;19695.24
2622.300048828125;2676.1;2722.42;2282.1;2811.89990234375;2459.5400390625;17.7;2394.3;1497312000;12639.14
2455.469970703125;2394.3;2455.0;2050.0;2692.0400390625;2294.3798828125;17.05;2377.6;1497398400;15619.42
2412.929931640625;2377.6;2487.0;2258.2;2566.68994140625;2233.050048828125;15.9;2437.4;1497484800;25918.11
2459.320068359375;2437.4;2636.9;2369.1;2576.14990234375;2265.409912109375;14.97;2610.1;1497571200;10709.99
2565.2099609375;2610.1;2640.0;2421.1;2637.159912109375;2382.60009765625;16.95;2491.5;1497657600;8635.37
2487.070068359375;2491.5;2593.9;2481.2;2559.139892578125;2289.68994140625;21.06;2582.0;1497744000;7271.52
2498.10009765625;2582.0;2780.0;2569.0;2644.760009765625;2311.050048828125;22.74;2714.4;1497830400;6804.0
2550.6298828125;2714.4;2760.0;2574.7;2734.35009765625;2385.52001953125;17.73;2624.4;1497916800;10281.09
2557.909912109375;2624.4;2709.0;2554.9;2737.14990234375;2378.72998046875;18.72;2672.8;1498003200;10296.11
2621.199951171875;2672.8;2726.0;2653.1;2703.840087890625;2491.610107421875;17.52;2674.9;1498089600;6249.61
2642.699951171875;2674.9;2700.0;2459.0;2698.070068359375;2538.090087890625;18.68;2506.7;1498176000;3867.99
2618.27001953125;2506.7;2595.0;2369.4;2749.300048828125;2503.510009765625;19.03;2481.8;1498262400;7028.39
2586.6201171875;2481.8;2510.4;2258.8;2718.699951171875;2473.4599609375;21.84;2393.6;1498348800;8703.89
2518.239990234375;2393.6;2524.0;2207.9;2651.330078125;2378.22998046875;25.92;2521.3;1498435200;16431.76
2509.68994140625;2521.3;2566.8;2403.28;2662.199951171875;2413.43994140625;17.05;2518.2;1498521600;15522.19
2457.280029296875;2518.2;2537.8;2424.6;2552.330078125;2326.56005859375;17.78;2472.4;1498608000;9794.12
2493.929931640625;2472.4;2511.1;2406.6;2566.949951171875;2364.830078125;16.92;2420.7;1498694400;5909.32
2413.090087890625;2420.7;2441.0;2291.03;2543.0;2275.330078125;20.43;2346.2;1498780800;5081.3
2382.14990234375;2346.2;2476.3;2302.2;2470.0400390625;2245.0;17.17;2445.1;1498867200;5906.84
2386.60009765625;2445.1;2587.4;2418.0;2456.89990234375;2283.97998046875;20.54;2530.4;1498953600;6871.59
2434.489990234375;2530.4;2628.6;2513.6;2466.360107421875;2309.610107421875;23.95;2586.3;1499040000;8218.07
2549.77001953125;2586.3;2619.0;2481.4;2566.0400390625;2421.419921875;18.87;2598.6;1499126400;7351.25
2579.580078125;2598.6;2607.1;2550.0;2589.820068359375;2460.989990234375;18.65;2593.3;1499212800;5648.73
2481.840087890625;2593.3;2598.8;2447.2;2551.110107421875;2322.239990234375;20.71;2479.3;1499299200;4419.91
2492.820068359375;2479.3;2542.6;2437.3;2571.14990234375;2355.179931640625;21.12;2542.0;1499385600;7097.41
2544.989990234375;2542.0;2555.6;2473.1;2598.340087890625;2443.919921875;19.07;2481.4;1499472000;4803.19
2492.47998046875;2481.4;2499.9;2239.2;2538.52001953125;2367.530029296875;21.97;2318.3;1499558400;2772.83
2442.1201171875;2318.3;2375.0;2183.1;2549.4599609375;2313.22998046875;25.75;2285.5;1499644800;10718.62
2403.699951171875;2285.5;2397.0;2198.5;2481.280029296875;2328.9599609375;17.12;2375.9;1499731200;16143.6
2373.7900390625;2375.9;2400.0;2293.8;2444.43994140625;2321.14990234375;15.79;2329.4;1499817600;10753.76
2359.75;2329.4;2345.6;2139.1;2422.0;2315.6201171875;17.26;2206.5;1499904000;8385.03
2181.3701171875;2206.5;2210.1;1975.8;2300.85009765625;2133.27001953125;17.76;1978.6;1499990400;12567.06
2163.2099609375;1978.6;2051.1;1836.0;2305.580078125;2083.9599609375;17.78;1925.0;1500076800;17274.64
2095.739990234375;1925.0;2223.5;1923.9;2248.929931640625;2001.989990234375;17.48;2220.0;1500163200;25955.52
2153.739990234375;2220.0;2380.2;2139.2;2286.830078125;2085.820068359375;17.49;2302.8;1500249600;21628.69
2261.840087890625;2302.8;2400.0;2214.0;2331.02001953125;2148.320068359375;17.54;2256.7;1500336000;21755.78
2236.530029296875;2256.7;2922.0;2253.3;2314.909912109375;2160.3798828125;16.49;2865.2;1500422400;16537.02
2376.14990234375;2865.2;2890.0;2615.1;2481.89990234375;2220.090087890625;16.52;2663.9;1500508800;46196.66
2423.199951171875;2663.9;2917.0;2643.1;2530.550048828125;2259.429931640625;22.26;2844.7;1500595200;27397.31
2472.989990234375;2844.7;2877.5;2656.0;2565.409912109375;2216.2099609375;18.13;2749.3;1500681600;19836.99
2460.9599609375;2749.3;2812.0;2707.3;2538.429931640625;2297.090087890625;24.62;2769.8;1500768000;15063.05
2556.419921875;2769.8;2790.1;2426.1;2643.02001953125;2399.449951171875;28.58;2561.0;1500854400;9688.71
2642.909912109375;2561.0;2612.0;2404.0;2759.070068359375;2392.14990234375;20.95;2527.74;1500940800;22958.25
2586.590087890625;2527.74;2682.2;2512.5;2671.6298828125;2449.580078125;19.43;2664.6;1501027200;16231.35
2687.179931640625;2664.6;2820.0;2657.4;2807.639892578125;2496.31005859375;19.77;2784.9;1501113600;18074.82
2709.760009765625;2784.9;2794.2;2662.6;2782.1298828125;2472.6298828125;22.24;2713.9;1501200000;22958.61
2583.97998046875;2713.9;2760.0;2588.9;2716.5;2458.949951171875;20.71;2748.2;1501286400;11339.72
2558.469970703125;2748.2;2883.5;2695.0;2647.909912109375;2497.27001953125;24.62;2854.4;1501372800;15380.59
2670.52001953125;2854.4;2902.2;2611.1;2724.780029296875;2560.929931640625;26.74;2733.8;1501459200;15542.31
2692.669921875;2733.8;2758.0;2620.0;2776.639892578125;2582.679931640625;24.02;2702.6;1501545600;21536.56
2652.830078125;2702.6;2820.0;2699.0;2731.139892578125;2592.409912109375;40.69;2790.4;1501632000;11616.75
2741.889892578125;2790.4;2876.0;2763.0;2789.090087890625;2767.340087890625;23.65;2860.0;1501718400;10264.93
2771.219970703125;2860.0;3339.5;2855.2;2825.52001953125;2791.989990234375;24.72;3254.9;1501804800;9999.55
2804.199951171875;3254.9;3315.5;3156.1;2938.5400390625;2658.080078125;22.74;3232.0;1501891200;28178.62
2959.7900390625;3232.0;3440.0;3190.1;3080.840087890625;2791.010009765625;25.94;3396.0;1501977600;7841.78
3012.969970703125;3396.0;3483.8;3342.7;3057.469970703125;2886.739990234375;30.11;3415.0;1502064000;12752.07
3232.56005859375;3415.0;3430.0;3235.6;3265.419921875;3080.300048828125;25.1;3340.4;1502150400;14427.85
3068.2099609375;3340.4;3447.0;3310.1;3182.60009765625;2991.090087890625;22.8;3408.7;1502236800;11530.43
3135.280029296875;3408.7;3695.0;3388.4;3221.409912109375;3029.199951171875;24.06;3643.4;1502323200;9729.66
3373.580078125;3643.4;3970.1;3591.8;3427.52001953125;3180.469970703125;24.08;3865.3;1502409600;14367.52
3529.5400390625;3865.3;4190.0;3836.0;3561.2900390625;3329.110107421875;23.91;4061.6;1502496000;19364.84
3536.0400390625;4061.6;4330.3;3969.8;3616.260009765625;3345.43994140625;27.44;4321.0;1502582400;24373.17
3878.820068359375;4321.0;4430.0;3833.5;3959.0;3607.89990234375;28.45;4151.9;1502668800;18501.25
3742.449951171875;4151.9;4405.0;3928.2;3817.429931640625;3552.989990234375;30.67;4386.4;1502755200;28961.34
3883.360107421875;4386.4;4492.3;4170.3;4006.449951171875;3676.14990234375;24.38;4263.0;1502841600;18174.57
4013.60009765625;4263.0;4360.0;3955.1;4170.52978515625;3864.919921875;29.06;4092.2;1502928000;19367.68
4048.419921875;4092.2;4187.0;3910.0;4201.97021484375;3819.39990234375;22.17;4145.1;1503014400;21759.87
4154.0498046875;4145.1;4199.9;3991.0;4298.33984375;3903.72998046875;24.39;4060.0;1503100800;19123.52
4072.3798828125;4060.0;4094.7;3956.1;4190.830078125;3897.860107421875;28.84;3998.2;1503187200;12513.63
3939.199951171875;3998.2;4141.9;3600.1;4017.39990234375;3784.800048828125;35.61;4083.7;1503273600;14573.41
3942.610107421875;4083.7;4255.2;4053.1;4046.02001953125;3739.219970703125;31.35;4132.0;1503360000;30665.88
3969.93994140625;4132.0;4381.0;4090.0;4065.590087890625;3748.52001953125;39.47;4324.4;1503446400;13680.03
4044.340087890625;4324.4;4464.2;4259.9;4160.56982421875;3823.06005859375;24.12;4351.5;1503532800;13113.33
4102.4599609375;4351.5;4364.0;4243.5;4192.009765625;3913.0;40.33;4341.1;1503619200;13655.06
4099.93994140625;4341.1;4406.7;4305.0;4236.0;4002.06005859375;38.55;4335.2;1503705600;6820.09
4195.6201171875;4335.2;4395.5;4175.1;4395.990234375;4126.0498046875;36.2;4385.4;1503792000;5547.35
4235.0400390625;4385.4;4648.8;4336.5;4340.330078125;4140.740234375;31.3;4587.1;1503878400;10839.83
4273.169921875;4587.1;4643.0;4481.1;4365.35986328125;4128.85009765625;36.0;4568.0;1503964800;17434.08
4408.5400390625;4568.0;4749.9;4567.9;4479.97998046875;4267.080078125;30.52;4718.3;1504051200;7263.17
4445.75;4718.3;4936.9;4660.1;4484.7099609375;4302.5498046875;30.59;4912.4;1504137600;10015.51
4588.06982421875;4912.4;4970.0;4400.2;4651.91015625;4449.72021484375;30.93;4532.3;1504224000;14061.84
4479.759765625;4532.3;4699.9;4331.1;4547.009765625;4352.169921875;32.79;4598.5;1504310400;22470.41
4463.27978515625;4598.5;4611.6;4055.0;4536.2099609375;4367.3701171875;35.37;4207.5;1504396800;15556.1
4422.81005859375;4207.5;4471.0;3925.2;4540.6201171875;4253.3798828125;44.47;4375.0;1504483200;25125.3
4382.77001953125;4375.0;4633.7;4359.8;4527.16015625;4156.22021484375;28.91;4593.1;1504569600;29796.93
4535.18017578125;4593.1;4675.0;4463.3;4684.8701171875;4285.22021484375;29.22;4613.6;1504656000;22725.08
4597.43994140625;4613.6;4694.9;4106.1;4758.009765625;4399.77001953125;30.46;4304.9;1504742400;11990.69
4475.75;4304.9;4395.2;4157.8;4671.9599609375;4285.02001953125;33.28;4319.4;1504828800;26514.4
4281.97021484375;4319.4;4330.0;3974.7;4483.06005859375;4066.77001953125;29.18;4233.9;1504915200;14766.56
4277.75;4233.9;4383.2;4123.1;4511.97021484375;4018.830078125;36.63;4203.0;1505001600;20817.02
4337.47998046875;4203.0;4379.0;4053.0;4503.259765625;4134.89990234375;40.02;4149.5;1505088000;16604.61
4345.169921875;4149.5;4160.0;3731.8;4449.35986328125;4160.43994140625;31.14;3849.7;1505174400;20265.97
4124.27978515625;3849.7;3917.2;3206.2;4311.080078125;3968.43994140625;30.16;3236.1;1505260800;35099.7
3827.43994140625;3236.1;3809.0;2980.7;4111.60009765625;3636.590087890625;27.03;3697.1;1505347200;51957.94
3769.97998046875;3697.1;3875.0;3512.6;4097.509765625;3488.22998046875;22.11;3681.5;1505433600;93710.75
3901.429931640625;3681.5;3782.0;3471.9;4158.7001953125;3627.610107421875;23.11;3666.6;1505520000;29481.84
3766.530029296875;3666.6;4119.0;3666.9;4020.7900390625;3508.659912109375;30.7;4085.0;1505606400;17773.24
3943.9599609375;4085.0;4114.0;3837.2;4117.72021484375;3689.2900390625;35.68;3898.1;1505692800;33914.89
3929.320068359375;3898.1;4049.0;3829.8;4084.89990234375;3672.0;33.81;3872.7;1505779200;22057.78
3856.85009765625;3872.7;3905.0;3562.0;4043.6298828125;3666.5400390625;25.23;3603.9;1505865600;16032.82
3758.340087890625;3603.9;3748.0;3490.5;3959.35009765625;3516.320068359375;31.0;3602.3;1505952000;23871.7
3682.739990234375;3602.3;3808.7;3556.0;3889.5;3499.320068359375;26.4;3779.6;1506038400;24880.91
3696.5400390625;3779.6;3783.0;3618.5;3862.679931640625;3499.409912109375;29.99;3654.7;1506124800;14650.18
3827.830078125;3654.7;3977.0;3653.7;3900.1201171875;3597.10009765625;34.84;3930.1;1506211200;9966.83
3823.330078125;3930.1;3985.0;3847.0;3920.610107421875;3695.969970703125;36.47;3881.5;1506297600;22372.28
3822.35009765625;3881.5;4229.5;3877.7;3919.840087890625;3687.050048828125;32.36;4209.7;1506384000;9816.92
3838.760009765625;4209.7;4269.0;4125.0;3959.22998046875;3721.199951171875;27.83;4190.7;1506470400;28899.52
3981.889892578125;4190.7;4245.0;4024.7;4055.909912109375;3825.97998046875;29.11;4168.0;1506556800;17732.83
4030.860107421875;4168.0;4397.0;4160.1;4067.6201171875;3826.81005859375;28.42;4367.1;1506643200;18576.01
4005.780029296875;4367.1;4424.0;4249.7;4111.68994140625;3932.02001953125;30.07;4404.3;1506729600;18104.09
4305.47021484375;4404.3;4482.0;4359.5;4330.0400390625;4129.2900390625;38.5;4401.1;1506816000;13178.23
4343.66015625;4401.1;4439.9;4217.5;4419.60009765625;4246.169921875;40.12;4310.4;1506902400;14690.55
4272.52978515625;4310.4;4359.2;4176.2;4350.47998046875;4163.47998046875;27.79;4215.8;1506988800;12942.56
4252.41015625;4215.8;4372.3;4133.1;4287.5498046875;4036.550048828125;27.89;4312.0;1507075200;12875.95
4392.830078125;4312.0;4425.8;4284.9;4400.6298828125;4134.06982421875;32.76;4370.2;1507161600;13604.12
4394.1298828125;4370.2;4505.0;4314.9;4418.08984375;4172.669921875;29.22;4437.5;1507248000;14018.57
4393.64013671875;4437.5;4632.4;4417.5;4457.39013671875;4270.31005859375;28.05;4611.9;1507334400;10394.49
4349.240234375;4611.9;4879.8;4554.5;4455.93017578125;4302.06005859375;36.85;4782.3;1507420800;18328.58
4621.81005859375;4782.3;4940.0;4716.9;4703.39990234375;4525.10009765625;35.05;4777.7;1507507200;27231.01
4550.18017578125;4777.7;4881.4;4715.4;4669.89990234375;4494.0498046875;29.45;4824.9;1507593600;22280.47
4574.4501953125;4824.9;5445.0;4815.1;4715.2001953125;4528.990234375;28.7;5440.0;1507680000;14451.07
4823.009765625;5440.0;5899.9;5374.8;4991.7001953125;4751.25;30.43;5636.8;1507766400;44309.71
5058.06005859375;5636.8;5857.4;5568.0;5248.52978515625;4862.0;33.95;5834.8;1507852800;49113.14
5080.009765625;5834.8;5877.0;5450.1;5214.7998046875;4926.43994140625;33.35;5713.9;1507939200;20636.96
5115.47998046875;5713.9;5810.0;5570.2;5297.1298828125;4979.85986328125;36.13;5764.8;1508025600;25087.35
5245.39990234375;5764.8;5779.0;5512.4;5347.02978515625;5026.4599609375;36.26;5597.0;1508112000;15390.11
5405.89990234375;5597.0;5597.9;5114.1;5517.1201171875;5186.2998046875;33.47;5568.0;1508198400;14022.73
5300.22998046875;5568.0;5744.0;5505.8;5399.89990234375;5051.02001953125;30.01;5694.2;1508284800;33027.16
5389.259765625;5694.2;6088.4;5603.4;5495.64013671875;5159.27978515625;30.13;5983.8;1508371200;20274.44
5687.4599609375;5983.8;6199.9;5873.4;5779.75;5391.60009765625;28.89;6005.1;1508457600;35129.73
5695.75;6005.1;6075.0;5708.5;5812.009765625;5440.14013671875;34.75;5982.7;1508544000;27232.81
5640.2001953125;5982.7;6055.0;5625.0;5768.7099609375;5436.18994140625;35.4;5907.0;1508630400;23288.19
5657.68994140625;5907.0;5907.0;5457.6;5768.60986328125;5442.1201171875;37.34;5510.0;1508716800;31140.71
5542.85009765625;5510.0;5746.9;5367.9;5692.64990234375;5323.990234375;33.78;5724.3;1508803200;26464.2
5677.990234375;5724.3;5966.6;5670.0;5812.81005859375;5448.22021484375;29.08;5889.9;1508889600;22263.91
5777.669921875;5889.9;6020.0;5682.0;5911.31982421875;5538.47021484375;33.41;5759.7;1508976000;21812.08
5875.919921875;5759.7;5864.0;5633.0;6031.18017578125;5650.58984375;39.69;5720.4;1509062400;17669.72
5728.68994140625;5720.4;6345.0;5662.9;5872.31005859375;5518.85986328125;43.41;6152.1;1509148800;13129.12
5772.97021484375;6152.1;6239.0;6009.9;5929.9599609375;5513.89013671875;51.66;6128.2;1509235200;32877.19
5835.8701171875;6128.2;6481.5;6083.5;6006.509765625;5634.4501953125;33.52;6455.1;1509321600;15760.0
6014.02001953125;6455.1;6739.9;6348.2;6197.64013671875;5848.990234375;35.19;6739.6;1509408000;20359.41
6331.0498046875;6739.6;7350.0;6719.9;6455.5;6118.77978515625;41.92;7018.9;1509494400;30692.59
6247.9599609375;7018.9;7448.0;6920.2;6408.8701171875;5999.47021484375;34.4;7132.0;1509580800;49562.74
6629.669921875;7132.0;7530.0;6932.0;6835.68994140625;6364.8701171875;36.9;7369.0;1509667200;30518.68
6920.77001953125;7369.0;7598.0;7272.1;7103.169921875;6587.5;47.58;7370.5;1509753600;25062.0
7309.06982421875;7370.5;7440.0;6914.9;7533.16015625;7014.759765625;46.42;6956.5;1509840000;22711.32
7140.5498046875;6956.5;7220.0;6950.0;7431.1201171875;6928.22021484375;54.57;7104.0;1509926400;28901.32
6838.740234375;7104.0;7899.9;6986.3;7041.080078125;6592.41015625;47.18;7446.3;1510012800;18631.83
7050.419921875;7446.3;7450.0;7013.8;7295.52001953125;6799.43994140625;38.53;7126.2;1510099200;47103.52
7156.60009765625;7126.2;7324.0;6405.1;7437.14013671875;6921.72021484375;44.26;6548.0;1510185600;21443.47
6866.669921875;6548.0;6789.0;6165.4;7105.669921875;6585.33984375;38.13;6302.7;1510272000;37653.0
6754.02978515625;6302.7;6469.6;5449.9;7136.66015625;6559.4599609375;43.89;5819.4;1510358400;32186.46
6452.490234375;5819.4;6682.0;5780.2;6947.7099609375;6239.93994140625;61.96;6479.6;1510444800;82347.54
6413.759765625;6479.6;6689.5;6303.8;6886.97998046875;6098.18017578125;60.09;6590.0;1510531200;62086.22
6506.759765625;6590.0;7319.0;6590.0;6904.93994140625;6215.77001953125;38.18;7267.3;1510617600;24872.54
6863.81005859375;7267.3;8020.0;7094.4;7192.6201171875;6504.89013671875;44.6;7865.2;1510704000;39539.3
6776.1201171875;7865.2;8040.0;7509.5;7105.7900390625;6343.52001953125;41.27;7675.9;1510790400;44234.81
7049.93994140625;7675.9;7867.8;7413.1;7374.10986328125;6600.75;45.73;7773.3;1510876800;35126.18
7051.81982421875;7773.3;8130.0;7650.9;7321.0;6591.43994140625;45.98;8052.7;1510963200;19676.97
7105.18994140625;8052.7;8315.0;7939.0;7269.14990234375;6753.22998046875;53.13;8248.8;1511049600;20836.8
7479.990234375;8248.8;8380.0;7760.0;7642.509765625;7065.18994140625;55.43;8096.9;1511136000;21511.14
7836.1201171875;8096.9;8310.0;8065.6;8044.919921875;7451.83984375;44.77;8230.1;1511222400;32667.22
7880.5498046875;8230.1;8268.0;7975.8;8055.669921875;7526.06005859375;39.02;7977.7;1511308800;15503.86
7752.27001953125;7977.7;8352.1;7872.9;7898.14013671875;7569.5400390625;47.95;8191.7;1511395200;13890.64
7803.7900390625;8191.7;8770.0;8132.2;7943.81005859375;7517.43994140625;41.1;8759.7;1511481600;21589.6
7959.41015625;8759.7;9495.0;8746.9;8095.18994140625;7674.7099609375;48.7;9302.4;1511568000;23614.69
8237.2197265625;9302.4;9771.0;9254.0;8371.849609375;7931.64013671875;47.53;9723.6;1511654400;37956.45
8932.099609375;9723.6;9999.0;9583.0;9019.51953125;8580.3701171875;50.92;9892.0;1511740800;33914.16
9370.7802734375;9892.0;11441.0;9001.1;9458.240234375;8889.0703125;45.25;9771.86;1511827200;25123.19
9569.7001953125;9771.86;10542.0;8822.0;10106.259765625;9035.5400390625;48.76;9907.1;1511913600;90368.41
9625.1904296875;9907.1;10950.0;9371.3;10187.4404296875;8991.7998046875;43.72;10861.0;1512000000;61389.95
9592.009765625;10861.0;11190.0;10627.0;10002.2900390625;8889.48046875;45.96;10881.0;1512086400;42372.6
9355.9404296875;10881.0;11874.0;10249.0;9657.1298828125;8838.9697265625;46.49;11162.0;1512172800;23841.81
9986.23046875;11162.0;11600.0;10746.0;10375.490234375;9283.1396484375;60.8;11599.0;1512259200;48335.68
10182.0498046875;11599.0;11961.0;11415.0;10594.58984375;9408.5703125;59.1;11592.0;1512345600;29421.02
10414.0400390625;11592.0;13599.0;11591.0;10780.080078125;9755.9599609375;50.27;13507.0;1512432000;24786.81
11321.75;13507.0;16649.0;13145.0;11753.7197265625;10485.2998046875;51.59;16609.0;1512518400;47271.66
12043.8798828125;16609.0;17171.0;13726.0;12059.4404296875;10772.16015625;53.73;15851.0;1512604800;76424.73
13035.080078125;15851.0;16300.0;13020.0;13417.1396484375;11472.150390625;77.57;14661.0;1512691200;60384.19
14081.4697265625;14661.0;15741.0;12731.0;14865.08984375;12252.41015625;72.66;14901.0;1512777600;37215.97
14278.6298828125;14901.0;17450.0;14901.0;15091.7099609375;12445.1396484375;64.36;16754.0;1512864000;53266.92
14992.7900390625;16754.0;17579.0;16230.0;15858.8095703125;13079.0595703125;81.83;16969.0;1512950400;39690.3
15336.5400390625;16969.0;17293.0;15652.0;16155.4404296875;13651.5;79.99;16175.0;1513036800;25033.95
15255.509765625;16175.0;16999.0;15870.0;16210.0302734375;13912.1396484375;83.23;16385.0;1513123200;27130.83
15303.66015625;16385.0;18111.0;16349.0;16132.08984375;14232.76953125;69.48;17524.0;1513209600;20294.9
16004.83984375;17524.0;19550.0;17080.0;16680.689453125;14310.1298828125;58.2;19210.0;1513296000;33469.88
16645.0703125;19210.0;19891.0;18623.0;17483.640625;15689.33984375;78.21;18970.0;1513382400;26323.9
16853.16015625;18970.0;19175.0;18011.0;17620.630859375;16114.6103515625;93.95;18933.0;1513468800;24056.38
17912.669921875;18933.0;18987.0;16450.0;18501.849609375;17118.4609375;87.22;17345.0;1513555200;24049.52
18023.41015625;17345.0;17709.0;15516.0;18768.939453125;17265.630859375;84.91;16433.0;1513641600;29756.38
17799.9609375;16433.0;17333.0;14815.0;18564.3203125;17109.859375;83.02;15650.0;1513728000;38958.21
17259.0;15650.0;15842.43;10707.0;18250.25;16467.98046875;79.95;13171.0;1513814400;30311.6
16183.3603515625;13171.0;14999.0;12530.0;17363.91015625;15094.58984375;84.91;14036.0;1513900800;80051.06
15386.1201171875;14036.0;14050.0;11619.0;16406.349609375;14121.8203125;66.23;13502.0;1513987200;29267.47
15584.599609375;13502.0;14278.0;12676.0;16066.58984375;14469.51953125;85.6;13634.0;1514073600;33918.13
14586.3798828125;13634.0;16060.0;13549.0;14922.990234375;13537.240234375;93.56;15680.0;1514160000;21302.85
14775.349609375;15680.0;16494.0;14459.0;15388.5400390625;13591.8203125;113.23;15375.0;1514246400;37179.15
15156.4599609375;15375.0;15468.0;13217.0;16043.8603515625;13919.900390625;117.29;14324.0;1514332800;26450.36
14512.1396484375;14324.0;15131.0;13836.0;15612.98046875;13186.240234375;89.91;14308.0;1514419200;33640.8
14234.259765625;14308.0;14417.0;11656.0;15062.599609375;12925.349609375;86.87;12379.0;1514505600;21467.66
13535.41015625;12379.0;14210.0;12170.0;14430.6201171875;12110.6201171875;72.84;13766.0;1514592000;33694.73
14144.830078125;13766.0;13893.0;12777.0;14921.98046875;12959.419921875;67.48;13377.0;1514678400;22180.67
14035.669921875;13377.0;15500.0;12800.0;14562.83984375;12848.9404296875;86.14;14713.0;1514764800;29390.53
14550.4599609375;14713.0;15428.83;14500.0;15098.330078125;13344.25;103.4;15151.0;1514851200;55269.22
13991.759765625;15151.0;15422.16;14061.0;14620.419921875;13008.6103515625;77.52;15159.0;1514937600;38162.56
14252.490234375;15159.0;17105.0;14725.0;14649.900390625;13354.23046875;68.09;16911.0;1515024000;45995.53
14699.3603515625;16911.0;17252.0;16251.0;15143.400390625;13560.3798828125;63.28;17163.0;1515110400;53888.93
14847.5302734375;17163.0;17178.0;15712.0;15633.01953125;13556.1201171875;89.87;16215.36;1515196800;29351.17
14691.5595703125;16215.36;16329.0;13755.0;15145.3603515625;13673.849609375;86.33;14907.0;1515283200;30596.3
14897.599609375;14907.0;15355.0;14122.0;15578.1298828125;13848.0703125;77.45;14425.0;1515369600;64298.0
15284.8701171875;14425.0;14900.0;13300.0;15752.669921875;14229.490234375;78.01;14898.0;1515456000;43248.57
15479.1796875;14898.0;14999.0;12639.0;15871.2197265625;14328.7197265625;73.11;13253.0;1515542400;56613.72
15579.16015625;13253.0;14100.0;12751.0;16050.509765625;14520.650390625;77.2;13794.0;1515628800;71324.73
14519.41015625;13794.0;14580.0;13750.0;15186.6298828125;13662.3203125;71.04;14190.0;1515715200;36984.91
14011.6201171875;14190.0;14393.0;12874.34;14789.58984375;13182.099609375;82.97;13558.0;1515801600;28865.09
13926.8896484375;13558.0;14356.0;13300.0;14698.259765625;13132.7998046875;98.96;13600.0;1515888000;35337.45
13395.6103515625;13600.0;13617.0;9940.0;14249.9599609375;12721.759765625;107.34;11063.0;1515974400;33324.47
12995.6298828125;11063.0;11497.0;9231.1;13929.759765625;12394.259765625;91.7;11108.0;1516060800;130285.83
11824.7001953125;11108.0;11904.0;10515.0;12844.8203125;10939.6298828125;68.46;11030.0;1516147200;131259.34
11702.2099609375;11030.0;11900.0;10647.0;12613.41015625;10749.0302734375;63.83;11477.0;1516233600;84815.56
12218.0;11477.0;13017.0;11407.0;12955.16015625;11278.2197265625;66.68;12732.0;1516320000;47963.46
12637.16015625;12732.0;12732.0;11015.0;13244.0595703125;11808.23046875;88.41;11514.0;1516406400;46074.36
12068.66015625;11514.0;11900.0;10009.0;12805.76953125;11157.8095703125;100.25;10779.0;1516492800;53252.15
11089.4404296875;10779.0;11427.0;9900.0;12077.990234375;9994.740234375;99.44;10811.0;1516579200;65769.4
11268.1904296875;10811.0;11557.89;10430.0;12127.990234375;10340.5400390625;79.93;11396.0;1516665600;63206.9
10606.330078125;11396.0;11734.0;10845.0;11752.9296875;9110.98046875;75.14;11147.0;1516752000;43451.17
11216.3095703125;11147.0;11684.0;10276.0;12039.33984375;10215.099609375;83.69;11069.0;1516838400;34175.33
10999.490234375;11069.0;11689.0;10800.0;11592.6201171875;10181.5703125;86.82;11458.0;1516924800;56034.32
10747.08984375;11458.0;12190.0;11390.0;11438.0703125;9810.9599609375;95.09;11829.0;1517011200;34202.68
11026.509765625;11829.0;11975.0;11070.0;11624.16015625;10196.5703125;112.21;11217.82;1517097600;29235.42
10925.7802734375;11217.82;11250.0;9860.4;11582.9697265625;10247.76953125;102.45;10170.0;1517184000;25403.56
10678.1298828125;10170.0;10414.0;9760.0;11384.8603515625;10110.0400390625;90.41;10271.98;1517270400;60668.15
10573.919921875;10271.98;10336.0;8941.0;11134.8896484375;9999.4296875;77.36;9181.1;1517356800;42970.31
10205.2197265625;9181.1;9213.0;7960.0;10714.580078125;9817.1796875;91.65;8890.9;1517443200;77923.49
9764.33984375;8890.9;9499.0;8180.0;10263.48046875;9289.5595703125;65.95;9225.0;1517529600;122295.12
9480.8701171875;9225.0;9410.0;7809.0;9976.7099609375;8952.2099609375;68.97;8185.2;1517616000;51633.01
8571.33984375;8185.2;8380.0;6651.0;9291.1103515625;7986.18017578125;91.06;6947.2;1517702400;73358.09
7924.64013671875;6947.2;7880.0;6000.0;8882.5400390625;7452.25;91.07;7678.8;1517788800;129713.79
7784.68017578125;7678.8;8488.9;7175.1;8674.2197265625;6815.08984375;59.12;7586.9;1517875200;191261.95
8076.39990234375;7586.9;8648.9;7565.0;8907.0;7202.8798828125;58.6;8239.7;1517961600;105883.86
8396.509765625;8239.7;8750.0;7724.9;9087.25;7543.14013671875;69.27;8678.1;1518048000;76191.69
8244.490234375;8678.1;9074.6;8151.3;8825.740234375;7471.97021484375;88.15;8563.0;1518134400;62039.53
8584.9296875;8563.0;8570.0;7851.0;9234.740234375;7831.6298828125;93.08;8070.5;1518220800;67444.63
8795.4404296875;8070.5;9000.0;8069.58;9325.3203125;8058.7099609375;91.91;8902.9;1518307200;51989.7
9189.6796875;8902.9;8952.9;8313.52;9734.0595703125;8498.5703125;105.77;8511.0;1518393600;50745.71
9184.5595703125;8511.0;9489.0;8511.6;9725.7001953125;8635.7802734375;90.88;9455.4;1518480000;39110.35
8587.6904296875;9455.4;10176.0;9338.0;8980.66015625;7882.8798828125;85.79;9996.0;1518566400;49578.43
9494.0595703125;9996.0;10271.0;9670.0;9825.1201171875;8896.2001953125;90.09;10162.0;1518652800;66764.46
9150.7099609375;10162.0;11084.0;10049.0;9495.2998046875;8618.740234375;96.71;11062.0;1518739200;43335.15
9323.1298828125;11062.0;11250.0;10122.0;9534.25;8665.0;103.93;10400.0;1518825600;52340.58
9617.0;10400.0;11250.0;10308.0;9933.2802734375;9018.5;122.95;11172.0;1518912000;69450.27
10279.990234375;11172.0;11788.0;11100.0;10585.75;9626.5498046875;124.65;11211.0;1518998400;50106.92
10952.4404296875;11211.0;11239.0;10200.0;11313.2001953125;10341.8095703125;110.22;10451.0;1519084800;60463.93
10994.3798828125;10451.0;10915.0;9740.0;11449.8203125;10460.1796875;108.77;9826.5;1519171200;75544.56
10953.3896484375;9826.5;10395.0;9583.1;11562.3701171875;10572.330078125;93.83;10144.0;1519257600;70614.44
10733.4404296875;10144.0;10500.0;9350.3;11254.3896484375;10282.3798828125;101.35;9666.3;1519344000;58205.62
10335.240234375;9666.3;9840.0;9280.4;10865.2802734375;9908.16015625;106.78;9578.0;1519430400;55041.8
10103.3798828125;9578.0;10439.0;9359.9;10529.7197265625;9635.9599609375;121.39;10320.0;1519516800;30452.99
9767.9404296875;10320.0;10888.0;10125.0;10016.3701171875;9112.650390625;128.99;10576.0;1519603200;45305.41
10050.2001953125;10576.0;11065.0;10265.0;10490.6796875;9594.23046875;101.65;10315.0;1519689600;39266.87
10158.9404296875;10315.0;11095.0;10210.0;10615.3798828125;9722.41015625;91.96;10923.0;1519776000;43015.19
10623.83984375;10923.0;11189.0;10762.0;11250.3701171875;10330.9697265625;102.35;11024.0;1519862400;33265.5
11100.2001953125;11024.0;11530.0;11025.0;11697.98046875;10823.51953125;85.72;11454.96;1519948800;28507.94
11330.3896484375;11454.96;11549.0;11050.0;11750.0498046875;11027.5302734375;108.18;11500.0;1520035200;30272.25
11561.58984375;11500.0;11700.0;11356.0;11726.580078125;11156.7900390625;120.75;11402.0;1520121600;27830.1
11525.349609375;11402.0;11411.0;10567.0;11721.6201171875;11225.0595703125;142.51;10720.0;1520208000;27312.89
11357.7802734375;10720.0;10899.0;9400.0;11586.41015625;11046.7900390625;104.12;9910.6;1520294400;43518.95
11069.2197265625;9910.6;10112.0;9025.0;11465.4296875;10736.2099609375;96.47;9300.0;1520380800;74235.21
10668.990234375;9300.0;9428.0;8342.0;11119.33984375;10367.1396484375;87.33;9216.2;1520467200;66904.25
10620.150390625;9216.2;9506.4;8670.9;11027.91015625;10232.5703125;92.94;8769.9;1520553600;96622.37
10304.8203125;8769.9;9729.0;8428.0;10744.580078125;9925.5595703125;86.42;9527.7;1520640000;51491.28
10009.73046875;9527.7;9898.3;8770.0;10472.259765625;9593.7001953125;113.17;9130.2;1520726400;69398.46
9717.919921875;9130.2;9482.4;8822.0;10267.900390625;9296.0400390625;116.71;9135.2;1520812800;66568.95
9535.1904296875;9135.2;9439.6;7916.0;10083.490234375;9127.330078125;93.22;8181.1;1520899200;60898.78
9252.349609375;8181.1;8418.0;7665.1;9945.5302734375;8847.3603515625;86.78;8250.0;1520985600;76878.45
8968.76953125;8250.0;8604.5;7902.0;9573.9404296875;8492.9599609375;80.46;8251.0;1521072000;81846.53
8776.0703125;8251.0;8367.0;7728.1;9366.009765625;8301.8095703125;77.63;7846.2;1521158400;55777.66
8814.9296875;7846.2;8300.0;7240.0;9323.3798828125;8382.76953125;83.24;8200.2;1521244800;48020.07
8837.1796875;8200.2;8717.0;8085.7;9272.740234375;8323.2998046875;100.08;8600.2;1521331200;87487.96
9082.9404296875;8600.2;9040.0;8305.1;9502.1904296875;8623.919921875;96.12;8899.7;1521417600;72255.07
8953.1396484375;8899.7;9177.5;8752.0;9327.98046875;8420.0498046875;83.73;8888.2;1521504000;53806.44
8524.2197265625;8888.2;9095.92;8450.0;8933.8798828125;8132.22021484375;87.21;8701.6;1521590400;42505.71
8480.3095703125;8701.6;8917.6;8271.1;8862.4404296875;8066.22021484375;84.18;8916.37;1521676800;53359.59
8758.16015625;8916.37;9050.3;8463.0;9084.9404296875;8307.6103515625;91.72;8524.1;1521763200;44305.49
9098.669921875;8524.1;8674.4;8364.8;9340.759765625;8692.3896484375;95.71;8445.0;1521849600;42645.86
8976.8203125;8445.0;8499.1;7835.9;9246.0595703125;8616.7197265625;102.72;8139.2;1521936000;30471.02
8576.7802734375;8139.2;8210.0;7716.6;8844.8095703125;8198.73046875;119.46;7784.6;1522022400;55257.34
8565.9599609375;7784.6;8120.2;7702.1;8821.740234375;8198.169921875;82.44;7936.1;1522108800;49911.05
8694.01953125;7936.1;7973.0;6883.0;8969.3203125;8432.0;79.73;7094.0;1522195200;34530.59
8425.8203125;7094.0;7269.0;6533.0;8792.259765625;8189.3798828125;83.33;6840.4;1522281600;75979.85
7988.77978515625;6840.4;7222.0;6780.06;8387.6201171875;7689.68994140625;70.8;6925.4;1522368000;107146.27
7560.31982421875;6925.4;7035.1;6425.1;7948.81982421875;7316.990234375;70.72;6812.9;1522454400;67542.2
7197.6201171875;6812.9;7129.8;6769.4;7577.06005859375;6937.81005859375;89.84;7053.4;1522540800;54554.32
7158.1201171875;7053.4;7509.7;7019.9;7555.14013671875;6960.5498046875;98.99;7405.6;1522627200;44737.52
6943.89990234375;7405.6;7422.0;6670.0;7279.85986328125;6681.7001953125;80.77;6785.9;1522713600;48600.27
7021.41015625;6785.9;6938.0;6564.9;7399.25;6766.1201171875;68.54;6768.6;1522800000;52963.27
7385.83984375;6768.6;6864.0;6500.2;7717.31005859375;7164.14990234375;70.03;6611.0;1522886400;45399.15
7439.85986328125;6611.0;7080.0;6599.9;7738.2001953125;7209.08984375;70.99;6892.6;1522972800;41713.45
7169.9501953125;6892.6;7127.0;6883.0;7494.85986328125;6931.43994140625;74.41;7023.9;1523059200;39624.96
7249.27001953125;7023.9;7189.0;6611.0;7476.77978515625;7020.93994140625;85.13;6770.0;1523145600;29068.36
7274.0400390625;6770.0;6897.4;6650.0;7519.740234375;7061.6298828125;97.57;6837.1;1523232000;74708.96
7269.759765625;6837.1;7017.4;6794.0;7490.06982421875;7050.10986328125;74.18;6943.1;1523318400;25719.72
7097.009765625;6943.1;8087.0;6753.0;7305.06005859375;6899.4501953125;68.73;7912.0;1523404800;28376.77
7266.39990234375;7912.0;8240.0;7739.1;7481.509765625;6966.93994140625;73.34;7886.9;1523491200;92459.52
7440.75;7886.9;8185.0;7820.5;7684.0498046875;7187.14013671875;68.65;8005.0;1523577600;59543.01
7650.919921875;8005.0;8450.0;7997.2;7831.8798828125;7375.7998046875;69.21;8357.5;1523664000;26308.69
7873.31005859375;8357.5;8415.5;7900.3;8057.43017578125;7574.39013671875;93.07;8056.2;1523750400;31430.91
8031.8798828125;8056.2;8185.0;7823.0;8225.51953125;7725.5498046875;93.46;7888.9;1523836800;36752.27
8229.669921875;7888.9;8237.2;7870.5;8441.5;7937.990234375;78.28;8171.1;1523923200;27687.12
8549.5498046875;8171.1;8297.4;8033.5;8763.1796875;8210.6904296875;72.76;8273.0;1524009600;29073.81
8505.33984375;8273.0;8937.5;8219.0;8669.75;8152.43994140625;76.73;8865.4;1524096000;28842.35
8435.58984375;8865.4;9063.8;8616.0;8606.26953125;8043.06005859375;72.07;8912.5;1524182400;50425.52
8574.8203125;8912.5;9048.2;8751.09;8743.490234375;8191.759765625;78.96;8791.4;1524268800;39028.74
8676.259765625;8791.4;9011.0;8769.0;8840.3203125;8437.580078125;88.18;8940.0;1524355200;30556.19
8645.73046875;8940.0;9745.0;8929.9;8769.0498046875;8350.5302734375;99.42;9646.8;1524441600;23143.51
8776.900390625;9646.8;9767.4;8765.1;8902.5400390625;8415.5;73.31;8867.5;1524528000;59439.56
8659.080078125;8867.5;9308.0;8652.2;8910.1298828125;8347.419921875;70.22;9276.7;1524614400;74068.77
8792.6396484375;9276.7;9381.1;8888.6;8981.6796875;8432.9404296875;76.0;8920.1;1524700800;42931.55
9056.490234375;8920.1;9500.0;8750.0;9305.7197265625;8716.919921875;79.91;9345.7;1524787200;29727.74
9141.580078125;9345.7;9565.1;9180.0;9350.6796875;8796.6298828125;78.83;9400.0;1524873600;43106.98
9359.2197265625;9400.0;9450.0;9100.0;9584.6201171875;9029.849609375;90.56;9240.6;1524960000;27121.98
9264.5498046875;9240.6;9247.3;8817.97;9506.490234375;8997.5;97.03;9066.8;1525046400;23173.12
9073.6298828125;9066.8;9279.9;8968.3;9281.5595703125;8817.849609375;80.23;9236.4;1525132800;25164.66
8831.0595703125;9236.4;9875.0;9161.0;8998.9501953125;8588.3701171875;86.35;9759.0;1525219200;20115.95
9082.1201171875;9759.0;9848.0;9542.5;9248.0400390625;8818.1904296875;82.06;9702.9;1525305600;36109.94
9273.01953125;9702.9;9990.0;9685.0;9478.66015625;9024.08984375;79.11;9861.2;1525392000;24027.46
9450.3603515625;9861.2;9964.0;9454.0;9585.8095703125;9128.400390625;80.59;9658.7;1525478400;28877.54
9372.2802734375;9658.7;9677.9;9182.7;9556.3095703125;9146.6201171875;94.63;9370.0;1525564800;26773.26
9954.25;9370.0;9471.0;9045.3;10138.5595703125;9631.0703125;106.31;9184.7;1525651200;25441.21
10018.83984375;9184.7;9375.8;8980.0;10235.8896484375;9777.580078125;86.02;9318.2;1525737600;25540.94
9761.9404296875;9318.2;9393.9;9003.0;9967.2802734375;9480.900390625;78.16;9018.1;1525824000;22482.29
9423.8203125;9018.1;9018.1;8333.8;9639.83984375;9189.58984375;85.55;8412.4;1525910400;23544.37
9239.0400390625;8412.4;8631.7;8204.41;9471.26953125;9032.6103515625;78.2;8466.9;1525996800;53054.66
8977.990234375;8466.9;8760.0;8318.3;9129.7099609375;8818.509765625;76.48;8683.6;1526083200;36491.48
8939.259765625;8683.6;8884.5;8271.0;9130.7998046875;8774.23046875;88.88;8670.8;1526169600;22781.89
8737.66015625;8670.8;8855.7;8415.0;8896.400390625;8514.0703125;104.47;8467.5;1526256000;36589.7
8562.759765625;8467.5;8492.7;8100.0;8775.9404296875;8352.25;77.14;8336.1;1526342400;26072.96
8447.7998046875;8336.1;8480.1;7982.5;8689.23046875;8213.849609375;76.46;8053.9;1526428800;32241.14
8407.169921875;8053.9;8277.2;7925.0;8647.419921875;8196.5302734375;73.11;8238.9;1526515200;24896.69
8500.0400390625;8238.9;8468.0;8140.2;8721.5703125;8269.2998046875;80.08;8231.0;1526601600;23011.73
8356.1904296875;8231.0;8597.9;8171.5;8582.1298828125;8149.31982421875;71.36;8523.6;1526688000;13886.56
8405.009765625;8523.6;8644.0;8309.1;8591.5595703125;8152.3701171875;94.01;8393.4;1526774400;15400.81
8360.0703125;8393.4;8408.28;7943.3;8540.009765625;8130.580078125;102.35;7977.3;1526860800;16919.09
8301.1796875;7977.3;8020.0;7404.0;8539.76953125;8106.6298828125;78.63;7494.8;1526947200;20299.58
8307.7099609375;7494.8;7729.83;7260.0;8603.0302734375;8143.4501953125;72.55;7576.7;1527033600;41101.13
8322.150390625;7576.7;7654.1;7318.2;8584.7998046875;8162.919921875;63.1;7456.7;1527120000;38504.44
7880.72021484375;7456.7;7624.1;7281.0;8109.5;7702.81005859375;70.31;7327.7;1527206400;25542.6
7735.5;7327.7;7425.4;7213.6;7973.85986328125;7587.47998046875;70.75;7339.7;1527292800;13769.64
7438.5498046875;7339.7;7437.7;7062.4;7637.10009765625;7294.6201171875;90.47;7097.9;1527379200;15828.77
7206.25;7097.9;7536.0;7048.5;7434.39013671875;7072.35986328125;99.19;7465.2;1527465600;26122.18
7157.419921875;7465.2;7560.0;7270.5;7377.89013671875;7020.93994140625;69.66;7375.12;1527552000;27660.78
7116.27978515625;7375.12;7599.7;7338.0;7322.25;6985.93994140625;68.49;7485.8;1527638400;21849.21
7309.47021484375;7485.8;7599.8;7329.19;7469.39013671875;7140.580078125;67.69;7521.0;1527724800;18973.55
7383.93017578125;7521.0;7698.8;7441.5;7540.9599609375;7214.2099609375;68.27;7638.1;1527811200;18803.74
7614.0498046875;7638.1;7779.0;7600.0;7749.1201171875;7445.81982421875;70.15;7718.0;1527897600;17039.91
7873.39013671875;7718.0;7764.0;7451.1;7992.97021484375;7719.77978515625;82.73;7488.3;1527984000;13646.76
7608.3798828125;7488.3;7675.0;7372.0;7749.8701171875;7467.31982421875;88.21;7621.9;1528070400;17915.37
7559.2900390625;7621.9;7700.0;7491.7;7701.990234375;7404.6201171875;68.56;7654.0;1528156800;16484.17
7504.02001953125;7654.0;7756.3;7624.7;7640.7900390625;7343.33984375;66.65;7688.9;1528243200;18185.81
7504.83984375;7688.9;7697.0;7543.6;7625.759765625;7346.7099609375;69.5;7615.1;1528329600;10619.38
7689.1201171875;7615.1;7685.0;7450.0;7794.1298828125;7553.56005859375;69.67;7498.5;1528416000;11938.69
7568.259765625;7498.5;7498.6;6618.9;7679.64013671875;7443.22021484375;72.8;6758.0;1528502400;7203.26
7498.580078125;6758.0;6899.0;6629.7;7649.2001953125;7368.97998046875;80.95;6873.3;1528588800;56593.87
7486.89013671875;6873.3;6873.4;6436.1;7663.52001953125;7356.35986328125;72.22;6543.9;1528675200;22216.44
7240.85009765625;6543.9;6611.7;6107.88;7436.7998046875;7113.990234375;60.3;6295.1;1528761600;31715.02
6890.56005859375;6295.1;6736.52;6269.5;7124.10009765625;6756.47998046875;56.61;6633.7;1528848000;45148.46
6833.18017578125;6633.7;6659.0;6304.0;7055.39990234375;6640.85009765625;55.61;6385.0;1528934400;31988.25
6679.35009765625;6385.0;6559.7;6330.0;6900.14990234375;6433.419921875;58.72;6485.9;1529020800;20720.44
6620.68994140625;6485.9;6573.0;6424.8;6869.66015625;6458.7099609375;59.92;6438.4;1529107200;13583.72
6520.02978515625;6438.4;6849.7;6370.77;6772.89013671875;6383.3798828125;80.08;6709.2;1529193600;9359.67
6524.16015625;6709.2;6848.2;6655.0;6766.7900390625;6369.759765625;85.7;6735.5;1529280000;25494.05
6604.64013671875;6735.5;6821.2;6560.0;6826.83984375;6439.830078125;65.22;6760.4;1529366400;17341.08
6712.490234375;6760.4;6788.8;6679.3;6877.02978515625;6533.43017578125;66.09;6715.2;1529452800;18445.86
6741.1201171875;6715.2;6731.0;5910.8;6893.2001953125;6581.31005859375;63.93;6042.6;1529539200;10613.56
6797.330078125;6042.6;6259.0;6013.0;6975.6298828125;6649.6201171875;63.21;6151.93;1529625600;54663.34
6540.2001953125;6151.93;6249.7;5755.0;6708.56005859375;6389.56982421875;56.37;6148.04;1529712000;20390.38
6490.4599609375;6148.04;6341.0;6068.5;6663.490234375;6340.91015625;74.12;6246.6;1529798400;45131.31
6450.6298828125;6246.6;6280.8;6050.2;6617.8798828125;6289.72998046875;73.41;6073.4;1529884800;27728.35
6398.31982421875;6073.4;6192.7;5984.9;6573.27978515625;6243.31005859375;58.19;6133.09;1529971200;18770.17
6387.72021484375;6133.09;6170.9;5822.3;6564.1201171875;6225.9599609375;60.59;5848.1;1530057600;17954.54
6325.16015625;5848.1;6302.0;5780.0;6526.2099609375;6178.14990234375;61.4;6208.1;1530144000;17658.98
6264.39990234375;6208.1;6545.5;6195.2;6458.2900390625;6098.0498046875;56.52;6391.5;1530230400;32719.62
6219.009765625;6391.5;6439.9;6260.0;6412.2998046875;6053.3798828125;60.22;6349.7;1530316800;23441.4
6170.31005859375;6349.7;6681.1;6275.0;6366.9599609375;5994.64013671875;68.47;6617.6;1530403200;11313.2
6198.5;6617.6;6675.2;6470.5;6346.580078125;6008.60986328125;79.67;6509.0;1530489600;26550.46
6226.85986328125;6509.0;6784.9;6414.1;6360.35009765625;6050.47021484375;60.15;6590.0;1530576000;17192.4
6282.68017578125;6590.0;6704.7;6423.4;6417.259765625;6106.669921875;56.06;6532.3;1530662400;22122.81
6330.93017578125;6532.3;6641.78;6451.9;6518.58984375;6173.56005859375;61.42;6602.2;1530748800;22781.85
6374.27978515625;6602.2;6839.4;6511.0;6524.52978515625;6207.08984375;60.75;6761.8;1530835200;14866.61
6510.47998046875;6761.8;6790.8;6668.9;6639.22021484375;6320.77001953125;62.06;6707.0;1530921600;14855.33
6692.259765625;6707.0;6820.0;6616.6;6781.64013671875;6507.2998046875;78.62;6666.9;1531008000;13062.44
6627.35986328125;6666.9;6685.8;6260.1;6739.68994140625;6487.7099609375;81.56;6301.8;1531094400;16262.46
6526.27001953125;6301.8;6407.9;6286.3;6672.31005859375;6395.7001953125;60.48;6377.8;1531180800;27510.17
6384.7099609375;6377.8;6377.7;6079.9;6548.14990234375;6236.169921875;54.81;6249.0;1531267200;16361.58
6385.64013671875;6249.0;6339.9;6125.0;6549.68994140625;6257.89013671875;59.71;6220.0;1531353600;24459.28
6273.240234375;6220.0;6320.0;6179.2;6439.39013671875;6144.18994140625;56.42;6250.0;1531440000;19848.07
6237.41015625;6250.0;6389.0;6230.3;6380.60009765625;6121.77001953125;56.66;6347.2;1531526400;8887.6
6151.93017578125;6347.2;6750.0;6327.1;6286.93017578125;6040.56005859375;67.91;6729.3;1531612800;10883.06
6188.10986328125;6729.3;7483.9;6666.0;6309.35009765625;6050.43994140625;77.09;7319.8;1531699200;30881.81
6373.16015625;7319.8;7587.0;7246.5;6485.89013671875;6155.7099609375;58.97;7379.4;1531785600;47033.99
6552.259765625;7379.4;7560.0;7281.4;6679.93994140625;6336.4599609375;58.51;7473.5;1531872000;39480.19
6634.31982421875;7473.5;7685.2;7273.1;6756.60986328125;6429.0;58.87;7333.1;1531958400;22043.5
6696.7998046875;7333.1;7459.0;7221.0;6814.4501953125;6497.97021484375;61.91;7403.4;1532044800;32069.67
6919.68994140625;7403.4;7575.0;7329.1;7046.72998046875;6697.31982421875;60.37;7400.0;1532131200;11225.28
7097.56982421875;7400.0;7820.0;7374.0;7237.080078125;6875.89013671875;74.98;7718.9;1532217600;17013.67
7333.2900390625;7718.9;8506.7;7690.0;7478.47021484375;7103.080078125;84.41;8391.88;1532304000;46360.42
7575.83984375;8391.88;8488.1;8073.0;7726.22998046875;7277.39013671875;62.82;8178.4;1532390400;63235.76
7518.8701171875;8178.4;8323.1;7869.6;7676.5;7233.33984375;59.78;7939.0;1532476800;36317.66
7461.2900390625;7939.0;8285.9;7815.09;7643.759765625;7217.0400390625;60.79;8188.0;1532563200;32297.57
7380.02978515625;8188.0;8262.0;8055.0;7542.10986328125;7201.0400390625;64.2;8235.7;1532649600;33595.65
7669.47021484375;8235.7;8313.3;8123.0;7819.5498046875;7464.259765625;65.6;8221.0;1532736000;12964.14
8111.02001953125;8221.0;8301.73;7861.2;8288.740234375;7849.259765625;86.06;8179.5;1532822400;10080.39
8365.150390625;8179.5;8178.9;7664.9;8537.5595703125;8058.7001953125;90.75;7731.3;1532908800;37313.37
8225.9404296875;7731.3;7756.1;7440.2;8445.099609375;7964.85009765625;65.84;7606.0;1532995200;43358.73
8052.9501953125;7606.0;7713.0;7450.0;8249.91015625;7815.7900390625;58.89;7535.2;1533081600;30445.04
7843.5400390625;7535.2;7533.3;7282.1;7994.64013671875;7631.75;59.35;7420.0;1533168000;17561.52
7606.1201171875;7420.0;7492.2;6928.8;7703.35009765625;7450.0498046875;63.17;7013.22;1533254400;30674.14
7424.35986328125;7013.22;7090.0;6890.0;7631.5400390625;7297.27001953125;59.35;7025.8;1533340800;30842.38
7225.64990234375;7025.8;7153.6;6847.0;7453.10986328125;7109.08984375;68.81;6941.2;1533427200;17526.67
7006.9599609375;6941.2;7150.0;6677.0;7253.97021484375;6917.3798828125;78.36;6716.1;1533513600;18037.55
6816.10986328125;6716.1;6720.1;6128.2;7113.7001953125;6734.85986328125;59.32;6280.7;1533600000;31771.16
6557.669921875;6280.7;6628.0;6187.3;6890.52001953125;6466.330078125;52.77;6533.6;1533686400;52336.47
6446.1298828125;6533.6;6573.8;6010.0;6713.81982421875;6297.27001953125;51.08;6146.7;1533772800;32854.37
6393.64990234375;6146.7;6499.5;6008.1;6680.52001953125;6199.7099609375;54.49;6233.1;1533859200;42831.75
6286.330078125;6233.1;6499.0;6162.0;6600.31982421875;6077.31982421875;51.01;6313.9;1533945600;36739.56
6329.14990234375;6313.9;6548.3;6137.6;6616.68994140625;6140.5400390625;61.32;6251.9;1534032000;22599.89
6405.60009765625;6251.9;6251.9;5858.6;6692.2001953125;6239.509765625;71.64;6189.0;1534118400;32079.8
6338.919921875;6189.0;6647.6;6180.01;6562.4501953125;6135.81005859375;53.86;6270.2;1534204800;52350.24
6224.14013671875;6270.2;6476.7;6212.9;6500.31982421875;6029.509765625;45.38;6315.6;1534291200;65791.12
6468.3798828125;6315.6;6592.9;6290.0;6712.97998046875;6307.35986328125;47.19;6584.6;1534377600;24925.89
6638.18017578125;6584.6;6619.5;6300.0;6855.2001953125;6475.22021484375;50.82;6391.2;1534464000;26509.54
6801.85986328125;6391.2;6550.3;6309.3;6991.85009765625;6659.009765625;51.97;6485.1;1534550400;19622.06
6592.10009765625;6485.1;6524.0;6230.0;6798.66015625;6457.75;63.76;6255.9;1534636800;15259.36
6273.27001953125;6255.9;6524.0;6245.0;6487.35986328125;6115.4599609375;77.41;6479.1;1534723200;31101.47
6335.66015625;6479.1;6899.0;6250.3;6506.0;6171.2001953125;53.28;6363.1;1534809600;27335.2
6404.33984375;6363.1;6566.64;6350.0;6605.18994140625;6251.56982421875;55.19;6527.2;1534896000;56790.81
6350.56005859375;6527.2;6728.6;6451.0;6535.5;6175.41015625;52.89;6693.6;1534982400;19794.76
6492.97998046875;6693.6;6799.7;6670.0;6649.58984375;6333.419921875;56.15;6732.9;1535068800;19880.28
6572.240234375;6732.9;6789.0;6557.0;6691.740234375;6418.47998046875;56.39;6707.0;1535155200;16758.99
6561.06982421875;6707.0;6942.2;6652.7;6669.31982421875;6388.02978515625;65.52;6909.4;1535241600;16456.0
6854.18017578125;6909.4;7127.9;6872.0;6928.68017578125;6712.6298828125;75.09;7079.9;1535328000;23456.91
6820.5;7079.9;7139.4;6924.27;6871.9599609375;6626.759765625;56.52;7039.0;1535414400;29305.2
6721.490234375;7039.0;7060.0;6802.1;6813.66015625;6536.97021484375;55.56;6986.0;1535500800;19896.77
7019.58984375;6986.0;7100.0;6881.6;7072.0498046875;6845.66015625;55.67;7013.3;1535587200;24252.01
7141.580078125;7013.3;7269.9;7011.3;7184.47998046875;6985.22021484375;55.62;7197.4;1535673600;18892.7
7212.68994140625;7197.4;7429.2;7135.3;7226.72021484375;7048.43017578125;54.67;7300.0;1535760000;21098.24
7325.64013671875;7300.0;7369.0;7200.0;7388.009765625;7167.64013671875;63.86;7267.8;1535846400;44105.22
7396.31005859375;7267.8;7414.7;7246.2;7499.31982421875;7268.2001953125;75.08;7358.9;1535932800;22133.77
7399.10986328125;7358.9;7404.0;6700.0;7486.58984375;7264.02001953125;60.25;6704.0;1536019200;20212.95
7274.669921875;6704.0;6728.7;6302.2;7457.31005859375;7150.7001953125;57.2;6516.1;1536105600;54970.16
7121.1201171875;6516.1;6549.5;6322.8;7306.43017578125;6998.27978515625;51.84;6397.0;1536192000;52327.26
7004.14990234375;6397.0;6475.5;6119.5;7179.18994140625;6878.33984375;47.67;6184.94;1536278400;20483.92
6696.56982421875;6184.94;6458.9;6140.5;6910.77001953125;6569.2099609375;51.8;6239.9;1536364800;21262.85
6673.72021484375;6239.9;6373.68;6219.0;6900.5400390625;6572.509765625;56.83;6314.9;1536451200;16218.46
6421.85986328125;6314.9;6399.6;6170.0;6643.85986328125;6326.25;62.36;6290.9;1536537600;14482.9
6344.27001953125;6290.9;6355.0;6202.8;6546.77978515625;6249.93994140625;52.89;6332.42;1536624000;16490.25
6175.669921875;6332.42;6528.4;6333.4;6341.3798828125;6073.60009765625;49.63;6489.0;1536710400;16129.25
6302.3798828125;6489.0;6596.5;6355.2;6440.81982421875;6189.64013671875;50.16;6480.1;1536796800;19078.85
6302.77978515625;6480.1;6572.2;6465.6;6436.14013671875;6187.91015625;50.54;6514.9;1536883200;16230.57
6452.009765625;6514.9;6520.6;6370.2;6567.18017578125;6340.9599609375;54.43;6498.4;1536969600;8336.45
6418.35986328125;6498.4;6543.3;6202.8;6474.27978515625;6312.68994140625;58.93;6252.0;1537056000;8642.54
6478.10009765625;6252.0;6384.0;6228.1;6570.81005859375;6371.83984375;67.4;6335.4;1537142400;22979.62
6509.31982421875;6335.4;6549.9;6100.0;6593.02978515625;6400.27001953125;49.64;6390.9;1537228800;16001.88
6344.58984375;6390.9;6584.0;6340.0;6426.52978515625;6214.64013671875;48.18;6493.91;1537315200;29385.06
6425.580078125;6493.91;6790.5;6493.94;6530.7099609375;6294.240234375;46.36;6762.1;1537401600;16255.11
6609.25;6762.1;6840.9;6502.2;6728.759765625;6464.81982421875;46.86;6723.0;1537488000;36170.74
6633.47998046875;6723.0;6785.9;6661.5;6746.91015625;6468.080078125;45.77;6710.0;1537574400;17397.03
6720.97021484375;6710.0;6721.7;6555.0;6827.5400390625;6555.43017578125;57.31;6585.1;1537660800;8492.65
6727.58984375;6585.1;6585.1;6328.0;6827.5498046875;6555.1201171875;60.77;6442.8;1537747200;17523.91
6515.58984375;6442.8;6558.0;6382.5;6627.7998046875;6379.31982421875;52.59;6462.4;1537833600;20030.23
6567.830078125;6462.4;6745.0;6436.7;6684.1201171875;6422.56982421875;47.07;6691.2;1537920000;13649.44
6639.1201171875;6691.2;6826.42;6541.9;6727.75;6432.3701171875;49.08;6635.2;1538006400;18178.49
6704.39013671875;6635.2;6635.1;6454.2;6821.64990234375;6479.990234375;49.27;6597.3;1538092800;27474.65
6688.31005859375;6597.3;6662.8;6529.6;6794.31982421875;6486.77978515625;49.23;6622.4;1538179200;16915.98
6723.009765625;6622.4;6660.0;6500.0;6815.81982421875;6526.02978515625;55.17;6601.9;1538265600;8406.63
6449.18994140625;6601.9;6644.7;6467.9;6558.8701171875;6324.27978515625;61.41;6531.8;1538352000;10289.55
6634.66015625;6531.8;6555.1;6424.6;6705.72998046875;6517.93994140625;49.44;6503.2;1538438400;11956.69
6580.08984375;6503.2;6648.8;6495.2;6650.5400390625;6479.0498046875;50.23;6590.4;1538524800;14482.24
6587.3701171875;6590.4;6741.44;6506.6;6644.009765625;6495.2001953125;49.33;6639.9;1538611200;11336.83
6561.18017578125;6639.9;6648.2;6563.8;6625.14990234375;6487.5;48.9;6595.2;1538697600;12061.79
6458.759765625;6595.2;6640.4;6525.0;6533.81982421875;6417.77001953125;50.75;6609.4;1538784000;5758.42
6641.9501953125;6609.4;6730.0;6585.9;6694.97998046875;6573.31005859375;58.34;6673.2;1538870400;5782.74
6655.5;6673.2;6682.0;6605.0;6707.81982421875;6573.31005859375;53.84;6663.0;1538956800;12626.59
6611.740234375;6663.0;6663.1;6513.53;6664.0498046875;6537.25;49.36;6630.07;1539043200;8032.87
6757.580078125;6630.07;6630.07;6220.4;6800.77001953125;6662.85986328125;54.05;6251.8;1539129600;13789.18
6656.0400390625;6251.8;6353.4;6220.3;6742.0;6575.9599609375;48.76;6291.9;1539216000;40844.29
6521.56005859375;6291.9;6333.7;6280.3;6622.18017578125;6452.14990234375;43.23;6326.5;1539302400;10396.82
6475.52978515625;6326.5;6399.3;6302.5;6577.02978515625;6415.60986328125;47.63;6336.4;1539388800;5814.94
6494.240234375;6336.4;7788.0;6294.6;6560.169921875;6435.759765625;57.51;6742.0;1539475200;11198.45
6548.830078125;6742.0;6897.6;6669.1;6829.669921875;6403.18017578125;62.1;6754.2;1539561600;83966.0
6513.52001953125;6754.2;6794.0;6674.3;6840.89013671875;6355.91015625;43.35;6736.0;1539648000;15623.16
6450.27978515625;6736.0;6779.9;6566.7;6609.1201171875;6370.31982421875;47.46;6613.2;1539734400;8843.35
6425.330078125;6613.2;6639.5;6518.2;6627.60986328125;6345.35986328125;46.86;6525.1;1539820800;12356.64
6487.31982421875;6525.1;6611.0;6511.0;6674.0400390625;6406.33984375;45.28;6586.7;1539907200;11182.6
6684.490234375;6586.7;6660.8;6581.2;7087.08984375;6516.759765625;47.1;6590.9;1539993600;4675.9
6740.58984375;6590.9;6627.9;6537.5;7126.830078125;6566.0498046875;53.22;6567.3;1540080000;4365.46
6588.0;6567.3;6591.6;6525.3;6655.35986328125;6551.240234375;59.14;6550.0;1540166400;5965.71
6520.06982421875;6550.0;6626.3;6536.0;6438.85009765625;6549.14990234375;45.95;6554.1;1540252800;8848.64
6526.240234375;6554.1;6567.8;6462.9;6431.14013671875;6557.41015625;45.7;6528.0;1540339200;8413.35
6471.85009765625;6528.0;6597.4;6511.0;6225.16015625;6565.18017578125;47.85;6531.5;1540425600;8330.38
6344.77001953125;6531.5;6560.0;6476.9;6049.85986328125;6455.25;45.89;6500.2;1540512000;7421.82
6388.22021484375;6500.2;6513.88;6451.0;6141.72021484375;6489.31982421875;47.09;6490.1;1540598400;6855.71
6406.6201171875;6490.1;6512.0;6320.8;6110.93017578125;6526.14013671875;51.03;6346.5;1540684800;6840.13
6381.16015625;6346.5;6383.6;6302.0;6177.52001953125;6467.419921875;55.83;6330.1;1540771200;19372.47
6391.58984375;6330.1;6419.8;6242.1;6372.3701171875;6404.009765625;43.09;6368.39;1540857600;10698.57
6374.43017578125;6368.39;6443.9;6352.9;6417.4599609375;6340.27001953125;39.95;6406.1;1540944000;9849.65
6303.93994140625;6406.1;6456.1;6389.9;6344.33984375;6254.22998046875;40.85;6427.0;1541030400;9148.0
6309.0;6427.0;6432.4;6323.0;6363.419921875;6246.68994140625;40.52;6389.1;1541116800;8065.46
6320.5498046875;6389.1;6527.0;6357.9;6371.56005859375;6256.5400390625;40.0;6491.7;1541203200;11184.3
6327.990234375;6491.7;6500.6;6435.3;6377.35986328125;6240.85986328125;47.47;6470.2;1541289600;8826.37
6376.8798828125;6470.2;6527.7;6447.4;6423.35009765625;6296.3798828125;52.73;6518.7;1541376000;4791.35
6412.31982421875;6518.7;6615.0;6511.0;6453.6298828125;6336.33984375;39.58;6572.9;1541462400;7258.17
6440.6201171875;6572.9;6585.0;6460.0;6481.25;6369.93994140625;41.11;6479.5;1541548800;10699.55
6455.759765625;6479.5;6504.4;6385.0;6494.85986328125;6389.43994140625;40.16;6418.66;1541635200;11145.72
6469.02001953125;6418.66;6469.3;6414.4;6515.33984375;6407.14013671875;42.58;6431.1;1541721600;10382.26
6476.3701171875;6431.1;6459.9;6357.8;6526.35009765625;6426.77978515625;41.12;6447.9;1541808000;3252.13
6455.490234375;6447.9;6481.0;6418.8;6500.27978515625;6398.91015625;47.7;6446.9;1541894400;7335.43
6469.5;6446.9;6501.1;6397.1;6513.77001953125;6417.02978515625;46.82;6459.07;1541980800;7294.27
6472.27001953125;6459.07;6485.8;5678.0;6515.35986328125;6421.31982421875;38.75;5922.4;1542067200;10123.15
6426.68017578125;5922.4;5940.0;5432.0;6512.64990234375;6363.8701171875;42.22;5749.6;1542153600;68585.13
6382.18017578125;5749.6;5777.5;5530.92;6475.0400390625;6300.39013671875;34.44;5655.7;1542240000;49540.89
6274.2900390625;5655.7;5661.1;5569.1;6400.43994140625;6177.77978515625;35.16;5628.3;1542326400;18301.01
6232.85986328125;5628.3;5745.6;5620.9;6338.77001953125;6152.22021484375;36.06;5659.5;1542412800;7950.68
6067.14013671875;5659.5;5659.5;4855.0;6193.18994140625;5963.10986328125;38.99;4920.7;1542499200;9487.91
5664.5498046875;4920.7;5056.27;4303.5;5868.919921875;5536.4501953125;43.5;4571.0;1542585600;71156.34
5556.72998046875;4571.0;4787.3;4412.3;5815.93994140625;5429.56982421875;32.5;4662.7;1542672000;114919.0
4829.06982421875;4662.7;4723.7;4342.1;5229.6298828125;4638.0498046875;27.57;4369.6;1542758400;43568.55
4653.66015625;4369.6;4495.0;4218.53;5022.31982421875;4488.41015625;32.89;4422.7;1542844800;27904.16
4800.2998046875;4422.7;4529.0;3819.4;5089.83984375;4636.06005859375;29.77;3929.9;1542931200;35241.97
4598.72021484375;3929.9;4233.2;3657.6;4942.2099609375;4442.66015625;29.03;4089.1;1543017600;49506.31
4306.580078125;4089.1;4207.1;3695.5;4649.169921875;4105.68994140625;27.98;3864.1;1543104000;80342.39
4183.91015625;3864.1;3959.41;3684.1;4515.7001953125;3966.010009765625;30.42;3882.7;1543190400;62582.43
4067.719970703125;3882.7;4447.6;3882.9;4357.06005859375;3843.39990234375;27.11;4305.0;1543276800;45626.89
4531.18994140625;4305.0;4488.0;4167.2;4888.41015625;4355.1298828125;26.67;4321.9;1543363200;64638.13
4610.47998046875;4321.9;4368.8;3950.0;4967.35986328125;4440.6201171875;29.81;4039.5;1543449600;40833.87
4371.77001953125;4039.5;4340.0;3964.5;4630.60009765625;4188.080078125;32.18;4241.3;1543536000;41191.43
4505.2998046875;4241.3;4369.8;4113.0;4748.93017578125;4373.77001953125;29.72;4173.0;1543622400;27175.84
4355.169921875;4173.0;4189.8;3830.1;4549.47998046875;4195.72021484375;31.82;3901.2;1543708800;24297.07
4296.7900390625;3901.2;4135.9;3788.7;4514.7099609375;4184.35009765625;34.71;3981.9;1543795200;35619.79
4174.58984375;3981.9;4000.77;3750.0;4371.0400390625;4019.5;29.53;3772.9;1543881600;33031.29
4161.4501953125;3772.9;3922.7;3503.0;4358.2001953125;4040.679931640625;26.9;3531.0;1543968000;27900.19
4058.889892578125;3531.0;3630.0;3277.6;4283.47998046875;3934.699951171875;26.74;3460.0;1544054400;56629.65
3988.14990234375;3460.0;3800.1;3316.1;4224.7099609375;3871.06005859375;22.56;3506.0;1544140800;70438.42
3888.739990234375;3506.0;3789.0;3465.4;4138.83984375;3783.909912109375;24.48;3642.3;1544227200;36389.92
3765.39990234375;3642.3;3709.6;3475.8;4025.320068359375;3660.929931640625;27.53;3523.0;1544313600;24387.49
3533.570068359375;3523.0;3551.5;3381.8;3788.169921875;3428.469970703125;27.88;3435.28;1544400000;22305.63
3559.18994140625;3435.28;3617.4;3415.0;3765.919921875;3451.2099609375;25.03;3535.6;1544486400;23060.23
3484.580078125;3535.6;3547.1;3317.0;3672.699951171875;3371.93994140625;24.29;3354.3;1544572800;20348.61
3396.820068359375;3354.3;3395.2;3224.0;3574.139892578125;3295.550048828125;24.63;3281.7;1544659200;21414.03
3464.610107421875;3281.7;3324.2;3215.2;3649.6201171875;3372.2099609375;22.63;3283.4;1544745600;28285.82
3678.7900390625;3283.4;3383.0;3276.2;3920.3798828125;3576.070068359375;21.13;3300.8;1544832000;16908.66
3670.050048828125;3300.8;3744.8;3280.0;3892.830078125;3551.320068359375;22.44;3625.0;1544918400;18778.44
3723.2900390625;3625.0;3799.9;3546.9;3928.56005859375;3501.10009765625;26.63;3780.8;1545004800;32775.02
3733.080078125;3780.8;4043.0;3756.0;3849.080078125;3486.590087890625;21.73;3810.0;1545091200;29061.91
3578.580078125;3810.0;4299.0;3780.1;3702.139892578125;3448.4599609375;25.18;4214.5;1545177600;53480.68
3802.669921875;4214.5;4300.0;3902.0;3920.22998046875;3584.590087890625;22.28;3976.0;1545264000;64434.68
3956.919921875;3976.0;4166.0;3919.3;4121.8701171875;3740.10009765625;26.49;4135.0;1545350400;42771.34
4064.0;4135.0;4216.0;4033.0;4212.31005859375;3848.159912109375;25.29;4071.7;1545436800;19338.09
4118.60986328125;4071.7;4384.0;4069.0;4278.7001953125;3925.860107421875;29.56;4140.7;1545523200;24223.82
4155.89013671875;4140.7;4155.0;3812.1;4333.22021484375;3983.699951171875;29.57;3909.7;1545609600;36950.7
4071.449951171875;3909.7;3990.0;3812.1;4256.4599609375;3929.1201171875;26.76;3930.0;1545696000;33231.27
4031.2900390625;3930.0;3968.8;3686.0;4200.27978515625;3894.260009765625;27.02;3716.0;1545782400;18956.56
3979.590087890625;3716.0;4095.0;3696.3;4139.06005859375;3837.8701171875;24.89;4036.7;1545868800;23108.03
