2016-05-14T12:00:00.000Z;XBTUSD;2000-01-02T00:00:00.000Z;0.0006900000000000001;0.0006900000000000001
2016-05-15T12:00:00.000Z;XBTUSD;2000-01-02T00:00:00.000Z;0.000516;0.000516
2016-05-16T12:00:00.000Z;XBTUSD;2000-01-02T00:00:00.000Z;0.00045099999999999996;0.00045099999999999996
2016-05-17T12:00:00.000Z;XBTUSD;2000-01-02T00:00:00.000Z;0.000454;0.000454
2016-05-18T12:00:00.000Z;XBTUSD;2000-01-02T00:00:00.000Z;0.000443;0.000443
2016-05-19T12:00:00.000Z;XBTUSD;2000-01-02T00:00:00.000Z;0.00042699999999999997;0.00042699999999999997
2016-05-20T12:00:00.000Z;XBTUSD;2000-01-02T00:00:00.000Z;0.000424;0.000424
2016-05-21T12:00:00.000Z;XBTUSD;2000-01-02T00:00:00.000Z;0.00042;0.00042
2016-05-22T12:00:00.000Z;XBTUSD;2000-01-02T00:00:00.000Z;0.0004;0.0004
2016-05-23T12:00:00.000Z;XBTUSD;2000-01-02T00:00:00.000Z;0.000354;0.000354
2016-05-24T12:00:00.000Z;XBTUSD;2000-01-02T00:00:00.000Z;0.000373;0.000373
2016-05-25T12:00:00.000Z;XBTUSD;2000-01-02T00:00:00.000Z;0.00031800000000000003;0.00031800000000000003
2016-05-26T12:00:00.000Z;XBTUSD;2000-01-02T00:00:00.000Z;0.00032500000000000004;0.00032500000000000004
2016-05-27T12:00:00.000Z;XBTUSD;2000-01-02T00:00:00.000Z;0.000342;0.000342
2016-05-28T12:00:00.000Z;XBTUSD;2000-01-02T00:00:00.000Z;0.00035;0.00035
2016-05-29T12:00:00.000Z;XBTUSD;2000-01-02T00:00:00.000Z;0.002588;0.002588
2016-05-30T12:00:00.000Z;XBTUSD;2000-01-02T00:00:00.000Z;0.0070459999999999984;0.0070459999999999984
2016-05-31T12:00:00.000Z;XBTUSD;2000-01-02T00:00:00.000Z;0.0029600000000000004;0.0029600000000000004
2016-06-01T12:00:00.000Z;XBTUSD;2000-01-02T00:00:00.000Z;0.001285;0.001285
2016-06-02T12:00:00.000Z;XBTUSD;2000-01-02T00:00:00.000Z;0.000974;0.000974
2016-06-03T12:00:00.000Z;XBTUSD;2000-01-02T00:00:00.000Z;0.000934;0.000934
2016-06-04T20:00:00.000Z;XBTUSD;2000-01-01T08:00:00.000Z;0.0002496666666666667;0.0007490000000000001
2016-06-05T20:00:00.000Z;XBTUSD;2000-01-01T08:00:00.000Z;0.00023433333333333336;0.0007030000000000001
2016-06-06T20:00:00.000Z;XBTUSD;2000-01-01T08:00:00.000Z;0.0002466666666666666;0.0007399999999999999
2016-06-07T20:00:00.000Z;XBTUSD;2000-01-01T08:00:00.000Z;0.00020366666666666667;0.000611
2016-06-08T20:00:00.000Z;XBTUSD;2000-01-01T08:00:00.000Z;0.00017166666666666665;0.0005149999999999999
2016-06-09T20:00:00.000Z;XBTUSD;2000-01-01T08:00:00.000Z;0.00016999999999999999;0.0005099999999999999
2016-06-10T20:00:00.000Z;XBTUSD;2000-01-01T08:00:00.000Z;0.00016900000000000002;0.0005070000000000001
2016-06-11T20:00:00.000Z;XBTUSD;2000-01-01T08:00:00.000Z;0.00017833333333333332;0.000535
2016-06-12T20:00:00.000Z;XBTUSD;2000-01-01T08:00:00.000Z;0.004297;0.012891
2016-06-13T20:00:00.000Z;XBTUSD;2000-01-01T08:00:00.000Z;0.0077870000000000005;0.023361
2016-06-14T20:00:00.000Z;XBTUSD;2000-01-01T08:00:00.000Z;0.004299;0.012897
2016-06-15T20:00:00.000Z;XBTUSD;2000-01-01T08:00:00.000Z;0.001041;0.003123
2016-06-16T20:00:00.000Z;XBTUSD;2000-01-01T08:00:00.000Z;0.008204000000000001;0.024612000000000002
2016-06-17T20:00:00.000Z;XBTUSD;2000-01-01T08:00:00.000Z;0.0075;0.0225
2016-06-18T20:00:00.000Z;XBTUSD;2000-01-01T08:00:00.000Z;0.0028399999999999996;0.00852
2016-06-19T20:00:00.000Z;XBTUSD;2000-01-01T08:00:00.000Z;0.0033539999999999998;0.010062
2016-06-20T20:00:00.000Z;XBTUSD;2000-01-01T08:00:00.000Z;0.00207;0.006209999999999999
2016-06-21T20:00:00.000Z;XBTUSD;2000-01-01T08:00:00.000Z;0.000488;0.001464
2016-06-22T20:00:00.000Z;XBTUSD;2000-01-01T08:00:00.000Z;0.002513;0.007539
2016-06-23T20:00:00.000Z;XBTUSD;2000-01-01T08:00:00.000Z;0.0051920000000000004;0.015576
2016-06-24T20:00:00.000Z;XBTUSD;2000-01-01T08:00:00.000Z;-0.000763;-0.002289
2016-06-25T20:00:00.000Z;XBTUSD;2000-01-01T08:00:00.000Z;0.002666;0.007998
2016-06-26T20:00:00.000Z;XBTUSD;2000-01-01T08:00:00.000Z;-9.299999999999997e-05;-0.00027899999999999995
2016-06-27T20:00:00.000Z;XBTUSD;2000-01-01T08:00:00.000Z;0.001166;0.003498
2016-06-28T20:00:00.000Z;XBTUSD;2000-01-01T08:00:00.000Z;0.00021099999999999998;0.000633
2016-06-29T20:00:00.000Z;XBTUSD;2000-01-01T08:00:00.000Z;0.00019099999999999998;0.000573
2016-06-30T20:00:00.000Z;XBTUSD;2000-01-01T08:00:00.000Z;0.0019879999999999997;0.0059640000000000006
2016-07-01T20:00:00.000Z;XBTUSD;2000-01-01T08:00:00.000Z;0.000217;0.000651
2016-07-02T20:00:00.000Z;XBTUSD;2000-01-01T08:00:00.000Z;0.0017050000000000001;0.005115
2016-07-03T20:00:00.000Z;XBTUSD;2000-01-01T08:00:00.000Z;0.000207;0.000621
2016-07-04T20:00:00.000Z;XBTUSD;2000-01-01T08:00:00.000Z;-9.199999999999996e-05;-0.0002759999999999999
2016-07-05T20:00:00.000Z;XBTUSD;2000-01-01T08:00:00.000Z;-0.000722;-0.002166
2016-07-06T20:00:00.000Z;XBTUSD;2000-01-01T08:00:00.000Z;0.000593;0.001779
2016-07-07T20:00:00.000Z;XBTUSD;2000-01-01T08:00:00.000Z;0.000156;0.000468
2016-07-08T20:00:00.000Z;XBTUSD;2000-01-01T08:00:00.000Z;-0.001726;-0.005178
2016-07-09T20:00:00.000Z;XBTUSD;2000-01-01T08:00:00.000Z;-0.0012369999999999998;-0.003711
2016-07-10T20:00:00.000Z;XBTUSD;2000-01-01T08:00:00.000Z;-0.0007539999999999999;-0.002262
2016-07-11T20:00:00.000Z;XBTUSD;2000-01-01T08:00:00.000Z;-0.0005759999999999999;-0.0017279999999999995
2016-07-12T20:00:00.000Z;XBTUSD;2000-01-01T08:00:00.000Z;0.000126;0.000378
2016-07-13T20:00:00.000Z;XBTUSD;2000-01-01T08:00:00.000Z;0.000139;0.000417
2016-07-14T20:00:00.000Z;XBTUSD;2000-01-01T08:00:00.000Z;-0.000554;-0.001662
2016-07-15T20:00:00.000Z;XBTUSD;2000-01-01T08:00:00.000Z;0.000125;0.000375
2016-07-16T20:00:00.000Z;XBTUSD;2000-01-01T08:00:00.000Z;0.000122;0.000366
2016-07-17T20:00:00.000Z;XBTUSD;2000-01-01T08:00:00.000Z;0.00016799999999999996;0.0005039999999999999
2016-07-18T20:00:00.000Z;XBTUSD;2000-01-01T08:00:00.000Z;0.001257;0.003771
2016-07-19T20:00:00.000Z;XBTUSD;2000-01-01T08:00:00.000Z;0.000129;0.00038700000000000003
2016-07-20T20:00:00.000Z;XBTUSD;2000-01-01T08:00:00.000Z;0.0008529999999999999;0.002559
2016-07-21T20:00:00.000Z;XBTUSD;2000-01-01T08:00:00.000Z;0.000131;0.000393
2016-07-22T20:00:00.000Z;XBTUSD;2000-01-01T08:00:00.000Z;0.000126;0.000378
2016-07-23T20:00:00.000Z;XBTUSD;2000-01-01T08:00:00.000Z;0.0006820000000000001;0.002046
2016-07-24T20:00:00.000Z;XBTUSD;2000-01-01T08:00:00.000Z;0.000122;0.000366
2016-07-25T20:00:00.000Z;XBTUSD;2000-01-01T08:00:00.000Z;-0.0004940000000000001;-0.0014820000000000002
2016-07-26T20:00:00.000Z;XBTUSD;2000-01-01T08:00:00.000Z;0.000118;0.000354
2016-07-27T20:00:00.000Z;XBTUSD;2000-01-01T08:00:00.000Z;-0.0005070000000000001;-0.0015210000000000002
2016-07-28T20:00:00.000Z;XBTUSD;2000-01-01T08:00:00.000Z;0.001155;0.0034649999999999998
2016-07-29T20:00:00.000Z;XBTUSD;2000-01-01T08:00:00.000Z;2e-05;6e-05
2016-07-30T20:00:00.000Z;XBTUSD;2000-01-01T08:00:00.000Z;5.0999999999999986e-05;0.00015299999999999998
2016-07-31T20:00:00.000Z;XBTUSD;2000-01-01T08:00:00.000Z;-0.001254;-0.003762
2016-08-01T20:00:00.000Z;XBTUSD;2000-01-01T08:00:00.000Z;-0.001146;-0.003438
2016-08-02T20:00:00.000Z;XBTUSD;2000-01-01T08:00:00.000Z;-0.0006490000000000001;-0.001947
2016-08-03T20:00:00.000Z;XBTUSD;2000-01-01T08:00:00.000Z;-0.0064730000000000005;-0.019419
2016-08-04T20:00:00.000Z;XBTUSD;2000-01-01T08:00:00.000Z;-0.002101;-0.0063030000000000004
2016-08-05T20:00:00.000Z;XBTUSD;2000-01-01T08:00:00.000Z;-0.0015550000000000002;-0.004665
2016-08-06T20:00:00.000Z;XBTUSD;2000-01-01T08:00:00.000Z;-0.0033710000000000003;-0.010112999999999999
2016-08-07T20:00:00.000Z;XBTUSD;2000-01-01T08:00:00.000Z;-0.00094;-0.0028200000000000005
2016-08-08T20:00:00.000Z;XBTUSD;2000-01-01T08:00:00.000Z;0.00023899999999999995;0.0007169999999999999
2016-08-09T20:00:00.000Z;XBTUSD;2000-01-01T08:00:00.000Z;7.8e-05;0.000234
2016-08-10T20:00:00.000Z;XBTUSD;2000-01-01T08:00:00.000Z;0.000938;0.002814
2016-08-11T20:00:00.000Z;XBTUSD;2000-01-01T08:00:00.000Z;7.8e-05;0.000234
2016-08-12T20:00:00.000Z;XBTUSD;2000-01-01T08:00:00.000Z;-0.00039;-0.0011699999999999998
2016-08-13T20:00:00.000Z;XBTUSD;2000-01-01T08:00:00.000Z;-8.7e-05;-0.000261
2016-08-14T20:00:00.000Z;XBTUSD;2000-01-01T08:00:00.000Z;-0.00026000000000000003;-0.0007799999999999999
2016-08-15T20:00:00.000Z;XBTUSD;2000-01-01T08:00:00.000Z;-0.002166;-0.006498
2016-08-16T20:00:00.000Z;XBTUSD;2000-01-01T08:00:00.000Z;-0.00012800000000000002;-0.00038400000000000017
2016-08-17T20:00:00.000Z;XBTUSD;2000-01-01T08:00:00.000Z;-0.000624;-0.001872
2016-08-18T20:00:00.000Z;XBTUSD;2000-01-01T08:00:00.000Z;0.0015830000000000002;0.004749000000000001
2016-08-19T20:00:00.000Z;XBTUSD;2000-01-01T08:00:00.000Z;-0.000214;-0.000642
2016-08-20T20:00:00.000Z;XBTUSD;2000-01-01T08:00:00.000Z;0.000776;0.002328
2016-08-21T20:00:00.000Z;XBTUSD;2000-01-01T08:00:00.000Z;-0.000198;-0.0005939999999999999
2016-08-22T20:00:00.000Z;XBTUSD;2000-01-01T08:00:00.000Z;0.00010099999999999996;0.00030299999999999983
2016-08-23T20:00:00.000Z;XBTUSD;2000-01-01T08:00:00.000Z;-0.000127;-0.000381
2016-08-24T20:00:00.000Z;XBTUSD;2000-01-01T08:00:00.000Z;0.002761;0.008283
2016-08-25T20:00:00.000Z;XBTUSD;2000-01-01T08:00:00.000Z;-0.000376;-0.001128
2016-08-26T20:00:00.000Z;XBTUSD;2000-01-01T08:00:00.000Z;0.001259;0.003777
2016-08-27T20:00:00.000Z;XBTUSD;2000-01-01T08:00:00.000Z;-0.00019800000000000004;-0.0005940000000000001
2016-08-28T20:00:00.000Z;XBTUSD;2000-01-01T08:00:00.000Z;-0.000401;-0.001203
2016-08-29T20:00:00.000Z;XBTUSD;2000-01-01T08:00:00.000Z;0.0007329999999999999;0.002199
2016-08-30T20:00:00.000Z;XBTUSD;2000-01-01T08:00:00.000Z;-0.000272;-0.000816
2016-08-31T20:00:00.000Z;XBTUSD;2000-01-01T08:00:00.000Z;0.001136;0.0034080000000000004
2016-09-01T20:00:00.000Z;XBTUSD;2000-01-01T08:00:00.000Z;0.001602;0.004806
2016-09-02T20:00:00.000Z;XBTUSD;2000-01-01T08:00:00.000Z;-0.000924;-0.0027719999999999997
2016-09-03T20:00:00.000Z;XBTUSD;2000-01-01T08:00:00.000Z;-5.0000000000000016e-05;-0.00015000000000000007
2016-09-04T20:00:00.000Z;XBTUSD;2000-01-01T08:00:00.000Z;0.001067;0.003201
2016-09-05T20:00:00.000Z;XBTUSD;2000-01-01T08:00:00.000Z;0.000859;0.002577
2016-09-06T20:00:00.000Z;XBTUSD;2000-01-01T08:00:00.000Z;0.000848;0.0025440000000000003
2016-09-07T20:00:00.000Z;XBTUSD;2000-01-01T08:00:00.000Z;0.001168;0.003504
2016-09-08T20:00:00.000Z;XBTUSD;2000-01-01T08:00:00.000Z;0.00024900000000000004;0.0007469999999999999
2016-09-09T20:00:00.000Z;XBTUSD;2000-01-01T08:00:00.000Z;0.0034840000000000006;0.010452
2016-09-10T20:00:00.000Z;XBTUSD;2000-01-01T08:00:00.000Z;0.000912;0.002736
2016-09-11T20:00:00.000Z;XBTUSD;2000-01-01T08:00:00.000Z;0.001194;0.003582
2016-09-12T20:00:00.000Z;XBTUSD;2000-01-01T08:00:00.000Z;-0.000634;-0.001902
2016-09-13T20:00:00.000Z;XBTUSD;2000-01-01T08:00:00.000Z;0.000146;0.000438
2016-09-14T20:00:00.000Z;XBTUSD;2000-01-01T08:00:00.000Z;-0.0005560000000000001;-0.0016680000000000002
2016-09-15T20:00:00.000Z;XBTUSD;2000-01-01T08:00:00.000Z;-0.00027899999999999995;-0.0008369999999999999
2016-09-16T20:00:00.000Z;XBTUSD;2000-01-01T08:00:00.000Z;-4.9e-05;-0.000147
2016-09-17T20:00:00.000Z;XBTUSD;2000-01-01T08:00:00.000Z;-6e-06;-1.8e-05
2016-09-18T20:00:00.000Z;XBTUSD;2000-01-01T08:00:00.000Z;-1e-06;-3e-06
2016-09-19T20:00:00.000Z;XBTUSD;2000-01-01T08:00:00.000Z;0.0008230000000000001;0.0024690000000000003
2016-09-20T20:00:00.000Z;XBTUSD;2000-01-01T08:00:00.000Z;0.000276;0.000828
2016-09-21T20:00:00.000Z;XBTUSD;2000-01-01T08:00:00.000Z;-0.0006219999999999999;-0.001866
2016-09-22T20:00:00.000Z;XBTUSD;2000-01-01T08:00:00.000Z;-0.0006940000000000001;-0.002082
2016-09-23T20:00:00.000Z;XBTUSD;2000-01-01T08:00:00.000Z;0.000334;0.0010019999999999999
2016-09-24T20:00:00.000Z;XBTUSD;2000-01-01T08:00:00.000Z;0.000116;0.000348
2016-09-25T20:00:00.000Z;XBTUSD;2000-01-01T08:00:00.000Z;9.1e-05;0.000273
2016-09-26T20:00:00.000Z;XBTUSD;2000-01-01T08:00:00.000Z;0.0006670000000000001;0.002001
2016-09-27T20:00:00.000Z;XBTUSD;2000-01-01T08:00:00.000Z;0.001394;0.004182
2016-09-28T20:00:00.000Z;XBTUSD;2000-01-01T08:00:00.000Z;8.3e-05;0.00024900000000000004
2016-09-29T20:00:00.000Z;XBTUSD;2000-01-01T08:00:00.000Z;0.00043;0.0012900000000000001
2016-09-30T20:00:00.000Z;XBTUSD;2000-01-01T08:00:00.000Z;0.0006770000000000001;0.0020310000000000003
2016-10-01T20:00:00.000Z;XBTUSD;2000-01-01T08:00:00.000Z;0.002602;0.0078060000000000004
2016-10-02T20:00:00.000Z;XBTUSD;2000-01-01T08:00:00.000Z;8.8e-05;0.000264
2016-10-03T20:00:00.000Z;XBTUSD;2000-01-01T08:00:00.000Z;0.000456;0.001368
2016-10-04T20:00:00.000Z;XBTUSD;2000-01-01T08:00:00.000Z;7.900000000000001e-05;0.000237
2016-10-05T20:00:00.000Z;XBTUSD;2000-01-01T08:00:00.000Z;0.000537;0.001611
2016-10-06T20:00:00.000Z;XBTUSD;2000-01-01T08:00:00.000Z;7.3e-05;0.000219
2016-10-07T20:00:00.000Z;XBTUSD;2000-01-01T08:00:00.000Z;0.000778;0.002334
2016-10-08T20:00:00.000Z;XBTUSD;2000-01-01T08:00:00.000Z;0.000668;0.0020039999999999997
2016-10-09T20:00:00.000Z;XBTUSD;2000-01-01T08:00:00.000Z;6e-05;0.00018
2016-10-10T20:00:00.000Z;XBTUSD;2000-01-01T08:00:00.000Z;0.002495;0.007484999999999999
2016-10-11T20:00:00.000Z;XBTUSD;2000-01-01T08:00:00.000Z;4.1e-05;0.000123
2016-10-12T20:00:00.000Z;XBTUSD;2000-01-01T08:00:00.000Z;0.000909;0.0027270000000000003
2016-10-13T20:00:00.000Z;XBTUSD;2000-01-01T08:00:00.000Z;6.7e-05;0.000201
2016-10-14T20:00:00.000Z;XBTUSD;2000-01-01T08:00:00.000Z;0.000433;0.001299
2016-10-15T20:00:00.000Z;XBTUSD;2000-01-01T08:00:00.000Z;0.0017200000000000002;0.0051600000000000005
2016-10-16T20:00:00.000Z;XBTUSD;2000-01-01T08:00:00.000Z;-0.00016799999999999996;-0.0005039999999999999
2016-10-17T20:00:00.000Z;XBTUSD;2000-01-01T08:00:00.000Z;0.00012600000000000005;0.0003780000000000001
2016-10-18T20:00:00.000Z;XBTUSD;2000-01-01T08:00:00.000Z;-7.700000000000003e-05;-0.00023100000000000009
2016-10-19T20:00:00.000Z;XBTUSD;2000-01-01T08:00:00.000Z;7.2e-05;0.000216
2016-10-20T20:00:00.000Z;XBTUSD;2000-01-01T08:00:00.000Z;-0.0006999999999999999;-0.0020999999999999994
2016-10-21T20:00:00.000Z;XBTUSD;2000-01-01T08:00:00.000Z;7.3e-05;0.000219
2016-10-22T20:00:00.000Z;XBTUSD;2000-01-01T08:00:00.000Z;7.2e-05;0.000216
2016-10-23T20:00:00.000Z;XBTUSD;2000-01-01T08:00:00.000Z;0.002458;0.007373999999999999
2016-10-24T20:00:00.000Z;XBTUSD;2000-01-01T08:00:00.000Z;0.00375;0.01125
2016-10-25T20:00:00.000Z;XBTUSD;2000-01-01T08:00:00.000Z;0.000763;0.0022890000000000002
2016-10-26T20:00:00.000Z;XBTUSD;2000-01-01T08:00:00.000Z;0.001371;0.004113
2016-10-27T20:00:00.000Z;XBTUSD;2000-01-01T08:00:00.000Z;0.00015;0.00045
2016-10-28T20:00:00.000Z;XBTUSD;2000-01-01T08:00:00.000Z;0.000335;0.001005
2016-10-29T20:00:00.000Z;XBTUSD;2000-01-01T08:00:00.000Z;0.002944;0.008832
2016-10-30T20:00:00.000Z;XBTUSD;2000-01-01T08:00:00.000Z;9e-05;0.00027
2016-10-31T20:00:00.000Z;XBTUSD;2000-01-01T08:00:00.000Z;0.000742;0.002226
2016-11-01T20:00:00.000Z;XBTUSD;2000-01-01T08:00:00.000Z;0.00375;0.01125
2016-11-02T20:00:00.000Z;XBTUSD;2000-01-01T08:00:00.000Z;0.00375;0.01125
2016-11-03T20:00:00.000Z;XBTUSD;2000-01-01T08:00:00.000Z;0.002656;0.007968000000000001
2016-11-04T20:00:00.000Z;XBTUSD;2000-01-01T08:00:00.000Z;0.00024700000000000004;0.0007410000000000001
2016-11-05T20:00:00.000Z;XBTUSD;2000-01-01T08:00:00.000Z;0.000101;0.000303
2016-11-06T20:00:00.000Z;XBTUSD;2000-01-01T08:00:00.000Z;0.0023350000000000003;0.007004999999999999
2016-11-07T20:00:00.000Z;XBTUSD;2000-01-01T08:00:00.000Z;0.0007469999999999999;0.002241
2016-11-08T20:00:00.000Z;XBTUSD;2000-01-01T08:00:00.000Z;-0.0006329999999999999;-0.0018989999999999999
2016-11-09T20:00:00.000Z;XBTUSD;2000-01-01T08:00:00.000Z;0.001334;0.004002
2016-11-10T20:00:00.000Z;XBTUSD;2000-01-01T08:00:00.000Z;0.0008339999999999999;0.002502
2016-11-11T20:00:00.000Z;XBTUSD;2000-01-01T08:00:00.000Z;0.001202;0.003606
2016-11-12T20:00:00.000Z;XBTUSD;2000-01-01T08:00:00.000Z;0.000139;0.000417
2016-11-13T20:00:00.000Z;XBTUSD;2000-01-01T08:00:00.000Z;0.00011;0.00033
2016-11-14T20:00:00.000Z;XBTUSD;2000-01-01T08:00:00.000Z;0.000111;0.000333
2016-11-15T20:00:00.000Z;XBTUSD;2000-01-01T08:00:00.000Z;0.000281;0.000843
2016-11-16T20:00:00.000Z;XBTUSD;2000-01-01T08:00:00.000Z;0.000264;0.0007920000000000001
2016-11-17T20:00:00.000Z;XBTUSD;2000-01-01T08:00:00.000Z;0.00314;0.00942
2016-11-18T20:00:00.000Z;XBTUSD;2000-01-01T08:00:00.000Z;0.001417;0.004251
2016-11-19T20:00:00.000Z;XBTUSD;2000-01-01T08:00:00.000Z;0.000294;0.0008820000000000002
2016-11-20T20:00:00.000Z;XBTUSD;2000-01-01T08:00:00.000Z;0.00027;0.00081
2016-11-21T20:00:00.000Z;XBTUSD;2000-01-01T08:00:00.000Z;0.000273;0.0008190000000000001
2016-11-22T20:00:00.000Z;XBTUSD;2000-01-01T08:00:00.000Z;0.000291;0.0008730000000000001
2016-11-23T20:00:00.000Z;XBTUSD;2000-01-01T08:00:00.000Z;0.00114;0.0034200000000000003
2016-11-24T20:00:00.000Z;XBTUSD;2000-01-01T08:00:00.000Z;0.00031;0.00093
2016-11-25T20:00:00.000Z;XBTUSD;2000-01-01T08:00:00.000Z;0.000375;0.001125
2016-11-26T20:00:00.000Z;XBTUSD;2000-01-01T08:00:00.000Z;0.00041;0.00123
2016-11-27T20:00:00.000Z;XBTUSD;2000-01-01T08:00:00.000Z;0.00026500000000000004;0.0007950000000000001
2016-11-28T20:00:00.000Z;XBTUSD;2000-01-01T08:00:00.000Z;0.000299;0.000897
2016-11-29T20:00:00.000Z;XBTUSD;2000-01-01T08:00:00.000Z;0.00031600000000000004;0.000948
2016-11-30T20:00:00.000Z;XBTUSD;2000-01-01T08:00:00.000Z;0.000357;0.001071
2016-12-01T20:00:00.000Z;XBTUSD;2000-01-01T08:00:00.000Z;0.000362;0.0010860000000000002
2016-12-02T20:00:00.000Z;XBTUSD;2000-01-01T08:00:00.000Z;0.001222;0.003666
2016-12-03T20:00:00.000Z;XBTUSD;2000-01-01T08:00:00.000Z;0.000349;0.0010470000000000002
2016-12-04T20:00:00.000Z;XBTUSD;2000-01-01T08:00:00.000Z;0.0007849999999999999;0.0023549999999999995
2016-12-05T20:00:00.000Z;XBTUSD;2000-01-01T08:00:00.000Z;0.000869;0.002607
2016-12-06T20:00:00.000Z;XBTUSD;2000-01-01T08:00:00.000Z;0.00021;0.00063
2016-12-07T20:00:00.000Z;XBTUSD;2000-01-01T08:00:00.000Z;0.00014;0.00042
2016-12-08T20:00:00.000Z;XBTUSD;2000-01-01T08:00:00.000Z;-0.000364;-0.001092
2016-12-09T20:00:00.000Z;XBTUSD;2000-01-01T08:00:00.000Z;9.8e-05;0.000294
2016-12-10T20:00:00.000Z;XBTUSD;2000-01-01T08:00:00.000Z;0.00030000000000000003;0.0009000000000000002
2016-12-11T20:00:00.000Z;XBTUSD;2000-01-01T08:00:00.000Z;2.5e-05;7.500000000000001e-05
2016-12-12T20:00:00.000Z;XBTUSD;2000-01-01T08:00:00.000Z;6e-06;1.8e-05
2016-12-13T20:00:00.000Z;XBTUSD;2000-01-01T08:00:00.000Z;0.000688;0.002064
2016-12-14T20:00:00.000Z;XBTUSD;2000-01-01T08:00:00.000Z;3.4e-05;0.000102
2016-12-15T20:00:00.000Z;XBTUSD;2000-01-01T08:00:00.000Z;0.000536;0.0016079999999999998
2016-12-16T20:00:00.000Z;XBTUSD;2000-01-01T08:00:00.000Z;0.001102;0.0033060000000000003
2016-12-17T20:00:00.000Z;XBTUSD;2000-01-01T08:00:00.000Z;0.00015800000000000002;0.000474
2016-12-18T20:00:00.000Z;XBTUSD;2000-01-01T08:00:00.000Z;0.00013700000000000002;0.000411
2016-12-19T20:00:00.000Z;XBTUSD;2000-01-01T08:00:00.000Z;-1.3e-05;-3.9e-05
2016-12-20T20:00:00.000Z;XBTUSD;2000-01-01T08:00:00.000Z;-0.000312;-0.000936
2016-12-21T20:00:00.000Z;XBTUSD;2000-01-01T08:00:00.000Z;5.2e-05;0.000156
2016-12-22T20:00:00.000Z;XBTUSD;2000-01-01T08:00:00.000Z;0.0017350000000000002;0.0052049999999999996
2016-12-23T20:00:00.000Z;XBTUSD;2000-01-01T08:00:00.000Z;0.001353;0.004059
2016-12-24T20:00:00.000Z;XBTUSD;2000-01-01T08:00:00.000Z;0.002148;0.006444
2016-12-25T20:00:00.000Z;XBTUSD;2000-01-01T08:00:00.000Z;0.000285;0.0008550000000000001
2016-12-26T20:00:00.000Z;XBTUSD;2000-01-01T08:00:00.000Z;0.0016619999999999998;0.004985999999999999
2016-12-27T20:00:00.000Z;XBTUSD;2000-01-01T08:00:00.000Z;0.002376;0.0071280000000000015
2016-12-28T20:00:00.000Z;XBTUSD;2000-01-01T08:00:00.000Z;0.000206;0.0006180000000000001
2016-12-29T20:00:00.000Z;XBTUSD;2000-01-01T08:00:00.000Z;0.000107;0.000321
2016-12-30T20:00:00.000Z;XBTUSD;2000-01-01T08:00:00.000Z;0.00014199999999999998;0.000426
2016-12-31T20:00:00.000Z;XBTUSD;2000-01-01T08:00:00.000Z;-0.000402;-0.001206
2017-01-01T20:00:00.000Z;XBTUSD;2000-01-01T08:00:00.000Z;0.001365;0.0040950000000000005
2017-01-02T20:00:00.000Z;XBTUSD;2000-01-01T08:00:00.000Z;0.002059;0.006177
2017-01-03T20:00:00.000Z;XBTUSD;2000-01-01T08:00:00.000Z;0.000598;0.001794
2017-01-04T20:00:00.000Z;XBTUSD;2000-01-01T08:00:00.000Z;0.00375;0.01125
2017-01-05T20:00:00.000Z;XBTUSD;2000-01-01T08:00:00.000Z;0.00375;0.01125
2017-01-06T20:00:00.000Z;XBTUSD;2000-01-01T08:00:00.000Z;-0.001391;-0.0041730000000000005
2017-01-07T20:00:00.000Z;XBTUSD;2000-01-01T08:00:00.000Z;-0.0006299999999999999;-0.0018899999999999998
2017-01-08T20:00:00.000Z;XBTUSD;2000-01-01T08:00:00.000Z;-0.001217;-0.0036509999999999997
2017-01-09T20:00:00.000Z;XBTUSD;2000-01-01T08:00:00.000Z;-0.0006360000000000001;-0.0019079999999999998
2017-01-10T20:00:00.000Z;XBTUSD;2000-01-01T08:00:00.000Z;0.000304;0.000912
2016-12-09T12:00:00.000Z;XBTUSD;2000-01-01T08:00:00.000Z;9.1e-05;0.000273
2016-12-10T12:00:00.000Z;XBTUSD;2000-01-01T08:00:00.000Z;7.7e-05;0.000231
2016-12-11T12:00:00.000Z;XBTUSD;2000-01-01T08:00:00.000Z;0.00019099999999999998;0.0005729999999999999
2016-12-12T12:00:00.000Z;XBTUSD;2000-01-01T08:00:00.000Z;2.4e-05;7.2e-05
2016-12-13T12:00:00.000Z;XBTUSD;2000-01-01T08:00:00.000Z;0.001098;0.003294
2016-12-14T12:00:00.000Z;XBTUSD;2000-01-01T08:00:00.000Z;-3.0999999999999995e-05;-9.299999999999996e-05
2016-12-15T12:00:00.000Z;XBTUSD;2000-01-01T08:00:00.000Z;7.7e-05;0.000231
2016-12-16T12:00:00.000Z;XBTUSD;2000-01-01T08:00:00.000Z;0.001047;0.003141
2016-12-17T12:00:00.000Z;XBTUSD;2000-01-01T08:00:00.000Z;0.000129;0.000387
2016-12-18T12:00:00.000Z;XBTUSD;2000-01-01T08:00:00.000Z;0.00018000000000000004;0.0005400000000000001
2016-12-19T12:00:00.000Z;XBTUSD;2000-01-01T08:00:00.000Z;0.0001;0.00030000000000000003
2016-12-20T12:00:00.000Z;XBTUSD;2000-01-01T08:00:00.000Z;0.000105;0.000315
2016-12-21T12:00:00.000Z;XBTUSD;2000-01-01T08:00:00.000Z;0.0006360000000000001;0.0019079999999999998
2016-12-22T12:00:00.000Z;XBTUSD;2000-01-01T08:00:00.000Z;0.001698;0.005094
2016-12-23T12:00:00.000Z;XBTUSD;2000-01-01T08:00:00.000Z;0.001265;0.003795
2016-12-24T12:00:00.000Z;XBTUSD;2000-01-01T08:00:00.000Z;0.00375;0.01125
2016-12-25T12:00:00.000Z;XBTUSD;2000-01-01T08:00:00.000Z;-0.001167;-0.003501
2016-12-26T12:00:00.000Z;XBTUSD;2000-01-01T08:00:00.000Z;0.0023350000000000003;0.007004999999999999
2016-12-27T12:00:00.000Z;XBTUSD;2000-01-01T08:00:00.000Z;0.0016879999999999998;0.005063999999999999
2016-12-28T12:00:00.000Z;XBTUSD;2000-01-01T08:00:00.000Z;0.003336;0.010008
2016-12-29T12:00:00.000Z;XBTUSD;2000-01-01T08:00:00.000Z;5.5000000000000036e-05;0.0001650000000000001
2016-12-30T12:00:00.000Z;XBTUSD;2000-01-01T08:00:00.000Z;0.001225;0.003675
2016-12-31T12:00:00.000Z;XBTUSD;2000-01-01T08:00:00.000Z;-0.0009710000000000001;-0.002913
2017-01-01T12:00:00.000Z;XBTUSD;2000-01-01T08:00:00.000Z;0.000982;0.0029460000000000003
2017-01-02T12:00:00.000Z;XBTUSD;2000-01-01T08:00:00.000Z;0.0008290000000000001;0.0024870000000000005
2017-01-03T12:00:00.000Z;XBTUSD;2000-01-01T08:00:00.000Z;0.003163;0.009489000000000001
2017-01-04T12:00:00.000Z;XBTUSD;2000-01-01T08:00:00.000Z;0.000997;0.002991
2017-01-05T12:00:00.000Z;XBTUSD;2000-01-01T08:00:00.000Z;0.00375;0.01125
2017-01-06T12:00:00.000Z;XBTUSD;2000-01-01T08:00:00.000Z;-0.00011100000000000001;-0.000333
2017-01-07T12:00:00.000Z;XBTUSD;2000-01-01T08:00:00.000Z;0.00030500000000000004;0.000915
2017-01-08T12:00:00.000Z;XBTUSD;2000-01-01T08:00:00.000Z;0.000521;0.0015630000000000002
2017-01-09T12:00:00.000Z;XBTUSD;2000-01-01T08:00:00.000Z;-0.001023;-0.003069
2017-01-10T12:00:00.000Z;XBTUSD;2000-01-01T08:00:00.000Z;0.000245;0.000735
2017-02-13T20:00:00.000Z;XBTUSD;2000-01-01T08:00:00.000Z;-0.000106;-0.00031800000000000003
2017-02-14T20:00:00.000Z;XBTUSD;2000-01-01T08:00:00.000Z;0.001416;0.004248
2017-02-15T20:00:00.000Z;XBTUSD;2000-01-01T08:00:00.000Z;0.0009880000000000002;0.002964
2017-02-16T20:00:00.000Z;XBTUSD;2000-01-01T08:00:00.000Z;0.0007480000000000001;0.0022440000000000003
2017-02-17T20:00:00.000Z;XBTUSD;2000-01-01T08:00:00.000Z;0.000923;0.002769
2017-02-18T20:00:00.000Z;XBTUSD;2000-01-01T08:00:00.000Z;3.9e-05;0.000117
2017-02-19T20:00:00.000Z;XBTUSD;2000-01-01T08:00:00.000Z;2.9e-05;8.7e-05
2017-02-20T20:00:00.000Z;XBTUSD;2000-01-01T08:00:00.000Z;0.001021;0.0030629999999999998
2017-02-21T20:00:00.000Z;XBTUSD;2000-01-01T08:00:00.000Z;0.002602;0.0078060000000000004
2017-02-22T20:00:00.000Z;XBTUSD;2000-01-01T08:00:00.000Z;0.00375;0.01125
2017-02-23T20:00:00.000Z;XBTUSD;2000-01-01T08:00:00.000Z;0.000951;0.002853
2017-02-24T20:00:00.000Z;XBTUSD;2000-01-01T08:00:00.000Z;0.00375;0.01125
2017-02-25T20:00:00.000Z;XBTUSD;2000-01-01T08:00:00.000Z;0.000165;0.000495
2017-02-26T20:00:00.000Z;XBTUSD;2000-01-01T08:00:00.000Z;0.000188;0.0005639999999999999
2017-02-27T20:00:00.000Z;XBTUSD;2000-01-01T08:00:00.000Z;0.000179;0.0005369999999999999
2017-02-28T20:00:00.000Z;XBTUSD;2000-01-01T08:00:00.000Z;0.00023500000000000002;0.0007049999999999999
2017-03-01T20:00:00.000Z;XBTUSD;2000-01-01T08:00:00.000Z;0.000111;0.000333
2017-03-02T20:00:00.000Z;XBTUSD;2000-01-01T08:00:00.000Z;0.000132;0.000396
2017-03-03T20:00:00.000Z;XBTUSD;2000-01-01T08:00:00.000Z;0.000221;0.000663
2017-03-04T20:00:00.000Z;XBTUSD;2000-01-01T08:00:00.000Z;0.0005269999999999999;0.0015809999999999995
2017-03-05T20:00:00.000Z;XBTUSD;2000-01-01T08:00:00.000Z;0.001934;0.005802000000000001
2017-03-06T20:00:00.000Z;XBTUSD;2000-01-01T08:00:00.000Z;0.002289;0.006867
2017-03-07T20:00:00.000Z;XBTUSD;2000-01-01T08:00:00.000Z;0.0009369999999999999;0.002811
2017-03-08T20:00:00.000Z;XBTUSD;2000-01-01T08:00:00.000Z;-2.5e-05;-7.500000000000001e-05
2017-03-09T20:00:00.000Z;XBTUSD;2000-01-01T08:00:00.000Z;0.000102;0.000306
2017-03-10T20:00:00.000Z;XBTUSD;2000-01-01T08:00:00.000Z;0.000102;0.000306
2017-03-11T20:00:00.000Z;XBTUSD;2000-01-01T08:00:00.000Z;-0.00127;-0.00381
2017-03-12T20:00:00.000Z;XBTUSD;2000-01-01T08:00:00.000Z;-0.001069;-0.003207
2017-03-13T20:00:00.000Z;XBTUSD;2000-01-01T08:00:00.000Z;-0.00044400000000000006;-0.001332
2017-03-14T20:00:00.000Z;XBTUSD;2000-01-01T08:00:00.000Z;5.8e-05;0.000174
2017-03-15T20:00:00.000Z;XBTUSD;2000-01-01T08:00:00.000Z;5.400000000000001e-05;0.00016199999999999998
2017-03-16T20:00:00.000Z;XBTUSD;2000-01-01T08:00:00.000Z;-0.001302;-0.003906
2017-03-17T20:00:00.000Z;XBTUSD;2000-01-01T08:00:00.000Z;-0.00035899999999999994;-0.0010769999999999998
2017-03-18T20:00:00.000Z;XBTUSD;2000-01-01T08:00:00.000Z;-0.0015300000000000001;-0.00459
2017-03-19T20:00:00.000Z;XBTUSD;2000-01-01T08:00:00.000Z;-0.003741;-0.011223
2017-03-20T20:00:00.000Z;XBTUSD;2000-01-01T08:00:00.000Z;-0.000531;-0.001593
2017-03-21T20:00:00.000Z;XBTUSD;2000-01-01T08:00:00.000Z;-0.00039;-0.0011699999999999998
2017-03-22T20:00:00.000Z;XBTUSD;2000-01-01T08:00:00.000Z;-0.000822;-0.0024660000000000003
2017-03-23T20:00:00.000Z;XBTUSD;2000-01-01T08:00:00.000Z;-0.000307;-0.000921
2017-03-24T20:00:00.000Z;XBTUSD;2000-01-01T08:00:00.000Z;-0.000396;-0.0011879999999999998
2017-03-25T20:00:00.000Z;XBTUSD;2000-01-01T08:00:00.000Z;-0.001005;-0.0030150000000000003
2017-03-26T20:00:00.000Z;XBTUSD;2000-01-01T08:00:00.000Z;5.9e-05;0.000177
2017-03-27T20:00:00.000Z;XBTUSD;2000-01-01T08:00:00.000Z;-0.000402;-0.001206
2017-03-28T20:00:00.000Z;XBTUSD;2000-01-01T08:00:00.000Z;-0.000107;-0.000321
2017-03-29T20:00:00.000Z;XBTUSD;2000-01-01T08:00:00.000Z;-0.000108;-0.000324
2017-03-30T20:00:00.000Z;XBTUSD;2000-01-01T08:00:00.000Z;0.00032700000000000003;0.000981
2017-03-31T20:00:00.000Z;XBTUSD;2000-01-01T08:00:00.000Z;-3.5e-05;-0.000105
2017-04-01T20:00:00.000Z;XBTUSD;2000-01-01T08:00:00.000Z;0.00027800000000000004;0.0008340000000000001
2017-04-02T20:00:00.000Z;XBTUSD;2000-01-01T08:00:00.000Z;-2.8000000000000006e-05;-8.4e-05
2017-04-03T20:00:00.000Z;XBTUSD;2000-01-01T08:00:00.000Z;-4e-05;-0.00012000000000000004
2017-04-04T20:00:00.000Z;XBTUSD;2000-01-01T08:00:00.000Z;-0.002161;-0.006483000000000001
2017-04-05T20:00:00.000Z;XBTUSD;2000-01-01T08:00:00.000Z;-0.0014869999999999998;-0.004461
2017-04-06T20:00:00.000Z;XBTUSD;2000-01-01T08:00:00.000Z;-5.8e-05;-0.000174
2017-04-07T20:00:00.000Z;XBTUSD;2000-01-01T08:00:00.000Z;-0.0008089999999999999;-0.0024270000000000003
2017-04-08T20:00:00.000Z;XBTUSD;2000-01-01T08:00:00.000Z;-0.000528;-0.001584
2017-04-09T20:00:00.000Z;XBTUSD;2000-01-01T08:00:00.000Z;-0.001401;-0.004203
2017-04-10T20:00:00.000Z;XBTUSD;2000-01-01T08:00:00.000Z;0.0008309999999999999;0.002493
2017-04-11T20:00:00.000Z;XBTUSD;2000-01-01T08:00:00.000Z;-8e-06;-2.4e-05
2017-04-12T20:00:00.000Z;XBTUSD;2000-01-01T08:00:00.000Z;-1e-05;-3.000000000000001e-05
2017-04-13T20:00:00.000Z;XBTUSD;2000-01-01T08:00:00.000Z;-0.00104;-0.0031199999999999995
2017-04-14T20:00:00.000Z;XBTUSD;2000-01-01T08:00:00.000Z;-0.0004940000000000001;-0.0014820000000000002
2017-04-15T20:00:00.000Z;XBTUSD;2000-01-01T08:00:00.000Z;-0.000112;-0.000336
2017-04-16T20:00:00.000Z;XBTUSD;2000-01-01T08:00:00.000Z;-0.00026900000000000003;-0.0008070000000000001
2017-04-17T20:00:00.000Z;XBTUSD;2000-01-01T08:00:00.000Z;0.0005300000000000001;0.0015900000000000005
2017-04-18T20:00:00.000Z;XBTUSD;2000-01-01T08:00:00.000Z;0.000662;0.001986
2017-04-19T20:00:00.000Z;XBTUSD;2000-01-01T08:00:00.000Z;-0.000208;-0.000624
2017-04-20T20:00:00.000Z;XBTUSD;2000-01-01T08:00:00.000Z;-0.00020800000000000001;-0.000624
2017-04-21T20:00:00.000Z;XBTUSD;2000-01-01T08:00:00.000Z;0.001821;0.005463
2017-04-22T20:00:00.000Z;XBTUSD;2000-01-01T08:00:00.000Z;0.000346;0.001038
2017-04-23T20:00:00.000Z;XBTUSD;2000-01-01T08:00:00.000Z;0.000292;0.0008759999999999999
2017-04-24T20:00:00.000Z;XBTUSD;2000-01-01T08:00:00.000Z;-0.000285;-0.0008550000000000001
2017-04-25T20:00:00.000Z;XBTUSD;2000-01-01T08:00:00.000Z;-6.6e-05;-0.000198
2017-04-26T20:00:00.000Z;XBTUSD;2000-01-01T08:00:00.000Z;0.0008439999999999999;0.002532
2017-04-27T20:00:00.000Z;XBTUSD;2000-01-01T08:00:00.000Z;0.001564;0.004692
2017-04-28T20:00:00.000Z;XBTUSD;2000-01-01T08:00:00.000Z;0.001505;0.004515
2017-04-29T20:00:00.000Z;XBTUSD;2000-01-01T08:00:00.000Z;-0.00096;-0.00288
2017-04-30T20:00:00.000Z;XBTUSD;2000-01-01T08:00:00.000Z;0.001013;0.003039
2017-05-01T20:00:00.000Z;XBTUSD;2000-01-01T08:00:00.000Z;0.00132;0.00396
2017-05-02T20:00:00.000Z;XBTUSD;2000-01-01T08:00:00.000Z;0.003719;0.011157
2017-05-03T20:00:00.000Z;XBTUSD;2000-01-01T08:00:00.000Z;0.001003;0.003009
2017-05-04T20:00:00.000Z;XBTUSD;2000-01-01T08:00:00.000Z;-0.00237;-0.007109999999999998
2017-05-05T20:00:00.000Z;XBTUSD;2000-01-01T08:00:00.000Z;0.0001;0.00030000000000000003
2017-05-06T20:00:00.000Z;XBTUSD;2000-01-01T08:00:00.000Z;-0.0005059999999999999;-0.0015180000000000007
2017-05-07T20:00:00.000Z;XBTUSD;2000-01-01T08:00:00.000Z;0.0008039999999999999;0.002412
2017-05-08T20:00:00.000Z;XBTUSD;2000-01-01T08:00:00.000Z;0.00375;0.01125
2017-05-09T20:00:00.000Z;XBTUSD;2000-01-01T08:00:00.000Z;0.002088;0.0062640000000000005
2017-05-10T20:00:00.000Z;XBTUSD;2000-01-01T08:00:00.000Z;0.0011220000000000002;0.003366
2017-05-11T20:00:00.000Z;XBTUSD;2000-01-01T08:00:00.000Z;-0.0004150000000000001;-0.001245
2017-05-12T20:00:00.000Z;XBTUSD;2000-01-01T08:00:00.000Z;0.0026620000000000003;0.007986
2017-05-13T20:00:00.000Z;XBTUSD;2000-01-01T08:00:00.000Z;0.0014869999999999998;0.004461
2017-05-14T20:00:00.000Z;XBTUSD;2000-01-01T08:00:00.000Z;0.001556;0.004668
2017-05-15T20:00:00.000Z;XBTUSD;2000-01-01T08:00:00.000Z;-0.00081;-0.00243
2017-05-16T20:00:00.000Z;XBTUSD;2000-01-01T08:00:00.000Z;0.002466;0.007398
2017-05-17T20:00:00.000Z;XBTUSD;2000-01-01T08:00:00.000Z;0.00375;0.01125
2017-05-18T20:00:00.000Z;XBTUSD;2000-01-01T08:00:00.000Z;0.00375;0.01125
2017-05-19T20:00:00.000Z;XBTUSD;2000-01-01T08:00:00.000Z;0.00354;0.010620000000000001
2017-05-20T20:00:00.000Z;XBTUSD;2000-01-01T08:00:00.000Z;0.0001;0.00030000000000000003
2017-05-21T20:00:00.000Z;XBTUSD;2000-01-01T08:00:00.000Z;0.00375;0.01125
2017-05-22T20:00:00.000Z;XBTUSD;2000-01-01T08:00:00.000Z;0.00375;0.01125
2017-05-23T20:00:00.000Z;XBTUSD;2000-01-01T08:00:00.000Z;0.000472;0.001416
2017-05-24T20:00:00.000Z;XBTUSD;2000-01-01T08:00:00.000Z;0.001752;0.005256
2017-05-25T20:00:00.000Z;XBTUSD;2000-01-01T08:00:00.000Z;0.002117;0.006351
2017-05-26T20:00:00.000Z;XBTUSD;2000-01-01T08:00:00.000Z;-4.2e-05;-0.000126
2017-05-27T20:00:00.000Z;XBTUSD;2000-01-01T08:00:00.000Z;0.0;0.0
2017-05-28T20:00:00.000Z;XBTUSD;2000-01-01T08:00:00.000Z;0.0001;0.00030000000000000003
2017-05-29T20:00:00.000Z;XBTUSD;2000-01-01T08:00:00.000Z;0.000509;0.001527
2017-05-30T20:00:00.000Z;XBTUSD;2000-01-01T08:00:00.000Z;0.00375;0.01125
2017-05-31T20:00:00.000Z;XBTUSD;2000-01-01T08:00:00.000Z;-0.001045;-0.003135
2017-06-01T20:00:00.000Z;XBTUSD;2000-01-01T08:00:00.000Z;0.0001;0.00030000000000000003
2017-06-02T20:00:00.000Z;XBTUSD;2000-01-01T08:00:00.000Z;0.000891;0.002673
2017-06-03T20:00:00.000Z;XBTUSD;2000-01-01T08:00:00.000Z;0.002099;0.0062970000000000005
2017-06-04T20:00:00.000Z;XBTUSD;2000-01-01T08:00:00.000Z;0.00062;0.00186
2017-06-05T20:00:00.000Z;XBTUSD;2000-01-01T08:00:00.000Z;0.001891;0.005673
2017-06-06T20:00:00.000Z;XBTUSD;2000-01-01T08:00:00.000Z;0.00375;0.01125
2017-06-07T20:00:00.000Z;XBTUSD;2000-01-01T08:00:00.000Z;0.00375;0.01125
2017-06-08T20:00:00.000Z;XBTUSD;2000-01-01T08:00:00.000Z;0.0001;0.00030000000000000003
2017-06-09T20:00:00.000Z;XBTUSD;2000-01-01T08:00:00.000Z;0.002404;0.007212
2017-06-10T20:00:00.000Z;XBTUSD;2000-01-01T08:00:00.000Z;0.000215;0.0006450000000000001
2017-06-11T20:00:00.000Z;XBTUSD;2000-01-01T08:00:00.000Z;0.002421;0.007262999999999999
2017-06-12T20:00:00.000Z;XBTUSD;2000-01-01T08:00:00.000Z;0.0017120000000000002;0.005136
2017-06-13T20:00:00.000Z;XBTUSD;2000-01-01T08:00:00.000Z;-0.000605;-0.0018149999999999998
2017-06-14T20:00:00.000Z;XBTUSD;2000-01-01T08:00:00.000Z;-0.002343;-0.0070290000000000005
2017-06-15T20:00:00.000Z;XBTUSD;2000-01-01T08:00:00.000Z;-0.00375;-0.01125
2017-06-16T20:00:00.000Z;XBTUSD;2000-01-01T08:00:00.000Z;-0.00375;-0.01125
2017-06-17T20:00:00.000Z;XBTUSD;2000-01-01T08:00:00.000Z;-0.002425;-0.007275
2017-06-18T20:00:00.000Z;XBTUSD;2000-01-01T08:00:00.000Z;-0.000496;-0.0014880000000000002
2017-06-19T20:00:00.000Z;XBTUSD;2000-01-01T08:00:00.000Z;0.00022;0.00066
2017-06-20T20:00:00.000Z;XBTUSD;2000-01-01T08:00:00.000Z;0.000279;0.0008370000000000001
2017-06-21T20:00:00.000Z;XBTUSD;2000-01-01T08:00:00.000Z;0.0007599999999999999;0.00228
2017-06-22T20:00:00.000Z;XBTUSD;2000-01-01T08:00:00.000Z;0.0001;0.00030000000000000003
2017-06-23T20:00:00.000Z;XBTUSD;2000-01-01T08:00:00.000Z;8e-05;0.0002400000000000001
2017-06-24T20:00:00.000Z;XBTUSD;2000-01-01T08:00:00.000Z;-0.000524;-0.001572
2017-06-25T20:00:00.000Z;XBTUSD;2000-01-01T08:00:00.000Z;-0.001445;-0.004335
2017-06-26T20:00:00.000Z;XBTUSD;2000-01-01T08:00:00.000Z;-0.001814;-0.005442000000000001
2017-06-27T20:00:00.000Z;XBTUSD;2000-01-01T08:00:00.000Z;-0.001747;-0.005241
2017-06-28T20:00:00.000Z;XBTUSD;2000-01-01T08:00:00.000Z;-0.0034270000000000004;-0.010281
2017-06-29T20:00:00.000Z;XBTUSD;2000-01-01T08:00:00.000Z;-0.003462;-0.010386
2017-06-30T20:00:00.000Z;XBTUSD;2000-01-01T08:00:00.000Z;-0.001324;-0.003972
2017-07-01T20:00:00.000Z;XBTUSD;2000-01-01T08:00:00.000Z;-0.00375;-0.01125
2017-07-02T20:00:00.000Z;XBTUSD;2000-01-01T08:00:00.000Z;-0.001857;-0.005571
2017-07-03T20:00:00.000Z;XBTUSD;2000-01-01T08:00:00.000Z;0.0001;0.00030000000000000003
2017-07-04T20:00:00.000Z;XBTUSD;2000-01-01T08:00:00.000Z;0.000817;0.002451
2017-07-05T20:00:00.000Z;XBTUSD;2000-01-01T08:00:00.000Z;-0.001123;-0.0033690000000000005
2017-07-06T20:00:00.000Z;XBTUSD;2000-01-01T08:00:00.000Z;-0.000239;-0.000717
2017-07-07T20:00:00.000Z;XBTUSD;2000-01-01T08:00:00.000Z;-0.0028190000000000003;-0.008457
2017-07-08T20:00:00.000Z;XBTUSD;2000-01-01T08:00:00.000Z;8.499999999999999e-05;0.000255
2017-07-09T20:00:00.000Z;XBTUSD;2000-01-01T08:00:00.000Z;-0.001881;-0.005643
2017-07-10T20:00:00.000Z;XBTUSD;2000-01-01T08:00:00.000Z;-0.0006389999999999999;-0.001917
2017-07-11T20:00:00.000Z;XBTUSD;2000-01-01T08:00:00.000Z;-0.00078;-0.00234
2017-07-12T20:00:00.000Z;XBTUSD;2000-01-01T08:00:00.000Z;0.0001;0.00030000000000000003
2017-07-13T20:00:00.000Z;XBTUSD;2000-01-01T08:00:00.000Z;-0.001809;-0.005427
2017-07-14T20:00:00.000Z;XBTUSD;2000-01-01T08:00:00.000Z;-0.001367;-0.004101
2017-07-15T20:00:00.000Z;XBTUSD;2000-01-01T08:00:00.000Z;-0.001613;-0.004839
2017-07-16T20:00:00.000Z;XBTUSD;2000-01-01T08:00:00.000Z;0.002177;0.006531
2017-07-17T20:00:00.000Z;XBTUSD;2000-01-01T08:00:00.000Z;0.0001;0.00030000000000000003
2017-07-18T20:00:00.000Z;XBTUSD;2000-01-01T08:00:00.000Z;0.0001;0.00030000000000000003
2017-07-19T20:00:00.000Z;XBTUSD;2000-01-01T08:00:00.000Z;-0.001123;-0.0033690000000000005
2017-07-20T20:00:00.000Z;XBTUSD;2000-01-01T08:00:00.000Z;0.0001;0.00030000000000000003
2017-07-21T20:00:00.000Z;XBTUSD;2000-01-01T08:00:00.000Z;0.0001;0.00030000000000000003
2017-07-22T20:00:00.000Z;XBTUSD;2000-01-01T08:00:00.000Z;0.00375;0.01125
2017-07-23T20:00:00.000Z;XBTUSD;2000-01-01T08:00:00.000Z;-0.001017;-0.0030510000000000003
2017-07-24T20:00:00.000Z;XBTUSD;2000-01-01T08:00:00.000Z;0.0001;0.00030000000000000003
2017-07-25T20:00:00.000Z;XBTUSD;2000-01-01T08:00:00.000Z;0.000302;0.000906
2017-07-26T20:00:00.000Z;XBTUSD;2000-01-01T08:00:00.000Z;-0.001723;-0.005169
2017-07-27T20:00:00.000Z;XBTUSD;2000-01-01T08:00:00.000Z;-0.001208;-0.003624000000000001
2017-07-28T20:00:00.000Z;XBTUSD;2000-01-01T08:00:00.000Z;-0.000902;-0.002706
2017-07-29T20:00:00.000Z;XBTUSD;2000-01-01T08:00:00.000Z;-0.001808;-0.005424
2017-07-30T20:00:00.000Z;XBTUSD;2000-01-01T08:00:00.000Z;-0.003324;-0.009972
2017-07-31T20:00:00.000Z;XBTUSD;2000-01-01T08:00:00.000Z;-0.002793;-0.008379000000000001
2017-08-01T20:00:00.000Z;XBTUSD;2000-01-01T08:00:00.000Z;-0.00375;-0.01125
2017-08-02T20:00:00.000Z;XBTUSD;2000-01-01T08:00:00.000Z;-0.000724;-0.0021720000000000003
2017-08-03T20:00:00.000Z;XBTUSD;2000-01-01T08:00:00.000Z;-2.6e-05;-7.8e-05
2017-08-04T20:00:00.000Z;XBTUSD;2000-01-01T08:00:00.000Z;0.0001;0.00030000000000000003
2017-08-05T20:00:00.000Z;XBTUSD;2000-01-01T08:00:00.000Z;0.00375;0.01125
2017-08-06T20:00:00.000Z;XBTUSD;2000-01-01T08:00:00.000Z;0.002587;0.007761
2017-08-07T20:00:00.000Z;XBTUSD;2000-01-01T08:00:00.000Z;0.0008089999999999999;0.0024270000000000003
2017-08-08T20:00:00.000Z;XBTUSD;2000-01-01T08:00:00.000Z;0.0001;0.00030000000000000003
2017-08-09T20:00:00.000Z;XBTUSD;2000-01-01T08:00:00.000Z;0.0001;0.00030000000000000003
2017-08-10T20:00:00.000Z;XBTUSD;2000-01-01T08:00:00.000Z;-0.00019;-0.00057
2017-08-11T20:00:00.000Z;XBTUSD;2000-01-01T08:00:00.000Z;0.0001;0.00030000000000000003
2017-08-12T20:00:00.000Z;XBTUSD;2000-01-01T08:00:00.000Z;-0.000858;-0.002574
2017-08-13T20:00:00.000Z;XBTUSD;2000-01-01T08:00:00.000Z;0.002018;0.0060539999999999995
2017-08-14T20:00:00.000Z;XBTUSD;2000-01-01T08:00:00.000Z;0.002262;0.006786
2017-08-15T20:00:00.000Z;XBTUSD;2000-01-01T08:00:00.000Z;0.001482;0.004446
2017-08-16T20:00:00.000Z;XBTUSD;2000-01-01T08:00:00.000Z;-0.0006259999999999999;-0.0018780000000000001
2017-08-17T20:00:00.000Z;XBTUSD;2000-01-01T08:00:00.000Z;0.002985;0.008955
2017-08-18T20:00:00.000Z;XBTUSD;2000-01-01T08:00:00.000Z;0.0001;0.00030000000000000003
2017-08-19T20:00:00.000Z;XBTUSD;2000-01-01T08:00:00.000Z;-0.0012109999999999998;-0.003633
2017-08-20T20:00:00.000Z;XBTUSD;2000-01-01T08:00:00.000Z;0.002734;0.008202
2017-08-21T20:00:00.000Z;XBTUSD;2000-01-01T08:00:00.000Z;0.000319;0.000957
2017-08-22T20:00:00.000Z;XBTUSD;2000-01-01T08:00:00.000Z;-0.00375;-0.01125
2017-08-23T20:00:00.000Z;XBTUSD;2000-01-01T08:00:00.000Z;0.001896;0.005688
2017-08-24T20:00:00.000Z;XBTUSD;2000-01-01T08:00:00.000Z;0.000477;0.001431
2017-08-25T20:00:00.000Z;XBTUSD;2000-01-01T08:00:00.000Z;0.001202;0.003606
2017-08-26T20:00:00.000Z;XBTUSD;2000-01-01T08:00:00.000Z;-0.000621;-0.001863
2017-08-27T20:00:00.000Z;XBTUSD;2000-01-01T08:00:00.000Z;0.000375;0.001125
2017-08-28T20:00:00.000Z;XBTUSD;2000-01-01T08:00:00.000Z;-0.001839;-0.005516999999999999
2017-08-29T20:00:00.000Z;XBTUSD;2000-01-01T08:00:00.000Z;0.0001;0.00030000000000000003
2017-08-30T20:00:00.000Z;XBTUSD;2000-01-01T08:00:00.000Z;0.00177;0.0053100000000000005
2017-08-31T20:00:00.000Z;XBTUSD;2000-01-01T08:00:00.000Z;0.000458;0.001374
2017-09-01T20:00:00.000Z;XBTUSD;2000-01-01T08:00:00.000Z;0.0001;0.00030000000000000003
2017-09-02T20:00:00.000Z;XBTUSD;2000-01-01T08:00:00.000Z;-2.2e-05;-6.6e-05
2017-09-03T20:00:00.000Z;XBTUSD;2000-01-01T08:00:00.000Z;0.0001;0.00030000000000000003
2017-09-04T20:00:00.000Z;XBTUSD;2000-01-01T08:00:00.000Z;-0.001614;-0.004842
2017-09-05T20:00:00.000Z;XBTUSD;2000-01-01T08:00:00.000Z;-0.00375;-0.01125
2017-09-06T20:00:00.000Z;XBTUSD;2000-01-01T08:00:00.000Z;-0.001497;-0.004490999999999999
2017-09-07T20:00:00.000Z;XBTUSD;2000-01-01T08:00:00.000Z;0.000135;0.000405
2017-09-08T20:00:00.000Z;XBTUSD;2000-01-01T08:00:00.000Z;0.0001;0.00030000000000000003
2017-09-09T20:00:00.000Z;XBTUSD;2000-01-01T08:00:00.000Z;-0.003011;-0.009033
2017-09-10T20:00:00.000Z;XBTUSD;2000-01-01T08:00:00.000Z;-0.00365;-0.01095
2017-09-11T20:00:00.000Z;XBTUSD;2000-01-01T08:00:00.000Z;0.0001;0.00030000000000000003
2017-09-12T20:00:00.000Z;XBTUSD;2000-01-01T08:00:00.000Z;-0.000452;-0.001356
2017-09-13T20:00:00.000Z;XBTUSD;2000-01-01T08:00:00.000Z;-0.002017;-0.006051000000000001
2017-09-14T20:00:00.000Z;XBTUSD;2000-01-01T08:00:00.000Z;-0.001867;-0.005601
2017-09-15T20:00:00.000Z;XBTUSD;2000-01-01T08:00:00.000Z;-0.001174;-0.003522
2017-09-16T20:00:00.000Z;XBTUSD;2000-01-01T08:00:00.000Z;-0.00375;-0.01125
2017-09-17T20:00:00.000Z;XBTUSD;2000-01-01T08:00:00.000Z;0.0001;0.00030000000000000003
2017-09-18T20:00:00.000Z;XBTUSD;2000-01-01T08:00:00.000Z;0.0002;0.0006000000000000001
2017-09-19T20:00:00.000Z;XBTUSD;2000-01-01T08:00:00.000Z;1.9e-05;5.7e-05
2017-09-20T20:00:00.000Z;XBTUSD;2000-01-01T08:00:00.000Z;-0.000199;-0.0005970000000000001
2017-09-21T20:00:00.000Z;XBTUSD;2000-01-01T08:00:00.000Z;-0.001035;-0.003105
2017-09-22T20:00:00.000Z;XBTUSD;2000-01-01T08:00:00.000Z;-0.00186;-0.00558
2017-09-23T20:00:00.000Z;XBTUSD;2000-01-01T08:00:00.000Z;0.0001;0.00030000000000000003
2017-09-24T20:00:00.000Z;XBTUSD;2000-01-01T08:00:00.000Z;-0.001436;-0.004308
2017-09-25T20:00:00.000Z;XBTUSD;2000-01-01T08:00:00.000Z;0.000107;0.000321
2017-09-26T20:00:00.000Z;XBTUSD;2000-01-01T08:00:00.000Z;0.001103;0.0033090000000000003
2017-09-27T20:00:00.000Z;XBTUSD;2000-01-01T08:00:00.000Z;0.001291;0.003873
2017-09-28T20:00:00.000Z;XBTUSD;2000-01-01T08:00:00.000Z;0.0001;0.00030000000000000003
2017-09-29T20:00:00.000Z;XBTUSD;2000-01-01T08:00:00.000Z;0.001974;0.005922
2017-09-30T20:00:00.000Z;XBTUSD;2000-01-01T08:00:00.000Z;0.002956;0.008868000000000001
2017-10-01T20:00:00.000Z;XBTUSD;2000-01-01T08:00:00.000Z;-0.000277;-0.000831
2017-10-02T20:00:00.000Z;XBTUSD;2000-01-01T08:00:00.000Z;0.0001;0.00030000000000000003
2017-10-03T20:00:00.000Z;XBTUSD;2000-01-01T08:00:00.000Z;-0.001301;-0.0039030000000000002
2017-10-04T20:00:00.000Z;XBTUSD;2000-01-01T08:00:00.000Z;-0.001114;-0.0033420000000000004
2017-10-05T20:00:00.000Z;XBTUSD;2000-01-01T08:00:00.000Z;-0.000611;-0.001833
2017-10-06T20:00:00.000Z;XBTUSD;2000-01-01T08:00:00.000Z;0.000602;0.0018059999999999999
2017-10-07T20:00:00.000Z;XBTUSD;2000-01-01T08:00:00.000Z;0.0001;0.00030000000000000003
2017-10-08T20:00:00.000Z;XBTUSD;2000-01-01T08:00:00.000Z;0.00187;0.00561
2017-10-09T20:00:00.000Z;XBTUSD;2000-01-01T08:00:00.000Z;0.0001;0.00030000000000000003
2017-10-10T20:00:00.000Z;XBTUSD;2000-01-01T08:00:00.000Z;0.00375;0.01125
2017-10-11T20:00:00.000Z;XBTUSD;2000-01-01T08:00:00.000Z;0.001669;0.005006999999999999
2017-10-12T20:00:00.000Z;XBTUSD;2000-01-01T08:00:00.000Z;0.00375;0.01125
2017-10-13T20:00:00.000Z;XBTUSD;2000-01-01T08:00:00.000Z;0.00375;0.01125
2017-10-14T20:00:00.000Z;XBTUSD;2000-01-01T08:00:00.000Z;0.00375;0.01125
2017-10-15T20:00:00.000Z;XBTUSD;2000-01-01T08:00:00.000Z;0.00375;0.01125
2017-10-16T20:00:00.000Z;XBTUSD;2000-01-01T08:00:00.000Z;0.000528;0.001584
2017-10-17T20:00:00.000Z;XBTUSD;2000-01-01T08:00:00.000Z;0.000384;0.001152
2017-10-18T20:00:00.000Z;XBTUSD;2000-01-01T08:00:00.000Z;-0.000516;-0.001548
2017-10-19T20:00:00.000Z;XBTUSD;2000-01-01T08:00:00.000Z;0.001797;0.005391
2017-10-20T20:00:00.000Z;XBTUSD;2000-01-01T08:00:00.000Z;0.0001;0.00030000000000000003
2017-10-21T20:00:00.000Z;XBTUSD;2000-01-01T08:00:00.000Z;0.001952;0.005856
2017-10-22T20:00:00.000Z;XBTUSD;2000-01-01T08:00:00.000Z;-0.001273;-0.003819
2017-10-23T20:00:00.000Z;XBTUSD;2000-01-01T08:00:00.000Z;-0.000763;-0.0022890000000000002
2017-10-24T20:00:00.000Z;XBTUSD;2000-01-01T08:00:00.000Z;-0.001208;-0.003624000000000001
2017-10-25T20:00:00.000Z;XBTUSD;2000-01-01T08:00:00.000Z;-0.001532;-0.004595999999999999
2017-10-26T20:00:00.000Z;XBTUSD;2000-01-01T08:00:00.000Z;-0.00023;-0.0006900000000000001
2017-10-27T20:00:00.000Z;XBTUSD;2000-01-01T08:00:00.000Z;-0.000184;-0.000552
2017-10-28T20:00:00.000Z;XBTUSD;2000-01-01T08:00:00.000Z;-0.002703;-0.008109
2017-10-29T20:00:00.000Z;XBTUSD;2000-01-01T08:00:00.000Z;9.8e-05;0.000294
2017-10-30T20:00:00.000Z;XBTUSD;2000-01-01T08:00:00.000Z;0.001956;0.005868
2017-10-31T20:00:00.000Z;XBTUSD;2000-01-01T08:00:00.000Z;0.000684;0.002052
2017-11-01T20:00:00.000Z;XBTUSD;2000-01-01T08:00:00.000Z;0.0001;0.00030000000000000003
2017-11-02T20:00:00.000Z;XBTUSD;2000-01-01T08:00:00.000Z;-0.002422;-0.007266
2017-11-03T20:00:00.000Z;XBTUSD;2000-01-01T08:00:00.000Z;0.001068;0.003204
2017-11-04T20:00:00.000Z;XBTUSD;2000-01-01T08:00:00.000Z;-0.000902;-0.002706
2017-11-05T20:00:00.000Z;XBTUSD;2000-01-01T08:00:00.000Z;0.000197;0.0005909999999999999
2017-11-06T20:00:00.000Z;XBTUSD;2000-01-01T08:00:00.000Z;-0.000752;-0.0022559999999999998
2017-11-07T20:00:00.000Z;XBTUSD;2000-01-01T08:00:00.000Z;-0.00352;-0.01056
2017-11-08T20:00:00.000Z;XBTUSD;2000-01-01T08:00:00.000Z;0.000512;0.001536
2017-11-09T20:00:00.000Z;XBTUSD;2000-01-01T08:00:00.000Z;-0.000151;-0.0004530000000000001
2017-11-10T20:00:00.000Z;XBTUSD;2000-01-01T08:00:00.000Z;5.3e-05;0.00015900000000000002
2017-11-11T20:00:00.000Z;XBTUSD;2000-01-01T08:00:00.000Z;-0.003052;-0.009156000000000001
2017-11-12T20:00:00.000Z;XBTUSD;2000-01-01T08:00:00.000Z;-0.002712;-0.008136000000000001
2017-11-13T20:00:00.000Z;XBTUSD;2000-01-01T08:00:00.000Z;-0.001314;-0.003942
2017-11-14T20:00:00.000Z;XBTUSD;2000-01-01T08:00:00.000Z;-0.001726;-0.005178
2017-11-15T20:00:00.000Z;XBTUSD;2000-01-01T08:00:00.000Z;-0.001686;-0.005058
2017-11-16T20:00:00.000Z;XBTUSD;2000-01-01T08:00:00.000Z;0.000314;0.000942
2017-11-17T20:00:00.000Z;XBTUSD;2000-01-01T08:00:00.000Z;0.001467;0.004401
2017-11-18T20:00:00.000Z;XBTUSD;2000-01-01T08:00:00.000Z;-0.000105;-0.000315
2017-11-19T20:00:00.000Z;XBTUSD;2000-01-01T08:00:00.000Z;0.001519;0.004557
2017-11-20T20:00:00.000Z;XBTUSD;2000-01-01T08:00:00.000Z;0.002774;0.008322
2017-11-21T20:00:00.000Z;XBTUSD;2000-01-01T08:00:00.000Z;0.0001;0.00030000000000000003
2017-11-22T20:00:00.000Z;XBTUSD;2000-01-01T08:00:00.000Z;-0.000126;-0.00037799999999999997
2017-11-23T20:00:00.000Z;XBTUSD;2000-01-01T08:00:00.000Z;-0.000667;-0.002001
2017-11-24T20:00:00.000Z;XBTUSD;2000-01-01T08:00:00.000Z;-0.002022;-0.006065999999999999
2017-11-25T20:00:00.000Z;XBTUSD;2000-01-01T08:00:00.000Z;0.002691;0.008073
2017-11-26T20:00:00.000Z;XBTUSD;2000-01-01T08:00:00.000Z;-0.000396;-0.0011879999999999998
2017-11-27T20:00:00.000Z;XBTUSD;2000-01-01T08:00:00.000Z;0.002629;0.007887
2017-11-28T20:00:00.000Z;XBTUSD;2000-01-01T08:00:00.000Z;0.002559;0.007677
2017-11-29T20:00:00.000Z;XBTUSD;2000-01-01T08:00:00.000Z;0.003592;0.010776
2017-11-30T20:00:00.000Z;XBTUSD;2000-01-01T08:00:00.000Z;0.0001;0.00030000000000000003
2017-12-01T20:00:00.000Z;XBTUSD;2000-01-01T08:00:00.000Z;0.0001;0.00030000000000000003
2017-12-02T20:00:00.000Z;XBTUSD;2000-01-01T08:00:00.000Z;0.000721;0.002163
2017-12-03T20:00:00.000Z;XBTUSD;2000-01-01T08:00:00.000Z;0.002341;0.007023000000000001
2017-12-04T20:00:00.000Z;XBTUSD;2000-01-01T08:00:00.000Z;0.000405;0.001215
2017-12-05T20:00:00.000Z;XBTUSD;2000-01-01T08:00:00.000Z;0.002047;0.006141000000000001
2017-12-06T20:00:00.000Z;XBTUSD;2000-01-01T08:00:00.000Z;0.000799;0.002397
2017-12-07T20:00:00.000Z;XBTUSD;2000-01-01T08:00:00.000Z;0.0001;0.00030000000000000003
2017-12-08T20:00:00.000Z;XBTUSD;2000-01-01T08:00:00.000Z;0.00375;0.01125
2017-12-09T20:00:00.000Z;XBTUSD;2000-01-01T08:00:00.000Z;0.00375;0.01125
2017-12-10T20:00:00.000Z;XBTUSD;2000-01-01T08:00:00.000Z;0.00375;0.01125
2017-12-11T20:00:00.000Z;XBTUSD;2000-01-01T08:00:00.000Z;0.00375;0.01125
2017-12-12T20:00:00.000Z;XBTUSD;2000-01-01T08:00:00.000Z;0.00375;0.01125
2017-12-13T20:00:00.000Z;XBTUSD;2000-01-01T08:00:00.000Z;0.00375;0.01125
2017-12-14T20:00:00.000Z;XBTUSD;2000-01-01T08:00:00.000Z;0.002636;0.007908
2017-12-15T20:00:00.000Z;XBTUSD;2000-01-01T08:00:00.000Z;0.00375;0.01125
2017-12-16T20:00:00.000Z;XBTUSD;2000-01-01T08:00:00.000Z;0.00375;0.01125
2017-12-17T20:00:00.000Z;XBTUSD;2000-01-01T08:00:00.000Z;0.00375;0.01125
2017-12-18T20:00:00.000Z;XBTUSD;2000-01-01T08:00:00.000Z;0.001197;0.0035909999999999996
2017-12-19T20:00:00.000Z;XBTUSD;2000-01-01T08:00:00.000Z;0.00375;0.01125
2017-12-20T20:00:00.000Z;XBTUSD;2000-01-01T08:00:00.000Z;3.4e-05;0.000102
2017-12-21T20:00:00.000Z;XBTUSD;2000-01-01T08:00:00.000Z;0.00375;0.01125
2017-12-22T20:00:00.000Z;XBTUSD;2000-01-01T08:00:00.000Z;0.002462;0.007386
2017-12-23T20:00:00.000Z;XBTUSD;2000-01-01T08:00:00.000Z;-0.00375;-0.01125
2017-12-24T20:00:00.000Z;XBTUSD;2000-01-01T08:00:00.000Z;-0.00375;-0.01125
2017-12-25T20:00:00.000Z;XBTUSD;2000-01-01T08:00:00.000Z;-0.00022;-0.00066
2017-12-26T20:00:00.000Z;XBTUSD;2000-01-01T08:00:00.000Z;0.0;0.0
2017-12-27T20:00:00.000Z;XBTUSD;2000-01-01T08:00:00.000Z;0.00375;0.01125
2017-12-28T20:00:00.000Z;XBTUSD;2000-01-01T08:00:00.000Z;-0.000407;-0.001221
2017-12-29T20:00:00.000Z;XBTUSD;2000-01-01T08:00:00.000Z;0.002145;0.006435000000000001
2017-12-30T20:00:00.000Z;XBTUSD;2000-01-01T08:00:00.000Z;-0.00375;-0.01125
2017-12-31T20:00:00.000Z;XBTUSD;2000-01-01T08:00:00.000Z;-0.0015539999999999998;-0.004662
2018-01-01T20:00:00.000Z;XBTUSD;2000-01-01T08:00:00.000Z;0.0008150000000000001;0.002445
2018-01-02T20:00:00.000Z;XBTUSD;2000-01-01T08:00:00.000Z;0.0006;0.0018
2018-01-03T20:00:00.000Z;XBTUSD;2000-01-01T08:00:00.000Z;0.00375;0.01125
2018-01-04T20:00:00.000Z;XBTUSD;2000-01-01T08:00:00.000Z;0.001065;0.003195
2018-01-05T20:00:00.000Z;XBTUSD;2000-01-01T08:00:00.000Z;0.002424;0.007272
2018-01-06T20:00:00.000Z;XBTUSD;2000-01-01T08:00:00.000Z;0.000566;0.001698
2018-01-07T20:00:00.000Z;XBTUSD;2000-01-01T08:00:00.000Z;0.003283;0.009849
2018-01-08T20:00:00.000Z;XBTUSD;2000-01-01T08:00:00.000Z;0.002348;0.007044
2018-01-09T20:00:00.000Z;XBTUSD;2000-01-01T08:00:00.000Z;0.0001;0.00030000000000000003
2018-01-10T20:00:00.000Z;XBTUSD;2000-01-01T08:00:00.000Z;0.0001;0.00030000000000000003
2018-01-11T20:00:00.000Z;XBTUSD;2000-01-01T08:00:00.000Z;0.0001;0.00030000000000000003
2018-01-12T20:00:00.000Z;XBTUSD;2000-01-01T08:00:00.000Z;-0.0004150000000000001;-0.001245
2018-01-13T20:00:00.000Z;XBTUSD;2000-01-01T08:00:00.000Z;0.00185;0.00555
2018-01-14T20:00:00.000Z;XBTUSD;2000-01-01T08:00:00.000Z;-0.00042;-0.00126
2018-01-15T20:00:00.000Z;XBTUSD;2000-01-01T08:00:00.000Z;0.000202;0.000606
2018-01-16T20:00:00.000Z;XBTUSD;2000-01-01T08:00:00.000Z;-0.00375;-0.01125
2018-01-17T20:00:00.000Z;XBTUSD;2000-01-01T08:00:00.000Z;-0.002426;-0.0072780000000000015
2018-01-18T20:00:00.000Z;XBTUSD;2000-01-01T08:00:00.000Z;-0.0008269999999999999;-0.002481
2018-01-19T20:00:00.000Z;XBTUSD;2000-01-01T08:00:00.000Z;0.000364;0.001092
2018-01-20T20:00:00.000Z;XBTUSD;2000-01-01T08:00:00.000Z;0.000567;0.0017010000000000007
2018-01-21T20:00:00.000Z;XBTUSD;2000-01-01T08:00:00.000Z;-0.000794;-0.002382
2018-01-22T20:00:00.000Z;XBTUSD;2000-01-01T08:00:00.000Z;-0.000485;-0.0014550000000000001
2018-01-23T20:00:00.000Z;XBTUSD;2000-01-01T08:00:00.000Z;-0.001623;-0.004869
2018-01-24T20:00:00.000Z;XBTUSD;2000-01-01T08:00:00.000Z;0.0001;0.00030000000000000003
2018-01-25T20:00:00.000Z;XBTUSD;2000-01-01T08:00:00.000Z;0.0001;0.00030000000000000003
2018-01-26T20:00:00.000Z;XBTUSD;2000-01-01T08:00:00.000Z;-0.00036;-0.00108
2018-01-27T20:00:00.000Z;XBTUSD;2000-01-01T08:00:00.000Z;0.00179;0.005370000000000001
2018-01-28T20:00:00.000Z;XBTUSD;2000-01-01T08:00:00.000Z;0.00375;0.01125
2018-01-29T20:00:00.000Z;XBTUSD;2000-01-01T08:00:00.000Z;0.001702;0.005105999999999999
2018-01-30T20:00:00.000Z;XBTUSD;2000-01-01T08:00:00.000Z;0.0001;0.00030000000000000003
2018-01-31T20:00:00.000Z;XBTUSD;2000-01-01T08:00:00.000Z;-0.000946;-0.002838
2018-02-01T20:00:00.000Z;XBTUSD;2000-01-01T08:00:00.000Z;-0.001714;-0.005142
2018-02-02T20:00:00.000Z;XBTUSD;2000-01-01T08:00:00.000Z;0.000807;0.002421
2018-02-03T20:00:00.000Z;XBTUSD;2000-01-01T08:00:00.000Z;-0.001033;-0.003099
2018-02-04T20:00:00.000Z;XBTUSD;2000-01-01T08:00:00.000Z;0.0001;0.00030000000000000003
2018-02-05T20:00:00.000Z;XBTUSD;2000-01-01T08:00:00.000Z;-0.001545;-0.004635
2018-02-06T20:00:00.000Z;XBTUSD;2000-01-01T08:00:00.000Z;-0.001178;-0.003534
2018-02-07T20:00:00.000Z;XBTUSD;2000-01-01T08:00:00.000Z;-0.002744;-0.008232
2018-02-08T20:00:00.000Z;XBTUSD;2000-01-01T08:00:00.000Z;0.0001;0.00030000000000000003
2018-02-09T20:00:00.000Z;XBTUSD;2000-01-01T08:00:00.000Z;-0.001997;-0.005991
2018-02-10T20:00:00.000Z;XBTUSD;2000-01-01T08:00:00.000Z;-0.001323;-0.003969
2018-02-11T20:00:00.000Z;XBTUSD;2000-01-01T08:00:00.000Z;-0.001519;-0.004557
2018-02-12T20:00:00.000Z;XBTUSD;2000-01-01T08:00:00.000Z;0.001182;0.003546000000000001
2018-02-13T20:00:00.000Z;XBTUSD;2000-01-01T08:00:00.000Z;-0.0008349999999999999;-0.0025050000000000003
2018-02-14T20:00:00.000Z;XBTUSD;2000-01-01T08:00:00.000Z;0.000123;0.000369
2018-02-15T20:00:00.000Z;XBTUSD;2000-01-01T08:00:00.000Z;-0.000326;-0.000978
2018-02-16T20:00:00.000Z;XBTUSD;2000-01-01T08:00:00.000Z;-0.000743;-0.002229
2018-02-17T20:00:00.000Z;XBTUSD;2000-01-01T08:00:00.000Z;-0.000271;-0.0008129999999999999
2018-02-18T20:00:00.000Z;XBTUSD;2000-01-01T08:00:00.000Z;0.0001;0.00030000000000000003
2018-02-19T20:00:00.000Z;XBTUSD;2000-01-01T08:00:00.000Z;0.0001;0.00030000000000000003
2018-02-20T20:00:00.000Z;XBTUSD;2000-01-01T08:00:00.000Z;0.000203;0.000609
2018-02-21T20:00:00.000Z;XBTUSD;2000-01-01T08:00:00.000Z;-0.000925;-0.002775
2018-02-22T20:00:00.000Z;XBTUSD;2000-01-01T08:00:00.000Z;-0.000217;-0.000651
2018-02-23T20:00:00.000Z;XBTUSD;2000-01-01T08:00:00.000Z;-8.6e-05;-0.000258
2018-02-24T20:00:00.000Z;XBTUSD;2000-01-01T08:00:00.000Z;-0.001459;-0.004377000000000001
2018-02-25T20:00:00.000Z;XBTUSD;2000-01-01T08:00:00.000Z;-0.000276;-0.000828
2018-02-26T20:00:00.000Z;XBTUSD;2000-01-01T08:00:00.000Z;-0.000432;-0.0012959999999999998
2018-02-27T20:00:00.000Z;XBTUSD;2000-01-01T08:00:00.000Z;0.000397;0.001191
2018-02-28T20:00:00.000Z;XBTUSD;2000-01-01T08:00:00.000Z;0.000418;0.001254
2018-03-01T20:00:00.000Z;XBTUSD;2000-01-01T08:00:00.000Z;0.0001;0.00030000000000000003
2018-03-02T20:00:00.000Z;XBTUSD;2000-01-01T08:00:00.000Z;0.001254;0.0037619999999999997
2018-03-03T20:00:00.000Z;XBTUSD;2000-01-01T08:00:00.000Z;0.0008150000000000001;0.002445
2018-03-04T20:00:00.000Z;XBTUSD;2000-01-01T08:00:00.000Z;0.000859;0.002577
2018-03-05T20:00:00.000Z;XBTUSD;2000-01-01T08:00:00.000Z;0.001213;0.003639
2018-03-06T20:00:00.000Z;XBTUSD;2000-01-01T08:00:00.000Z;0.0004280000000000001;0.001284
2018-03-07T20:00:00.000Z;XBTUSD;2000-01-01T08:00:00.000Z;0.000275;0.000825
2018-03-08T20:00:00.000Z;XBTUSD;2000-01-01T08:00:00.000Z;-0.00152;-0.00456
2018-03-09T20:00:00.000Z;XBTUSD;2000-01-01T08:00:00.000Z;-0.0008060000000000001;-0.002418
2018-03-10T20:00:00.000Z;XBTUSD;2000-01-01T08:00:00.000Z;-0.001382;-0.004146
2018-03-11T20:00:00.000Z;XBTUSD;2000-01-01T08:00:00.000Z;-0.003644;-0.010932
2018-03-12T20:00:00.000Z;XBTUSD;2000-01-01T08:00:00.000Z;0.0001;0.00030000000000000003
2018-03-13T20:00:00.000Z;XBTUSD;2000-01-01T08:00:00.000Z;-0.000381;-0.001143
2018-03-14T20:00:00.000Z;XBTUSD;2000-01-01T08:00:00.000Z;-0.000985;-0.002955
2018-03-15T20:00:00.000Z;XBTUSD;2000-01-01T08:00:00.000Z;-0.0008359999999999999;-0.002508
2018-03-16T20:00:00.000Z;XBTUSD;2000-01-01T08:00:00.000Z;-0.001445;-0.004335
2018-03-17T20:00:00.000Z;XBTUSD;2000-01-01T08:00:00.000Z;-0.001214;-0.0036420000000000003
2018-03-18T20:00:00.000Z;XBTUSD;2000-01-01T08:00:00.000Z;-0.000767;-0.002301
2018-03-19T20:00:00.000Z;XBTUSD;2000-01-01T08:00:00.000Z;-0.000193;-0.000579
2018-03-20T20:00:00.000Z;XBTUSD;2000-01-01T08:00:00.000Z;0.0001;0.00030000000000000003
2018-03-21T20:00:00.000Z;XBTUSD;2000-01-01T08:00:00.000Z;-0.000238;-0.000714
2018-03-22T20:00:00.000Z;XBTUSD;2000-01-01T08:00:00.000Z;0.00014;0.00042
2018-03-23T20:00:00.000Z;XBTUSD;2000-01-01T08:00:00.000Z;0.0001;0.00030000000000000003
2018-03-24T20:00:00.000Z;XBTUSD;2000-01-01T08:00:00.000Z;0.0001;0.00030000000000000003
2018-03-25T20:00:00.000Z;XBTUSD;2000-01-01T08:00:00.000Z;-0.00048;-0.00144
2018-03-26T20:00:00.000Z;XBTUSD;2000-01-01T08:00:00.000Z;0.0001;0.00030000000000000003
2018-03-27T20:00:00.000Z;XBTUSD;2000-01-01T08:00:00.000Z;-0.0008900000000000002;-0.00267
2018-03-28T20:00:00.000Z;XBTUSD;2000-01-01T08:00:00.000Z;-0.000187;-0.0005610000000000001
2018-03-29T20:00:00.000Z;XBTUSD;2000-01-01T08:00:00.000Z;0.0001;0.00030000000000000003
2018-03-30T20:00:00.000Z;XBTUSD;2000-01-01T08:00:00.000Z;-0.00375;-0.01125
2018-03-31T20:00:00.000Z;XBTUSD;2000-01-01T08:00:00.000Z;-0.001163;-0.003489
2018-04-01T20:00:00.000Z;XBTUSD;2000-01-01T08:00:00.000Z;-0.00157;-0.00471
2018-04-02T20:00:00.000Z;XBTUSD;2000-01-01T08:00:00.000Z;-8e-06;-2.4e-05
2018-04-03T20:00:00.000Z;XBTUSD;2000-01-01T08:00:00.000Z;-0.0005690000000000001;-0.0017069999999999998
2018-04-04T20:00:00.000Z;XBTUSD;2000-01-01T08:00:00.000Z;0.000263;0.000789
2018-04-05T20:00:00.000Z;XBTUSD;2000-01-01T08:00:00.000Z;-0.001767;-0.005301
2018-04-06T20:00:00.000Z;XBTUSD;2000-01-01T08:00:00.000Z;-0.001353;-0.004059
2018-04-07T20:00:00.000Z;XBTUSD;2000-01-01T08:00:00.000Z;-0.000272;-0.000816
2018-04-08T20:00:00.000Z;XBTUSD;2000-01-01T08:00:00.000Z;0.0001;0.00030000000000000003
2018-04-09T20:00:00.000Z;XBTUSD;2000-01-01T08:00:00.000Z;-0.000328;-0.000984
2018-04-10T20:00:00.000Z;XBTUSD;2000-01-01T08:00:00.000Z;-0.001462;-0.004386
2018-04-11T20:00:00.000Z;XBTUSD;2000-01-01T08:00:00.000Z;-0.000782;-0.002346
2018-04-12T20:00:00.000Z;XBTUSD;2000-01-01T08:00:00.000Z;-0.000256;-0.000768
2018-04-13T20:00:00.000Z;XBTUSD;2000-01-01T08:00:00.000Z;-2.7e-05;-8.099999999999999e-05
2018-04-14T20:00:00.000Z;XBTUSD;2000-01-01T08:00:00.000Z;0.0001;0.00030000000000000003
2018-04-15T20:00:00.000Z;XBTUSD;2000-01-01T08:00:00.000Z;-2e-05;-6.000000000000002e-05
2018-04-16T20:00:00.000Z;XBTUSD;2000-01-01T08:00:00.000Z;0.0001;0.00030000000000000003
2018-04-17T20:00:00.000Z;XBTUSD;2000-01-01T08:00:00.000Z;0.0001;0.00030000000000000003
2018-04-18T20:00:00.000Z;XBTUSD;2000-01-01T08:00:00.000Z;0.0001;0.00030000000000000003
2018-04-19T20:00:00.000Z;XBTUSD;2000-01-01T08:00:00.000Z;-0.000258;-0.0007740000000000001
2018-04-20T20:00:00.000Z;XBTUSD;2000-01-01T08:00:00.000Z;0.0001;0.00030000000000000003
2018-04-21T20:00:00.000Z;XBTUSD;2000-01-01T08:00:00.000Z;0.0008230000000000001;0.0024690000000000003
2018-04-22T20:00:00.000Z;XBTUSD;2000-01-01T08:00:00.000Z;0.0001;0.00030000000000000003
2018-04-23T20:00:00.000Z;XBTUSD;2000-01-01T08:00:00.000Z;0.0001;0.00030000000000000003
2018-04-24T20:00:00.000Z;XBTUSD;2000-01-01T08:00:00.000Z;-7e-05;-0.00021
2018-04-25T20:00:00.000Z;XBTUSD;2000-01-01T08:00:00.000Z;0.00375;0.01125
2018-04-26T20:00:00.000Z;XBTUSD;2000-01-01T08:00:00.000Z;0.0001;0.00030000000000000003
2018-04-27T20:00:00.000Z;XBTUSD;2000-01-01T08:00:00.000Z;0.000741;0.002223
2018-04-28T20:00:00.000Z;XBTUSD;2000-01-01T08:00:00.000Z;0.0001;0.00030000000000000003
2018-04-29T20:00:00.000Z;XBTUSD;2000-01-01T08:00:00.000Z;0.001708;0.005124
2018-04-30T20:00:00.000Z;XBTUSD;2000-01-01T08:00:00.000Z;0.000584;0.001752
2018-05-01T20:00:00.000Z;XBTUSD;2000-01-01T08:00:00.000Z;1.3e-05;3.9e-05
2018-05-02T20:00:00.000Z;XBTUSD;2000-01-01T08:00:00.000Z;0.0001;0.00030000000000000003
2018-05-03T20:00:00.000Z;XBTUSD;2000-01-01T08:00:00.000Z;0.000695;0.002085
2018-05-04T20:00:00.000Z;XBTUSD;2000-01-01T08:00:00.000Z;0.002747;0.008241
2018-05-05T20:00:00.000Z;XBTUSD;2000-01-01T08:00:00.000Z;0.001719;0.005157
2018-05-06T20:00:00.000Z;XBTUSD;2000-01-01T08:00:00.000Z;0.00375;0.01125
2018-05-07T20:00:00.000Z;XBTUSD;2000-01-01T08:00:00.000Z;0.0005740000000000001;0.0017219999999999998
2018-05-08T20:00:00.000Z;XBTUSD;2000-01-01T08:00:00.000Z;0.000228;0.000684
2018-05-09T20:00:00.000Z;XBTUSD;2000-01-01T08:00:00.000Z;0.001061;0.003183
2018-05-10T20:00:00.000Z;XBTUSD;2000-01-01T08:00:00.000Z;0.000417;0.001251
2018-05-11T20:00:00.000Z;XBTUSD;2000-01-01T08:00:00.000Z;0.00013700000000000002;0.000411
2018-05-12T20:00:00.000Z;XBTUSD;2000-01-01T08:00:00.000Z;0.0001;0.00030000000000000003
2018-05-13T20:00:00.000Z;XBTUSD;2000-01-01T08:00:00.000Z;-0.000227;-0.000681
2018-05-14T20:00:00.000Z;XBTUSD;2000-01-01T08:00:00.000Z;-0.000152;-0.000456
2018-05-15T20:00:00.000Z;XBTUSD;2000-01-01T08:00:00.000Z;0.0001;0.00030000000000000003
2018-05-16T20:00:00.000Z;XBTUSD;2000-01-01T08:00:00.000Z;-0.000715;-0.002145
2018-05-17T20:00:00.000Z;XBTUSD;2000-01-01T08:00:00.000Z;0.0001;0.00030000000000000003
2018-05-18T20:00:00.000Z;XBTUSD;2000-01-01T08:00:00.000Z;-6.9e-05;-0.000207
2018-05-19T20:00:00.000Z;XBTUSD;2000-01-01T08:00:00.000Z;1.3e-05;3.9e-05
2018-05-20T20:00:00.000Z;XBTUSD;2000-01-01T08:00:00.000Z;0.0001;0.00030000000000000003
2018-05-21T20:00:00.000Z;XBTUSD;2000-01-01T08:00:00.000Z;0.000126;0.00037799999999999997
2018-05-22T20:00:00.000Z;XBTUSD;2000-01-01T08:00:00.000Z;0.0001;0.00030000000000000003
2018-05-23T20:00:00.000Z;XBTUSD;2000-01-01T08:00:00.000Z;0.000147;0.000441
2018-05-24T20:00:00.000Z;XBTUSD;2000-01-01T08:00:00.000Z;-0.000261;-0.0007830000000000001
2018-05-25T20:00:00.000Z;XBTUSD;2000-01-01T08:00:00.000Z;-0.000197;-0.0005909999999999999
2018-05-26T20:00:00.000Z;XBTUSD;2000-01-01T08:00:00.000Z;0.0001;0.00030000000000000003
2018-05-27T20:00:00.000Z;XBTUSD;2000-01-01T08:00:00.000Z;-0.00035;-0.00105
2018-05-28T20:00:00.000Z;XBTUSD;2000-01-01T08:00:00.000Z;2.4e-05;7.2e-05
2018-05-29T20:00:00.000Z;XBTUSD;2000-01-01T08:00:00.000Z;0.000456;0.001368
2018-05-30T20:00:00.000Z;XBTUSD;2000-01-01T08:00:00.000Z;0.000162;0.0004860000000000001
2018-05-31T20:00:00.000Z;XBTUSD;2000-01-01T08:00:00.000Z;0.0001;0.00030000000000000003
2018-06-01T20:00:00.000Z;XBTUSD;2000-01-01T08:00:00.000Z;0.0001;0.00030000000000000003
2018-06-02T20:00:00.000Z;XBTUSD;2000-01-01T08:00:00.000Z;0.0001;0.00030000000000000003
2018-06-03T20:00:00.000Z;XBTUSD;2000-01-01T08:00:00.000Z;-0.000436;-0.001308
2018-06-04T20:00:00.000Z;XBTUSD;2000-01-01T08:00:00.000Z;0.0001;0.00030000000000000003
2018-06-05T20:00:00.000Z;XBTUSD;2000-01-01T08:00:00.000Z;0.0001;0.00030000000000000003
2018-06-06T20:00:00.000Z;XBTUSD;2000-01-01T08:00:00.000Z;0.000227;0.000681
2018-06-07T20:00:00.000Z;XBTUSD;2000-01-01T08:00:00.000Z;0.000371;0.001113
2018-06-08T20:00:00.000Z;XBTUSD;2000-01-01T08:00:00.000Z;0.000209;0.0006270000000000001
2018-06-09T20:00:00.000Z;XBTUSD;2000-01-01T08:00:00.000Z;0.000356;0.001068
2018-06-10T20:00:00.000Z;XBTUSD;2000-01-01T08:00:00.000Z;0.0001;0.00030000000000000003
2018-06-11T20:00:00.000Z;XBTUSD;2000-01-01T08:00:00.000Z;-0.001125;-0.0033749999999999995
2018-06-12T20:00:00.000Z;XBTUSD;2000-01-01T08:00:00.000Z;-0.000417;-0.001251
2018-06-13T20:00:00.000Z;XBTUSD;2000-01-01T08:00:00.000Z;0.0001;0.00030000000000000003
2018-06-14T20:00:00.000Z;XBTUSD;2000-01-01T08:00:00.000Z;-0.0005200000000000001;-0.0015599999999999998
2018-06-15T20:00:00.000Z;XBTUSD;2000-01-01T08:00:00.000Z;-0.000338;-0.001014
2018-06-16T20:00:00.000Z;XBTUSD;2000-01-01T08:00:00.000Z;-0.0008089999999999999;-0.0024270000000000003
2018-06-17T20:00:00.000Z;XBTUSD;2000-01-01T08:00:00.000Z;-0.001113;-0.003339
2018-06-18T20:00:00.000Z;XBTUSD;2000-01-01T08:00:00.000Z;-4.7e-05;-0.00014099999999999998
2018-06-19T20:00:00.000Z;XBTUSD;2000-01-01T08:00:00.000Z;0.0001;0.00030000000000000003
2018-06-20T20:00:00.000Z;XBTUSD;2000-01-01T08:00:00.000Z;-0.00053;-0.0015899999999999998
2018-06-21T20:00:00.000Z;XBTUSD;2000-01-01T08:00:00.000Z;-0.000154;-0.000462
2018-06-22T20:00:00.000Z;XBTUSD;2000-01-01T08:00:00.000Z;-0.00032;-0.0009599999999999999
2018-06-23T20:00:00.000Z;XBTUSD;2000-01-01T08:00:00.000Z;-0.0025280000000000003;-0.007584
2018-06-24T20:00:00.000Z;XBTUSD;2000-01-01T08:00:00.000Z;-0.002007;-0.006021
2018-06-25T20:00:00.000Z;XBTUSD;2000-01-01T08:00:00.000Z;2e-05;6.000000000000002e-05
2018-06-26T20:00:00.000Z;XBTUSD;2000-01-01T08:00:00.000Z;0.0001;0.00030000000000000003
2018-06-27T20:00:00.000Z;XBTUSD;2000-01-01T08:00:00.000Z;0.0001;0.00030000000000000003
2018-06-28T20:00:00.000Z;XBTUSD;2000-01-01T08:00:00.000Z;0.0001;0.00030000000000000003
2018-06-29T20:00:00.000Z;XBTUSD;2000-01-01T08:00:00.000Z;-6.9e-05;-0.000207
2018-06-30T20:00:00.000Z;XBTUSD;2000-01-01T08:00:00.000Z;0.0001;0.00030000000000000003
2018-07-01T20:00:00.000Z;XBTUSD;2000-01-01T08:00:00.000Z;0.0001;0.00030000000000000003
2018-07-02T20:00:00.000Z;XBTUSD;2000-01-01T08:00:00.000Z;0.0001;0.00030000000000000003
2018-07-03T20:00:00.000Z;XBTUSD;2000-01-01T08:00:00.000Z;-0.000112;-0.000336
2018-07-04T20:00:00.000Z;XBTUSD;2000-01-01T08:00:00.000Z;7.5e-05;0.000225
2018-07-05T20:00:00.000Z;XBTUSD;2000-01-01T08:00:00.000Z;0.0001;0.00030000000000000003
2018-07-06T20:00:00.000Z;XBTUSD;2000-01-01T08:00:00.000Z;0.0001;0.00030000000000000003
2018-07-07T20:00:00.000Z;XBTUSD;2000-01-01T08:00:00.000Z;0.0001;0.00030000000000000003
2018-07-08T20:00:00.000Z;XBTUSD;2000-01-01T08:00:00.000Z;0.0001;0.00030000000000000003
2018-07-09T20:00:00.000Z;XBTUSD;2000-01-01T08:00:00.000Z;0.0001;0.00030000000000000003
2018-07-10T20:00:00.000Z;XBTUSD;2000-01-01T08:00:00.000Z;0.0001;0.00030000000000000003
2018-07-11T20:00:00.000Z;XBTUSD;2000-01-01T08:00:00.000Z;0.0001;0.00030000000000000003
2018-07-12T20:00:00.000Z;XBTUSD;2000-01-01T08:00:00.000Z;0.0001;0.00030000000000000003
2018-07-13T20:00:00.000Z;XBTUSD;2000-01-01T08:00:00.000Z;-0.000229;-0.000687
2018-07-14T20:00:00.000Z;XBTUSD;2000-01-01T08:00:00.000Z;0.0001;0.00030000000000000003
2018-07-15T20:00:00.000Z;XBTUSD;2000-01-01T08:00:00.000Z;-0.00056;-0.00168
2018-07-16T20:00:00.000Z;XBTUSD;2000-01-01T08:00:00.000Z;-0.000117;-0.00035099999999999997
2018-07-17T20:00:00.000Z;XBTUSD;2000-01-01T08:00:00.000Z;0.0001;0.00030000000000000003
2018-07-18T20:00:00.000Z;XBTUSD;2000-01-01T08:00:00.000Z;0.000193;0.000579
2018-07-19T20:00:00.000Z;XBTUSD;2000-01-01T08:00:00.000Z;0.0001;0.00030000000000000003
2018-07-20T20:00:00.000Z;XBTUSD;2000-01-01T08:00:00.000Z;0.0001;0.00030000000000000003
2018-07-21T20:00:00.000Z;XBTUSD;2000-01-01T08:00:00.000Z;0.0001;0.00030000000000000003
2018-07-22T20:00:00.000Z;XBTUSD;2000-01-01T08:00:00.000Z;0.0001;0.00030000000000000003
2018-07-23T20:00:00.000Z;XBTUSD;2000-01-01T08:00:00.000Z;0.0001;0.00030000000000000003
2018-07-24T20:00:00.000Z;XBTUSD;2000-01-01T08:00:00.000Z;0.0001;0.00030000000000000003
2018-07-25T20:00:00.000Z;XBTUSD;2000-01-01T08:00:00.000Z;0.000503;0.001509
2018-07-26T20:00:00.000Z;XBTUSD;2000-01-01T08:00:00.000Z;0.0005139999999999999;0.001542
2018-07-27T20:00:00.000Z;XBTUSD;2000-01-01T08:00:00.000Z;0.000404;0.001212
2018-07-28T20:00:00.000Z;XBTUSD;2000-01-01T08:00:00.000Z;0.000412;0.001236
2018-07-29T20:00:00.000Z;XBTUSD;2000-01-01T08:00:00.000Z;0.000749;0.002247
2018-07-30T20:00:00.000Z;XBTUSD;2000-01-01T08:00:00.000Z;0.001558;0.004673999999999999
2018-07-31T20:00:00.000Z;XBTUSD;2000-01-01T08:00:00.000Z;0.0008320000000000001;0.002496
2018-08-01T20:00:00.000Z;XBTUSD;2000-01-01T08:00:00.000Z;0.0001;0.00030000000000000003
2018-08-02T20:00:00.000Z;XBTUSD;2000-01-01T08:00:00.000Z;0.0001;0.00030000000000000003
2018-08-03T20:00:00.000Z;XBTUSD;2000-01-01T08:00:00.000Z;0.0001;0.00030000000000000003
2018-08-04T20:00:00.000Z;XBTUSD;2000-01-01T08:00:00.000Z;0.0001;0.00030000000000000003
2018-08-05T20:00:00.000Z;XBTUSD;2000-01-01T08:00:00.000Z;-2.3e-05;-6.9e-05
2018-08-06T20:00:00.000Z;XBTUSD;2000-01-01T08:00:00.000Z;0.0001;0.00030000000000000003
2018-08-07T20:00:00.000Z;XBTUSD;2000-01-01T08:00:00.000Z;0.0001;0.00030000000000000003
2018-08-08T20:00:00.000Z;XBTUSD;2000-01-01T08:00:00.000Z;-0.0005610000000000001;-0.0016829999999999998
2018-08-09T20:00:00.000Z;XBTUSD;2000-01-01T08:00:00.000Z;-0.001016;-0.003048
2018-08-10T20:00:00.000Z;XBTUSD;2000-01-01T08:00:00.000Z;-4.9e-05;-0.000147
2018-08-11T20:00:00.000Z;XBTUSD;2000-01-01T08:00:00.000Z;-0.000736;-0.002208
2018-08-12T20:00:00.000Z;XBTUSD;2000-01-01T08:00:00.000Z;0.0001;0.00030000000000000003
2018-08-13T20:00:00.000Z;XBTUSD;2000-01-01T08:00:00.000Z;-0.000268;-0.0008039999999999999
2018-08-14T20:00:00.000Z;XBTUSD;2000-01-01T08:00:00.000Z;-0.001328;-0.0039840000000000006
2018-08-15T20:00:00.000Z;XBTUSD;2000-01-01T08:00:00.000Z;-0.000732;-0.002196
2018-08-16T20:00:00.000Z;XBTUSD;2000-01-01T08:00:00.000Z;-0.000397;-0.001191
2018-08-17T20:00:00.000Z;XBTUSD;2000-01-01T08:00:00.000Z;-0.000258;-0.0007740000000000001
2018-08-18T20:00:00.000Z;XBTUSD;2000-01-01T08:00:00.000Z;-0.000704;-0.002112
2018-08-19T20:00:00.000Z;XBTUSD;2000-01-01T08:00:00.000Z;-0.000607;-0.0018210000000000001
2018-08-20T20:00:00.000Z;XBTUSD;2000-01-01T08:00:00.000Z;0.0001;0.00030000000000000003
2018-08-21T20:00:00.000Z;XBTUSD;2000-01-01T08:00:00.000Z;-0.0005610000000000001;-0.0016829999999999998
2018-08-22T20:00:00.000Z;XBTUSD;2000-01-01T08:00:00.000Z;0.0001;0.00030000000000000003
2018-08-23T20:00:00.000Z;XBTUSD;2000-01-01T08:00:00.000Z;-0.000446;-0.001338
2018-08-24T20:00:00.000Z;XBTUSD;2000-01-01T08:00:00.000Z;-0.000462;-0.001386
2018-08-25T20:00:00.000Z;XBTUSD;2000-01-01T08:00:00.000Z;0.0001;0.00030000000000000003
2018-08-26T20:00:00.000Z;XBTUSD;2000-01-01T08:00:00.000Z;6e-06;1.8e-05
2018-08-27T20:00:00.000Z;XBTUSD;2000-01-01T08:00:00.000Z;-2.1e-05;-6.3e-05
2018-08-28T20:00:00.000Z;XBTUSD;2000-01-01T08:00:00.000Z;0.0001;0.00030000000000000003
2018-08-29T20:00:00.000Z;XBTUSD;2000-01-01T08:00:00.000Z;0.0001;0.00030000000000000003
2018-08-30T20:00:00.000Z;XBTUSD;2000-01-01T08:00:00.000Z;0.000116;0.000348
2018-08-31T20:00:00.000Z;XBTUSD;2000-01-01T08:00:00.000Z;0.0001;0.00030000000000000003
2018-09-01T20:00:00.000Z;XBTUSD;2000-01-01T08:00:00.000Z;0.0001;0.00030000000000000003
2018-09-02T20:00:00.000Z;XBTUSD;2000-01-01T08:00:00.000Z;0.0001;0.00030000000000000003
2018-09-03T20:00:00.000Z;XBTUSD;2000-01-01T08:00:00.000Z;0.0001;0.00030000000000000003
2018-09-04T20:00:00.000Z;XBTUSD;2000-01-01T08:00:00.000Z;0.0001;0.00030000000000000003
2018-09-05T20:00:00.000Z;XBTUSD;2000-01-01T08:00:00.000Z;0.0001;0.00030000000000000003
2018-09-06T20:00:00.000Z;XBTUSD;2000-01-01T08:00:00.000Z;-0.00085;-0.00255
2018-09-07T20:00:00.000Z;XBTUSD;2000-01-01T08:00:00.000Z;-0.000633;-0.001899
2018-09-08T20:00:00.000Z;XBTUSD;2000-01-01T08:00:00.000Z;-0.000349;-0.0010470000000000002
2018-09-09T20:00:00.000Z;XBTUSD;2000-01-01T08:00:00.000Z;-0.000545;-0.0016350000000000002
2018-09-10T20:00:00.000Z;XBTUSD;2000-01-01T08:00:00.000Z;-0.000589;-0.001767
2018-09-11T20:00:00.000Z;XBTUSD;2000-01-01T08:00:00.000Z;-0.000203;-0.000609
2018-09-12T20:00:00.000Z;XBTUSD;2000-01-01T08:00:00.000Z;0.0001;0.00030000000000000003
2018-09-13T20:00:00.000Z;XBTUSD;2000-01-01T08:00:00.000Z;-0.0007;-0.0021
2018-09-14T20:00:00.000Z;XBTUSD;2000-01-01T08:00:00.000Z;-0.000341;-0.001023
2018-09-15T20:00:00.000Z;XBTUSD;2000-01-01T08:00:00.000Z;-0.0005650000000000001;-0.001695
2018-09-16T20:00:00.000Z;XBTUSD;2000-01-01T08:00:00.000Z;-2.8000000000000006e-05;-8.4e-05
2018-09-17T20:00:00.000Z;XBTUSD;2000-01-01T08:00:00.000Z;7.900000000000001e-05;0.000237
2018-09-18T20:00:00.000Z;XBTUSD;2000-01-01T08:00:00.000Z;-0.000209;-0.0006270000000000001
2018-09-19T20:00:00.000Z;XBTUSD;2000-01-01T08:00:00.000Z;5.5e-05;0.000165
2018-09-20T20:00:00.000Z;XBTUSD;2000-01-01T08:00:00.000Z;5e-06;1.5000000000000005e-05
2018-09-21T20:00:00.000Z;XBTUSD;2000-01-01T08:00:00.000Z;-0.00015800000000000002;-0.000474
2018-09-22T20:00:00.000Z;XBTUSD;2000-01-01T08:00:00.000Z;0.0001;0.00030000000000000003
2018-09-23T20:00:00.000Z;XBTUSD;2000-01-01T08:00:00.000Z;0.0001;0.00030000000000000003
2018-09-24T20:00:00.000Z;XBTUSD;2000-01-01T08:00:00.000Z;0.000111;0.000333
2018-09-25T20:00:00.000Z;XBTUSD;2000-01-01T08:00:00.000Z;0.0001;0.00030000000000000003
2018-09-26T20:00:00.000Z;XBTUSD;2000-01-01T08:00:00.000Z;-0.00022200000000000006;-0.000666
2018-09-27T20:00:00.000Z;XBTUSD;2000-01-01T08:00:00.000Z;0.0001;0.00030000000000000003
2018-09-28T20:00:00.000Z;XBTUSD;2000-01-01T08:00:00.000Z;0.0001;0.00030000000000000003
2018-09-29T20:00:00.000Z;XBTUSD;2000-01-01T08:00:00.000Z;0.0001;0.00030000000000000003
2018-09-30T20:00:00.000Z;XBTUSD;2000-01-01T08:00:00.000Z;0.00015900000000000002;0.000477
2018-10-01T20:00:00.000Z;XBTUSD;2000-01-01T08:00:00.000Z;0.0001;0.00030000000000000003
2018-10-02T20:00:00.000Z;XBTUSD;2000-01-01T08:00:00.000Z;0.0001;0.00030000000000000003
2018-10-03T20:00:00.000Z;XBTUSD;2000-01-01T08:00:00.000Z;0.0001;0.00030000000000000003
2018-10-04T20:00:00.000Z;XBTUSD;2000-01-01T08:00:00.000Z;0.000302;0.000906
2018-10-05T20:00:00.000Z;XBTUSD;2000-01-01T08:00:00.000Z;0.000295;0.0008849999999999998
2018-10-06T20:00:00.000Z;XBTUSD;2000-01-01T08:00:00.000Z;0.0001;0.00030000000000000003
2018-10-07T20:00:00.000Z;XBTUSD;2000-01-01T08:00:00.000Z;0.0001;0.00030000000000000003
2018-10-08T20:00:00.000Z;XBTUSD;2000-01-01T08:00:00.000Z;0.000313;0.0009390000000000001
2018-10-09T20:00:00.000Z;XBTUSD;2000-01-01T08:00:00.000Z;0.000477;0.001431
2018-10-10T20:00:00.000Z;XBTUSD;2000-01-01T08:00:00.000Z;0.000342;0.001026
2018-10-11T20:00:00.000Z;XBTUSD;2000-01-01T08:00:00.000Z;0.0001;0.00030000000000000003
2018-10-12T20:00:00.000Z;XBTUSD;2000-01-01T08:00:00.000Z;0.0001;0.00030000000000000003
2018-10-13T20:00:00.000Z;XBTUSD;2000-01-01T08:00:00.000Z;-0.0006219999999999999;-0.001866
2018-10-14T20:00:00.000Z;XBTUSD;2000-01-01T08:00:00.000Z;-0.000149;-0.00044699999999999997
2018-10-15T20:00:00.000Z;XBTUSD;2000-01-01T08:00:00.000Z;0.0001;0.00030000000000000003
2018-10-16T20:00:00.000Z;XBTUSD;2000-01-01T08:00:00.000Z;0.0001;0.00030000000000000003
2018-10-17T20:00:00.000Z;XBTUSD;2000-01-01T08:00:00.000Z;0.0001;0.00030000000000000003
2018-10-18T20:00:00.000Z;XBTUSD;2000-01-01T08:00:00.000Z;0.0001;0.00030000000000000003
2018-10-19T20:00:00.000Z;XBTUSD;2000-01-01T08:00:00.000Z;0.0001;0.00030000000000000003
2018-10-20T20:00:00.000Z;XBTUSD;2000-01-01T08:00:00.000Z;0.0001;0.00030000000000000003
2018-10-21T20:00:00.000Z;XBTUSD;2000-01-01T08:00:00.000Z;0.0001;0.00030000000000000003
2018-10-22T20:00:00.000Z;XBTUSD;2000-01-01T08:00:00.000Z;0.0001;0.00030000000000000003
2018-10-23T20:00:00.000Z;XBTUSD;2000-01-01T08:00:00.000Z;0.0001;0.00030000000000000003
2018-10-24T20:00:00.000Z;XBTUSD;2000-01-01T08:00:00.000Z;0.0001;0.00030000000000000003
2018-10-25T20:00:00.000Z;XBTUSD;2000-01-01T08:00:00.000Z;0.0001;0.00030000000000000003
2018-10-26T20:00:00.000Z;XBTUSD;2000-01-01T08:00:00.000Z;0.0001;0.00030000000000000003
2018-10-27T20:00:00.000Z;XBTUSD;2000-01-01T08:00:00.000Z;0.0001;0.00030000000000000003
2018-10-28T20:00:00.000Z;XBTUSD;2000-01-01T08:00:00.000Z;0.0001;0.00030000000000000003
2018-10-29T20:00:00.000Z;XBTUSD;2000-01-01T08:00:00.000Z;0.000762;0.002286
2018-10-30T20:00:00.000Z;XBTUSD;2000-01-01T08:00:00.000Z;0.00036;0.00108
2018-10-31T20:00:00.000Z;XBTUSD;2000-01-01T08:00:00.000Z;0.0001;0.00030000000000000003
2018-11-01T20:00:00.000Z;XBTUSD;2000-01-01T08:00:00.000Z;0.0001;0.00030000000000000003
2018-11-02T20:00:00.000Z;XBTUSD;2000-01-01T08:00:00.000Z;0.0001;0.00030000000000000003
2018-11-03T20:00:00.000Z;XBTUSD;2000-01-01T08:00:00.000Z;0.0001;0.00030000000000000003
2018-11-04T20:00:00.000Z;XBTUSD;2000-01-01T08:00:00.000Z;0.0001;0.00030000000000000003
2018-11-05T20:00:00.000Z;XBTUSD;2000-01-01T08:00:00.000Z;0.000656;0.001968
2018-11-06T20:00:00.000Z;XBTUSD;2000-01-01T08:00:00.000Z;0.000495;0.001485
2018-11-07T20:00:00.000Z;XBTUSD;2000-01-01T08:00:00.000Z;0.0001;0.00030000000000000003
2018-11-08T20:00:00.000Z;XBTUSD;2000-01-01T08:00:00.000Z;0.001052;0.003156
2018-11-09T20:00:00.000Z;XBTUSD;2000-01-01T08:00:00.000Z;0.001058;0.0031739999999999997
2018-11-10T20:00:00.000Z;XBTUSD;2000-01-01T08:00:00.000Z;0.0001;0.00030000000000000003
2018-11-11T20:00:00.000Z;XBTUSD;2000-01-01T08:00:00.000Z;0.0001;0.00030000000000000003
2018-11-12T20:00:00.000Z;XBTUSD;2000-01-01T08:00:00.000Z;0.0001;0.00030000000000000003
2018-11-13T20:00:00.000Z;XBTUSD;2000-01-01T08:00:00.000Z;0.00035800000000000003;0.001074
2018-11-14T20:00:00.000Z;XBTUSD;2000-01-01T08:00:00.000Z;0.0001;0.00030000000000000003
2018-11-15T20:00:00.000Z;XBTUSD;2000-01-01T08:00:00.000Z;-0.000372;-0.001116
2018-11-16T20:00:00.000Z;XBTUSD;2000-01-01T08:00:00.000Z;-0.0008849999999999998;-0.0026550000000000002
2018-11-17T20:00:00.000Z;XBTUSD;2000-01-01T08:00:00.000Z;9.8e-05;0.000294
2018-11-18T20:00:00.000Z;XBTUSD;2000-01-01T08:00:00.000Z;2.9e-05;8.7e-05
2018-11-19T20:00:00.000Z;XBTUSD;2000-01-01T08:00:00.000Z;0.0001;0.00030000000000000003
2018-11-20T20:00:00.000Z;XBTUSD;2000-01-01T08:00:00.000Z;-0.00124;-0.00372
2018-11-21T20:00:00.000Z;XBTUSD;2000-01-01T08:00:00.000Z;-0.000657;-0.001971
2018-11-22T20:00:00.000Z;XBTUSD;2000-01-01T08:00:00.000Z;-0.000672;-0.002016
2018-11-23T20:00:00.000Z;XBTUSD;2000-01-01T08:00:00.000Z;-0.000461;-0.001383
2018-11-24T20:00:00.000Z;XBTUSD;2000-01-01T08:00:00.000Z;0.0001;0.00030000000000000003
2018-11-25T20:00:00.000Z;XBTUSD;2000-01-01T08:00:00.000Z;-0.001489;-0.0044670000000000005
2018-11-26T20:00:00.000Z;XBTUSD;2000-01-01T08:00:00.000Z;-0.000953;-0.002859
2018-11-27T20:00:00.000Z;XBTUSD;2000-01-01T08:00:00.000Z;-0.00141;-0.004229999999999999
2018-11-28T20:00:00.000Z;XBTUSD;2000-01-01T08:00:00.000Z;-0.000547;-0.001641
2018-11-29T20:00:00.000Z;XBTUSD;2000-01-01T08:00:00.000Z;-0.000269;-0.000807
2018-11-30T20:00:00.000Z;XBTUSD;2000-01-01T08:00:00.000Z;-0.000786;-0.002358
2018-12-01T20:00:00.000Z;XBTUSD;2000-01-01T08:00:00.000Z;-0.000471;-0.001413
2018-12-02T20:00:00.000Z;XBTUSD;2000-01-01T08:00:00.000Z;-0.000692;-0.002076
2018-12-03T20:00:00.000Z;XBTUSD;2000-01-01T08:00:00.000Z;-0.0008089999999999999;-0.0024270000000000003
2018-12-04T20:00:00.000Z;XBTUSD;2000-01-01T08:00:00.000Z;-0.000592;-0.0017759999999999996
2018-12-05T20:00:00.000Z;XBTUSD;2000-01-01T08:00:00.000Z;-0.00013000000000000002;-0.00039
2018-12-06T20:00:00.000Z;XBTUSD;2000-01-01T08:00:00.000Z;0.0001;0.00030000000000000003
2018-12-07T20:00:00.000Z;XBTUSD;2000-01-01T08:00:00.000Z;-0.001577;-0.004731
2018-12-08T20:00:00.000Z;XBTUSD;2000-01-01T08:00:00.000Z;-0.000606;-0.001818
2018-12-09T20:00:00.000Z;XBTUSD;2000-01-01T08:00:00.000Z;-5.3e-05;-0.00015900000000000002
2018-12-10T20:00:00.000Z;XBTUSD;2000-01-01T08:00:00.000Z;-4e-05;-0.00012000000000000004
2018-12-11T20:00:00.000Z;XBTUSD;2000-01-01T08:00:00.000Z;-0.000115;-0.00034500000000000004
2018-12-12T20:00:00.000Z;XBTUSD;2000-01-01T08:00:00.000Z;-0.000233;-0.000699
2018-12-13T20:00:00.000Z;XBTUSD;2000-01-01T08:00:00.000Z;6.4e-05;0.000192
2018-12-14T20:00:00.000Z;XBTUSD;2000-01-01T08:00:00.000Z;-0.0006360000000000001;-0.001908
2018-12-15T20:00:00.000Z;XBTUSD;2000-01-01T08:00:00.000Z;-0.000481;-0.0014429999999999998
2018-12-16T20:00:00.000Z;XBTUSD;2000-01-01T08:00:00.000Z;0.0001;0.00030000000000000003
2018-12-17T20:00:00.000Z;XBTUSD;2000-01-01T08:00:00.000Z;-0.000472;-0.001416
2018-12-18T20:00:00.000Z;XBTUSD;2000-01-01T08:00:00.000Z;0.0001;0.00030000000000000003
2018-12-19T20:00:00.000Z;XBTUSD;2000-01-01T08:00:00.000Z;-0.000628;-0.001884
2018-12-20T20:00:00.000Z;XBTUSD;2000-01-01T08:00:00.000Z;-0.000253;-0.0007590000000000001
2018-12-21T20:00:00.000Z;XBTUSD;2000-01-01T08:00:00.000Z;-0.00092;-0.0027600000000000003
2018-12-22T20:00:00.000Z;XBTUSD;2000-01-01T08:00:00.000Z;0.0001;0.00030000000000000003
2018-12-23T20:00:00.000Z;XBTUSD;2000-01-01T08:00:00.000Z;-0.000275;-0.000825
2018-12-24T20:00:00.000Z;XBTUSD;2000-01-01T08:00:00.000Z;0.0001;0.00030000000000000003
2018-12-25T20:00:00.000Z;XBTUSD;2000-01-01T08:00:00.000Z;0.0001;0.00030000000000000003
2018-12-26T20:00:00.000Z;XBTUSD;2000-01-01T08:00:00.000Z;-5.9e-05;-0.000177
2018-12-27T20:00:00.000Z;XBTUSD;2000-01-01T08:00:00.000Z;0.0001;0.00030000000000000003
2018-12-28T20:00:00.000Z;XBTUSD;2000-01-01T08:00:00.000Z;-0.0006889999999999999;-0.0020670000000000003
2018-12-29T20:00:00.000Z;XBTUSD;2000-01-01T08:00:00.000Z;0.0001;0.00030000000000000003
2018-12-30T20:00:00.000Z;XBTUSD;2000-01-01T08:00:00.000Z;-0.0006799999999999999;-0.00204
2018-12-31T20:00:00.000Z;XBTUSD;2000-01-01T08:00:00.000Z;0.0001;0.00030000000000000003
2019-01-01T20:00:00.000Z;XBTUSD;2000-01-01T08:00:00.000Z;0.0001;0.00030000000000000003
2019-01-02T20:00:00.000Z;XBTUSD;2000-01-01T08:00:00.000Z;0.0001;0.00030000000000000003
2019-01-03T20:00:00.000Z;XBTUSD;2000-01-01T08:00:00.000Z;-0.000246;-0.0007379999999999999
2019-01-04T20:00:00.000Z;XBTUSD;2000-01-01T08:00:00.000Z;3.6e-05;0.000108
2019-01-05T20:00:00.000Z;XBTUSD;2000-01-01T08:00:00.000Z;6.1e-05;0.000183
2019-01-06T20:00:00.000Z;XBTUSD;2000-01-01T08:00:00.000Z;-0.000341;-0.001023
2019-01-07T20:00:00.000Z;XBTUSD;2000-01-01T08:00:00.000Z;0.0001;0.00030000000000000003
2019-01-08T20:00:00.000Z;XBTUSD;2000-01-01T08:00:00.000Z;0.0001;0.00030000000000000003
2019-01-09T20:00:00.000Z;XBTUSD;2000-01-01T08:00:00.000Z;0.0001;0.00030000000000000003
2019-01-10T20:00:00.000Z;XBTUSD;2000-01-01T08:00:00.000Z;-0.000434;-0.001302
2019-01-11T20:00:00.000Z;XBTUSD;2000-01-01T08:00:00.000Z;-0.000778;-0.002334
2019-01-12T20:00:00.000Z;XBTUSD;2000-01-01T08:00:00.000Z;-0.000234;-0.0007019999999999999
2019-01-13T20:00:00.000Z;XBTUSD;2000-01-01T08:00:00.000Z;-0.00023;-0.0006900000000000001
2019-01-14T20:00:00.000Z;XBTUSD;2000-01-01T08:00:00.000Z;-0.000252;-0.0007559999999999999
2019-01-15T20:00:00.000Z;XBTUSD;2000-01-01T08:00:00.000Z;5.5e-05;0.000165
2019-01-16T20:00:00.000Z;XBTUSD;2000-01-01T08:00:00.000Z;-0.000252;-0.0007559999999999999
2019-01-17T20:00:00.000Z;XBTUSD;2000-01-01T08:00:00.000Z;-0.000277;-0.000831
2019-01-18T20:00:00.000Z;XBTUSD;2000-01-01T08:00:00.000Z;0.0001;0.00030000000000000003
2019-01-19T20:00:00.000Z;XBTUSD;2000-01-01T08:00:00.000Z;0.0001;0.00030000000000000003
2019-01-20T20:00:00.000Z;XBTUSD;2000-01-01T08:00:00.000Z;0.0001;0.00030000000000000003
2019-01-21T20:00:00.000Z;XBTUSD;2000-01-01T08:00:00.000Z;-5.9e-05;-0.000177
2019-01-22T20:00:00.000Z;XBTUSD;2000-01-01T08:00:00.000Z;1e-06;3e-06
2019-01-23T20:00:00.000Z;XBTUSD;2000-01-01T08:00:00.000Z;7.5e-05;0.000225
2019-01-24T20:00:00.000Z;XBTUSD;2000-01-01T08:00:00.000Z;8e-05;0.0002400000000000001
2019-01-25T20:00:00.000Z;XBTUSD;2000-01-01T08:00:00.000Z;-5e-05;-0.00015
2019-01-26T20:00:00.000Z;XBTUSD;2000-01-01T08:00:00.000Z;0.0001;0.00030000000000000003
2019-01-27T20:00:00.000Z;XBTUSD;2000-01-01T08:00:00.000Z;8.7e-05;0.000261
2019-01-28T20:00:00.000Z;XBTUSD;2000-01-01T08:00:00.000Z;0.0001;0.00030000000000000003
2019-01-29T20:00:00.000Z;XBTUSD;2000-01-01T08:00:00.000Z;0.0001;0.00030000000000000003
2019-01-30T20:00:00.000Z;XBTUSD;2000-01-01T08:00:00.000Z;0.0001;0.00030000000000000003
2019-01-31T20:00:00.000Z;XBTUSD;2000-01-01T08:00:00.000Z;0.0001;0.00030000000000000003
2019-02-01T20:00:00.000Z;XBTUSD;2000-01-01T08:00:00.000Z;0.0001;0.00030000000000000003
2019-02-02T20:00:00.000Z;XBTUSD;2000-01-01T08:00:00.000Z;0.0001;0.00030000000000000003
2019-02-03T20:00:00.000Z;XBTUSD;2000-01-01T08:00:00.000Z;-0.00014;-0.00042
2019-02-04T20:00:00.000Z;XBTUSD;2000-01-01T08:00:00.000Z;-3.1e-05;-9.300000000000001e-05
2019-02-05T20:00:00.000Z;XBTUSD;2000-01-01T08:00:00.000Z;2e-06;6e-06
2019-02-06T20:00:00.000Z;XBTUSD;2000-01-01T08:00:00.000Z;7.4e-05;0.00022200000000000003
2019-02-07T20:00:00.000Z;XBTUSD;2000-01-01T08:00:00.000Z;5.3e-05;0.00015900000000000002
2019-02-08T20:00:00.000Z;XBTUSD;2000-01-01T08:00:00.000Z;0.0001;0.00030000000000000003
2019-02-09T20:00:00.000Z;XBTUSD;2000-01-01T08:00:00.000Z;0.0001;0.00030000000000000003
2019-02-10T20:00:00.000Z;XBTUSD;2000-01-01T08:00:00.000Z;0.0001;0.00030000000000000003
2019-02-11T20:00:00.000Z;XBTUSD;2000-01-01T08:00:00.000Z;0.0001;0.00030000000000000003
2019-02-12T20:00:00.000Z;XBTUSD;2000-01-01T08:00:00.000Z;0.0001;0.00030000000000000003
2019-02-13T20:00:00.000Z;XBTUSD;2000-01-01T08:00:00.000Z;0.0001;0.00030000000000000003
2019-02-14T20:00:00.000Z;XBTUSD;2000-01-01T08:00:00.000Z;0.000117;0.00035099999999999997
2019-02-15T20:00:00.000Z;XBTUSD;2000-01-01T08:00:00.000Z;0.0001;0.00030000000000000003
2019-02-16T20:00:00.000Z;XBTUSD;2000-01-01T08:00:00.000Z;0.0001;0.00030000000000000003
2019-02-17T20:00:00.000Z;XBTUSD;2000-01-01T08:00:00.000Z;0.0001;0.00030000000000000003
2019-02-18T20:00:00.000Z;XBTUSD;2000-01-01T08:00:00.000Z;-0.0005690000000000001;-0.0017069999999999998
2019-02-19T20:00:00.000Z;XBTUSD;2000-01-01T08:00:00.000Z;0.0001;0.00030000000000000003
2019-02-20T20:00:00.000Z;XBTUSD;2000-01-01T08:00:00.000Z;0.0001;0.00030000000000000003
2019-02-21T20:00:00.000Z;XBTUSD;2000-01-01T08:00:00.000Z;0.0001;0.00030000000000000003
2019-02-22T20:00:00.000Z;XBTUSD;2000-01-01T08:00:00.000Z;0.0001;0.00030000000000000003
2019-02-23T20:00:00.000Z;XBTUSD;2000-01-01T08:00:00.000Z;9.6e-05;0.000288
2019-02-24T20:00:00.000Z;XBTUSD;2000-01-01T08:00:00.000Z;0.0001;0.00030000000000000003
2019-02-25T20:00:00.000Z;XBTUSD;2000-01-01T08:00:00.000Z;-0.000201;-0.000603
2019-02-26T20:00:00.000Z;XBTUSD;2000-01-01T08:00:00.000Z;-0.000305;-0.000915
2019-02-27T20:00:00.000Z;XBTUSD;2000-01-01T08:00:00.000Z;-0.000113;-0.000339
2019-02-28T20:00:00.000Z;XBTUSD;2000-01-01T08:00:00.000Z;-0.000193;-0.000579
2019-03-01T20:00:00.000Z;XBTUSD;2000-01-01T08:00:00.000Z;-6.4e-05;-0.000192
2019-03-02T20:00:00.000Z;XBTUSD;2000-01-01T08:00:00.000Z;-0.00016299999999999998;-0.0004890000000000001
2019-03-03T20:00:00.000Z;XBTUSD;2000-01-01T08:00:00.000Z;-0.000297;-0.0008910000000000002
2019-03-04T20:00:00.000Z;XBTUSD;2000-01-01T08:00:00.000Z;0.0001;0.00030000000000000003
2019-03-05T20:00:00.000Z;XBTUSD;2000-01-01T08:00:00.000Z;-0.000165;-0.000495
2019-03-06T20:00:00.000Z;XBTUSD;2000-01-01T08:00:00.000Z;0.0001;0.00030000000000000003
2019-03-07T20:00:00.000Z;XBTUSD;2000-01-01T08:00:00.000Z;3.1e-05;9.300000000000001e-05
2019-03-08T20:00:00.000Z;XBTUSD;2000-01-01T08:00:00.000Z;-0.000192;-0.000576
2019-03-09T20:00:00.000Z;XBTUSD;2000-01-01T08:00:00.000Z;-3.2e-05;-9.6e-05
2019-03-10T20:00:00.000Z;XBTUSD;2000-01-01T08:00:00.000Z;-0.000245;-0.000735
2019-03-11T20:00:00.000Z;XBTUSD;2000-01-01T08:00:00.000Z;4.1e-05;0.000123
2019-03-12T20:00:00.000Z;XBTUSD;2000-01-01T08:00:00.000Z;0.0001;0.00030000000000000003
2019-03-13T20:00:00.000Z;XBTUSD;2000-01-01T08:00:00.000Z;-0.000184;-0.000552
2019-03-14T20:00:00.000Z;XBTUSD;2000-01-01T08:00:00.000Z;8.4e-05;0.000252
2019-03-15T20:00:00.000Z;XBTUSD;2000-01-01T08:00:00.000Z;-0.000111;-0.000333
2019-03-16T20:00:00.000Z;XBTUSD;2000-01-01T08:00:00.000Z;0.0001;0.00030000000000000003
2019-03-17T20:00:00.000Z;XBTUSD;2000-01-01T08:00:00.000Z;0.0001;0.00030000000000000003
2019-03-18T20:00:00.000Z;XBTUSD;2000-01-01T08:00:00.000Z;-0.000161;-0.00048300000000000003
2019-03-19T20:00:00.000Z;XBTUSD;2000-01-01T08:00:00.000Z;8.6e-05;0.000258
2019-03-20T20:00:00.000Z;XBTUSD;2000-01-01T08:00:00.000Z;0.0001;0.00030000000000000003
2019-03-21T20:00:00.000Z;XBTUSD;2000-01-01T08:00:00.000Z;-0.000656;-0.001968
2019-03-22T20:00:00.000Z;XBTUSD;2000-01-01T08:00:00.000Z;-0.000366;-0.001098
2019-03-23T20:00:00.000Z;XBTUSD;2000-01-01T08:00:00.000Z;3e-05;9e-05
2019-03-24T20:00:00.000Z;XBTUSD;2000-01-01T08:00:00.000Z;-0.00015;-0.00045
2019-03-25T20:00:00.000Z;XBTUSD;2000-01-01T08:00:00.000Z;-0.000328;-0.000984
2019-03-26T20:00:00.000Z;XBTUSD;2000-01-01T08:00:00.000Z;-0.000463;-0.001389
2019-03-27T20:00:00.000Z;XBTUSD;2000-01-01T08:00:00.000Z;-0.000143;-0.000429
2019-03-28T20:00:00.000Z;XBTUSD;2000-01-01T08:00:00.000Z;0.0001;0.00030000000000000003
2019-03-29T20:00:00.000Z;XBTUSD;2000-01-01T08:00:00.000Z;-0.000121;-0.000363
2019-03-30T20:00:00.000Z;XBTUSD;2000-01-01T08:00:00.000Z;-0.000123;-0.000369
2019-03-31T20:00:00.000Z;XBTUSD;2000-01-01T08:00:00.000Z;-0.000293;-0.0008789999999999999
2019-04-01T20:00:00.000Z;XBTUSD;2000-01-01T08:00:00.000Z;-0.000433;-0.001299
2019-04-02T20:00:00.000Z;XBTUSD;2000-01-01T08:00:00.000Z;0.000593;0.001779
2019-04-03T20:00:00.000Z;XBTUSD;2000-01-01T08:00:00.000Z;0.0001;0.00030000000000000003
2019-04-04T20:00:00.000Z;XBTUSD;2000-01-01T08:00:00.000Z;0.0001;0.00030000000000000003
2019-04-05T20:00:00.000Z;XBTUSD;2000-01-01T08:00:00.000Z;0.0001;0.00030000000000000003
2019-04-06T20:00:00.000Z;XBTUSD;2000-01-01T08:00:00.000Z;0.0001;0.00030000000000000003
2019-04-07T20:00:00.000Z;XBTUSD;2000-01-01T08:00:00.000Z;0.0001;0.00030000000000000003
2019-04-08T20:00:00.000Z;XBTUSD;2000-01-01T08:00:00.000Z;0.0001;0.00030000000000000003
2019-04-09T20:00:00.000Z;XBTUSD;2000-01-01T08:00:00.000Z;0.0001;0.00030000000000000003
2019-04-10T20:00:00.000Z;XBTUSD;2000-01-01T08:00:00.000Z;0.0001;0.00030000000000000003
2019-04-11T20:00:00.000Z;XBTUSD;2000-01-01T08:00:00.000Z;0.0001;0.00030000000000000003
2019-04-12T20:00:00.000Z;XBTUSD;2000-01-01T08:00:00.000Z;0.0001;0.00030000000000000003
2019-04-13T20:00:00.000Z;XBTUSD;2000-01-01T08:00:00.000Z;-0.000207;-0.000621
2019-04-14T20:00:00.000Z;XBTUSD;2000-01-01T08:00:00.000Z;0.0001;0.00030000000000000003
2019-04-15T20:00:00.000Z;XBTUSD;2000-01-01T08:00:00.000Z;0.0001;0.00030000000000000003
2019-04-16T20:00:00.000Z;XBTUSD;2000-01-01T08:00:00.000Z;-4.5e-05;-0.000135
2019-04-17T20:00:00.000Z;XBTUSD;2000-01-01T08:00:00.000Z;0.0001;0.00030000000000000003
2019-04-18T20:00:00.000Z;XBTUSD;2000-01-01T08:00:00.000Z;0.0001;0.00030000000000000003
2019-04-19T20:00:00.000Z;XBTUSD;2000-01-01T08:00:00.000Z;-7.4e-05;-0.00022200000000000003
2019-04-20T20:00:00.000Z;XBTUSD;2000-01-01T08:00:00.000Z;0.0001;0.00030000000000000003
2019-04-21T20:00:00.000Z;XBTUSD;2000-01-01T08:00:00.000Z;0.0001;0.00030000000000000003
2019-04-22T20:00:00.000Z;XBTUSD;2000-01-01T08:00:00.000Z;0.0001;0.00030000000000000003
2019-04-23T20:00:00.000Z;XBTUSD;2000-01-01T08:00:00.000Z;-0.0005059999999999999;-0.0015180000000000007
2019-04-24T20:00:00.000Z;XBTUSD;2000-01-01T08:00:00.000Z;-8.1e-05;-0.000243
2019-04-25T20:00:00.000Z;XBTUSD;2000-01-01T08:00:00.000Z;-0.000301;-0.0009029999999999999
2019-04-26T20:00:00.000Z;XBTUSD;2000-01-01T08:00:00.000Z;-0.000233;-0.000699
2019-04-27T20:00:00.000Z;XBTUSD;2000-01-01T08:00:00.000Z;-0.0004150000000000001;-0.001245
2019-04-28T20:00:00.000Z;XBTUSD;2000-01-01T08:00:00.000Z;-0.000627;-0.0018809999999999999
2019-04-29T20:00:00.000Z;XBTUSD;2000-01-01T08:00:00.000Z;-0.000788;-0.002364
2019-04-30T20:00:00.000Z;XBTUSD;2000-01-01T08:00:00.000Z;-0.000377;-0.001131
2019-05-01T20:00:00.000Z;XBTUSD;2000-01-01T08:00:00.000Z;-0.000317;-0.000951
2019-05-02T20:00:00.000Z;XBTUSD;2000-01-01T08:00:00.000Z;-0.000232;-0.000696
2019-05-03T20:00:00.000Z;XBTUSD;2000-01-01T08:00:00.000Z;9.2e-05;0.000276
2019-05-04T20:00:00.000Z;XBTUSD;2000-01-01T08:00:00.000Z;-0.000164;-0.000492
2019-05-05T20:00:00.000Z;XBTUSD;2000-01-01T08:00:00.000Z;0.0001;0.00030000000000000003
2019-05-06T20:00:00.000Z;XBTUSD;2000-01-01T08:00:00.000Z;-0.000174;-0.000522
2019-05-07T20:00:00.000Z;XBTUSD;2000-01-01T08:00:00.000Z;0.0001;0.00030000000000000003
2019-05-08T20:00:00.000Z;XBTUSD;2000-01-01T08:00:00.000Z;-0.0008210000000000001;-0.002463
2019-05-09T20:00:00.000Z;XBTUSD;2000-01-01T08:00:00.000Z;-0.000496;-0.0014880000000000002
2019-05-10T20:00:00.000Z;XBTUSD;2000-01-01T08:00:00.000Z;-0.001058;-0.0031739999999999997
2019-05-11T20:00:00.000Z;XBTUSD;2000-01-01T08:00:00.000Z;-8.8e-05;-0.000264
2019-05-12T20:00:00.000Z;XBTUSD;2000-01-01T08:00:00.000Z;0.0001;0.00030000000000000003
2019-05-13T20:00:00.000Z;XBTUSD;2000-01-01T08:00:00.000Z;0.0001;0.00030000000000000003
2019-05-14T20:00:00.000Z;XBTUSD;2000-01-01T08:00:00.000Z;0.000276;0.000828
2019-05-15T20:00:00.000Z;XBTUSD;2000-01-01T08:00:00.000Z;0.00034700000000000003;0.0010409999999999998
2019-05-16T20:00:00.000Z;XBTUSD;2000-01-01T08:00:00.000Z;0.000701;0.0021030000000000003
2019-05-17T20:00:00.000Z;XBTUSD;2000-01-01T08:00:00.000Z;0.0001;0.00030000000000000003
2019-05-18T20:00:00.000Z;XBTUSD;2000-01-01T08:00:00.000Z;-0.000118;-0.000354
2019-05-19T20:00:00.000Z;XBTUSD;2000-01-01T08:00:00.000Z;0.000386;0.001158
2019-05-20T20:00:00.000Z;XBTUSD;2000-01-01T08:00:00.000Z;0.00032900000000000003;0.000987
2019-05-21T20:00:00.000Z;XBTUSD;2000-01-01T08:00:00.000Z;0.000302;0.000906
2019-05-22T20:00:00.000Z;XBTUSD;2000-01-01T08:00:00.000Z;0.000375;0.001125
2019-05-23T20:00:00.000Z;XBTUSD;2000-01-01T08:00:00.000Z;0.0001;0.00030000000000000003
2019-05-24T20:00:00.000Z;XBTUSD;2000-01-01T08:00:00.000Z;0.00015900000000000002;0.000477
2019-05-25T20:00:00.000Z;XBTUSD;2000-01-01T08:00:00.000Z;0.0007099999999999999;0.00213
2019-05-26T20:00:00.000Z;XBTUSD;2000-01-01T08:00:00.000Z;0.000416;0.001248
