2013-04-01,155512.09
2013-04-02,170320.85
2013-04-03,186525.46
2013-04-04,216183.41
2013-04-05,231394.71
2013-04-06,231412.16
2013-04-07,231921.66
2013-04-08,257410.4
2013-04-09,299725.8
2013-04-10,321186.21
2013-04-11,266056.07
2013-04-12,180684.97
2013-04-13,153230.19
2013-04-14,160191.63
2013-04-15,148393.83
2013-04-16,136511.43
2013-04-17,106104.49
2013-04-18,139692.45
2013-04-19,158263.01
2013-04-20,187962.89
2013-04-21,194017.35
2013-04-22,183753.09
2013-04-23,192808.9
2013-04-24,212201.88
2013-04-25,225961.9
2013-04-26,219552.32
2013-04-27,204557.37
2013-04-28,196058.56
2013-04-29,202504.81
2013-04-30,204315.37
2013-05-01,208728.55
2013-05-02,176723.46
2013-05-03,158868.58
2013-05-04,140489.34
2013-05-05,165402.38
2013-05-06,171597.54
2013-05-07,171628.2
2013-05-08,159151.33
2013-05-09,166876.4
2013-05-10,165900.57
2013-05-11,172002.83
2013-05-12,168086.64
2013-05-13,166151.71
2013-05-14,169700.56
2013-05-15,164668.43
2013-05-16,159704.54
2013-05-17,165840.23
2013-05-18,173806.25
2013-05-19,173721.06
2013-05-20,171259.51
2013-05-21,171463.31
2013-05-22,171684.15
2013-05-23,171513.24
2013-05-24,175400.49
2013-05-25,182891.29
2013-05-26,183181.11
2013-05-27,186223.04
2013-05-28,179321.37
2013-05-29,177683.69
2013-05-30,178964.43
2013-05-31,177888.13
2013-06-01,176440.97
2013-06-02,176516.74
2013-06-03,166916.54
2013-06-04,162796.89
2013-06-05,164677.58
2013-06-06,165298.33
2013-06-07,161822.42
2013-06-08,150924.83
2013-06-09,145156.54
2013-06-10,133933.46
2013-06-11,141340.79
2013-06-12,144506.11
2013-06-13,145420.43
2013-06-14,139480.53
2013-06-15,133724.38
2013-06-16,133337.08
2013-06-17,132629.91
2013-06-18,134162.34
2013-06-19,140682.21
2013-06-20,141729.05
2013-06-21,145782.61
2013-06-22,142239.72
2013-06-23,139477.69
2013-06-24,135552.76
2013-06-25,132599.06
2013-06-26,134352.18
2013-06-27,133719.65
2013-06-28,131190.21
2013-06-29,120740.27
2013-06-30,122688.82
2013-07-01,123243.65
2013-07-02,112846.34
2013-07-03,113503.84
2013-07-04,100751.15
2013-07-05,100780.12
2013-07-06,87363.23
2013-07-07,87252.3
2013-07-08,91124.06
2013-07-09,99491.07
2013-07-10,95433.77
2013-07-11,104785.44
2013-07-12,112323.9
2013-07-13,116828.98
2013-07-14,116317.5
2013-07-15,116973.15
2013-07-16,120464.75
2013-07-17,118188.79
2013-07-18,116750
2013-07-19,109866.81
2013-07-20,111828.31
2013-07-21,110295.84
2013-07-22,108790.81
2013-07-23,109212.7
2013-07-24,111433.52
2013-07-25,112350.36
2013-07-26,114031.92
2013-07-27,114747.85
2013-07-28,113278.05
2013-07-29,118189.92
2013-07-30,119155.11
2013-07-31,120773.77
2013-08-01,124924.42
2013-08-02,121958.45
2013-08-03,121633
2013-08-04,121103.59
2013-08-05,121910.74
2013-08-06,121462.1
2013-08-07,122692.65
2013-08-08,119289.39
2013-08-09,117554.84
2013-08-10,115595.37
2013-08-11,115513.89
2013-08-12,118446.07
2013-08-13,119978.18
2013-08-14,121712.83
2013-08-15,124828.69
2013-08-16,122523.82
2013-08-17,120861.24
2013-08-18,124196.86
2013-08-19,124308.37
2013-08-20,128236.68
2013-08-21,131861.56
2013-08-22,134406.29
2013-08-23,133018.47
2013-08-24,130728.4
2013-08-25,132050.08
2013-08-26,132490.98
2013-08-27,133745.6
2013-08-28,142308.2
2013-08-29,141554.06
2013-08-30,139959.43
2013-08-31,148055.72
2013-09-01,155316.31
2013-09-02,152285.84
2013-09-03,152276.6
2013-09-04,152401.3
2013-09-05,145526.77
2013-09-06,140086.59
2013-09-07,138106.32
2013-09-08,138080.72
2013-09-09,137969.37
2013-09-10,142091.48
2013-09-11,143699.4
2013-09-12,146233.62
2013-09-13,147774.02
2013-09-14,146526.56
2013-09-15,143721.84
2013-09-16,144478.12
2013-09-17,143716.24
2013-09-18,145399.23
2013-09-19,144786.68
2013-09-20,142086.06
2013-09-21,140789.99
2013-09-22,140025.27
2013-09-23,140114.7
2013-09-24,138735.62
2013-09-25,139292.39
2013-09-26,140478.44
2013-09-27,140711.76
2013-09-28,142879.07
2013-09-29,146091.16
2013-09-30,142362.27
2013-10-01,142246.76
2013-10-02,139616.87
2013-10-03,121439.89
2013-10-04,133719.67
2013-10-05,137052.05
2013-10-06,134758.19
2013-10-07,135948.58
2013-10-08,134981.79
2013-10-09,137415.73
2013-10-10,137923.06
2013-10-11,139157.18
2013-10-12,143004.51
2013-10-13,141811.62
2013-10-14,145005.06
2013-10-15,147880.54
2013-10-16,151114.56
2013-10-17,156128.73
2013-10-18,157454.19
2013-10-19,168121.94
2013-10-20,177478.56
2013-10-21,181281.9
2013-10-22,193956.86
2013-10-23,205925.1
2013-10-24,210047.07
2013-10-25,194460.64
2013-10-26,185826.9
2013-10-27,194797.33
2013-10-28,196908.84
2013-10-29,203518.5
2013-10-30,209564.72
2013-10-31,206265.06
2013-11-01,213027.18
2013-11-02,210353.09
2013-11-03,211004.78
2013-11-04,218874.43
2013-11-05,234628.77
2013-11-06,268389.83
2013-11-07,274963.6
2013-11-08,301899.68
2013-11-09,341039.39
2013-11-10,344796.39
2013-11-11,341383.56
2013-11-12,345395.36
2013-11-13,363636.03
2013-11-14,410921.12
2013-11-15,417651.67
2013-11-16,460303.03
2013-11-17,447610.7
2013-11-18,506605.32
2013-11-19,654544.05
2013-11-20,543759.77
2013-11-21,640948.94
2013-11-22,689065.5
2013-11-23,764066.67
2013-11-24,758936.22
2013-11-25,761602.84
2013-11-26,838447.19
2013-11-27,883539.82
2013-11-28,941563.24
2013-11-29,1021929.62
2013-11-30,1070561.29
2013-12-01,1060752
2013-12-02,919638.5
2013-12-03,994567.52
2013-12-04,1039248.59
2013-12-05,1046821.04
2013-12-06,949095.73
2013-12-07,740975.28
2013-12-08,695460.33
2013-12-09,777748.54
2013-12-10,852090.31
2013-12-11,896785.56
2013-12-12,825192.38
2013-12-13,843990.39
2013-12-14,830225.24
2013-12-15,807455.98
2013-12-16,758097.95
2013-12-17,661584.69
2013-12-18,582248.91
2013-12-19,523879.9
2013-12-20,645356.95
2013-12-21,581008.53
2013-12-22,578065.71
2013-12-23,582099.67
2013-12-24,612454.24
2013-12-25,616633.59
2013-12-26,645994.31
2013-12-27,698742.99
2013-12-28,673581.75
2013-12-29,664176.89
2013-12-30,678483.77
2013-12-31,691209.2
2014-01-01,693083.51
2014-01-02,701777.34
2014-01-03,737025.61
2014-01-04,742628.56
2014-01-05,782582.11
2014-01-06,864884.64
2014-01-07,846595.33
2014-01-08,758120.43
2014-01-09,757888.14
2014-01-10,755876.82
2014-01-11,795053.38
2014-01-12,802211.5
2014-01-13,765626.59
2014-01-14,753458.83
2014-01-15,742254.11
2014-01-16,769360.9
2014-01-17,749462.29
2014-01-18,723799.87
2014-01-19,740292.25
2014-01-20,755288.14
2014-01-21,770756.36
2014-01-22,765410.86
2014-01-23,749041.54
2014-01-24,730441.7
2014-01-25,703910.34
2014-01-26,746310.37
2014-01-27,774019.19
2014-01-28,684886.78
2014-01-29,716926.84
2014-01-30,712546.43
2014-01-31,711660.11
2014-02-01,715021.12
2014-02-02,730175.23
2014-02-03,715937.45
2014-02-04,696008.13
2014-02-05,721928.54
2014-02-06,698041.75
2014-02-07,671112.65
2014-02-08,610057.31
2014-02-09,579030.44
2014-02-10,584283.84
2014-02-11,571290.06
2014-02-12,560563.73
2014-02-13,551859.45
2014-02-14,517872.69
2014-02-15,553990.01
2014-02-16,543857.17
2014-02-17,509675.95
2014-02-18,522477.74
2014-02-19,513089.47
2014-02-20,518080.04
2014-02-21,467352.27
2014-02-22,470919.36
2014-02-23,496985.17
2014-02-24,490942.81
2014-02-25,450791.24
2014-02-26,434896.28
2014-02-27,476384.18
2014-02-28,473770.17
2014-03-01,463570.13
2014-03-02,460779.09
2014-03-03,453166.05
2014-03-04,537026.99
2014-03-05,537654.48
2014-03-06,528683.94
2014-03-07,530093.46
2014-03-08,503744.31
2014-03-09,493763.03
2014-03-10,509655.43
2014-03-11,500044.67
2014-03-12,501015.75
2014-03-13,503463.23
2014-03-14,506707.36
2014-03-15,496835.46
2014-03-16,497168.46
2014-03-17,497403.32
2014-03-18,490559.28
2014-03-19,482801.16
2014-03-20,478956.27
2014-03-21,457323.84
2014-03-22,452201.9
2014-03-23,438625.03
2014-03-24,439591.71
2014-03-25,446988.02
2014-03-26,437566.77
2014-03-27,450042.81
2014-03-28,396380.56
2014-03-29,386722.83
2014-03-30,382869.79
2014-03-31,355462.91
2014-04-01,351274.3
2014-04-02,366771.37
2014-04-03,343492.73
2014-04-04,337948.87
2014-04-05,341401.89
2014-04-06,348170.68
2014-04-07,349779.73
2014-04-08,341006.02
2014-04-09,341195.66
2014-04-10,330493.79
2014-04-11,291530.57
2014-04-12,311989.81
2014-04-13,317244.75
2014-04-14,310488.25
2014-04-15,348721.03
2014-04-16,374532.28
2014-04-17,387022.88
2014-04-18,371187.39
2014-04-19,357771.45
2014-04-20,368646.02
2014-04-21,369844.17
2014-04-22,366203.65
2014-04-23,361307.07
2014-04-24,358995.13
2014-04-25,354262.95
2014-04-26,338775.47
2014-04-27,335925.45
2014-04-28,322612.1
2014-04-29,321241.35
2014-04-30,323601.99
2014-05-01,325150.2
2014-05-02,331143.84
2014-05-03,325509.49
2014-05-04,316414.34
2014-05-05,314881.81
2014-05-06,311484.14
2014-05-07,308644.18
2014-05-08,315742.53
2014-05-09,315246.83
2014-05-10,320462.2
2014-05-11,323769.84
2014-05-12,314640.16
2014-05-13,313685.43
2014-05-14,312430.43
2014-05-15,315731.77
2014-05-16,316303.14
2014-05-17,316780.57
2014-05-18,316395.27
2014-05-19,314889.14
2014-05-20,325346.82
2014-05-21,337396.67
2014-05-22,345173.95
2014-05-23,363666.15
2014-05-24,367559.65
2014-05-25,374936.41
2014-05-26,396054.65
2014-05-27,405977.93
2014-05-28,399473.64
2014-05-29,397709.92
2014-05-30,405166.3
2014-05-31,421163.82
2014-06-01,429105.01
2014-06-02,440808.3
2014-06-03,444684.65
2014-06-04,455210.3
2014-06-05,439818.36
2014-06-06,449270.29
2014-06-07,446066.77
2014-06-08,446912.85
2014-06-09,443134.16
2014-06-10,443261.85
2014-06-11,444056.37
2014-06-12,433681.6
2014-06-13,411377.51
2014-06-14,402376.57
2014-06-15,386791.75
2014-06-16,390031.65
2014-06-17,401467.53
2014-06-18,406060.44
2014-06-19,406423.98
2014-06-20,403299.46
2014-06-21,396959.88
2014-06-22,396956.01
2014-06-23,401350.74
2014-06-24,393058.03
2014-06-25,390282.15
2014-06-26,378004.65
2014-06-27,385781.78
2014-06-28,396414.56
2014-06-29,402773.25
2014-06-30,395548.65
2014-07-01,417920.97
2014-07-02,427303.4
2014-07-03,428371.34
2014-07-04,420782.01
2014-07-05,416299.86
2014-07-06,413925.99
2014-07-07,416065.84
2014-07-08,408648.96
2014-07-09,407314.52
2014-07-10,407254.37
2014-07-11,402878.32
2014-07-12,409048.58
2014-07-13,411507.32
2014-07-14,406647.65
2014-07-15,402826.13
2014-07-16,402584.35
2014-07-17,399508.3
2014-07-18,401272.49
2014-07-19,402687.7
2014-07-20,404045.28
2014-07-21,400822.91
2014-07-22,398288.88
2014-07-23,397947.09
2014-07-24,392424.43
2014-07-25,385372.27
2014-07-26,383097.59
2014-07-27,379417.39
2014-07-28,377093.09
2014-07-29,371146.44
2014-07-30,370042.8
2014-07-31,361996.5
2014-08-01,366161.74
2014-08-02,375570.62
2014-08-03,371015.28
2014-08-04,369168.32
2014-08-05,369769.87
2014-08-06,367080.13
2014-08-07,365916.12
2014-08-08,367399.64
2014-08-09,369668.15
2014-08-10,367524.23
2014-08-11,367793.76
2014-08-12,360630.37
2014-08-13,345232.06
2014-08-14,340271.14
2014-08-15,319369.02
2014-08-16,308928.42
2014-08-17,315002.74
2014-08-18,306219.82
2014-08-19,286691.49
2014-08-20,296071.42
2014-08-21,309449.31
2014-08-22,318630.71
2014-08-23,313499.2
2014-08-24,306170.1
2014-08-25,310184.84
2014-08-26,306766.98
2014-08-27,311075.83
2014-08-28,309362.42
2014-08-29,309036.15
2014-08-30,308527.8
2014-08-31,304369.23
2014-09-01,291806.12
2014-09-02,288988.35
2014-09-03,288098.75
2014-09-04,287229.16
2014-09-05,293223.36
2014-09-06,290208.72
2014-09-07,289127.08
2014-09-08,289242.15
2014-09-09,282594.67
2014-09-10,281040.23
2014-09-11,286425.37
2014-09-12,282944.76
2014-09-13,281933.03
2014-09-14,283847.07
2014-09-15,282861.12
2014-09-16,280417.91
2014-09-17,268934.17
2014-09-18,268256.81
2014-09-19,251283.97
2014-09-20,234414.51
2014-09-21,239676.86
2014-09-22,236239.32
2014-09-23,234296.17
2014-09-24,248669.83
2014-09-25,248288.55
2014-09-26,239218.14
2014-09-27,232597.72
2014-09-28,233001.41
2014-09-29,222926.97
2014-09-30,218256.09
2014-10-01,222551.21
2014-10-02,215510.2
2014-10-03,216818.81
2014-10-04,208526.17
2014-10-05,192599.09
2014-10-06,180905.6
2014-10-07,191282.25
2014-10-08,189442.9
2014-10-09,197498.79
2014-10-10,209011.66
2014-10-11,204921.13
2014-10-12,208466.93
2014-10-13,210094.61
2014-10-14,217455.25
2014-10-15,227927.02
2014-10-16,221978.96
2014-10-17,215612.11
2014-10-18,214685.39
2014-10-19,218345.82
2014-10-20,218487.43
2014-10-21,214111.49
2014-10-22,212100.32
2014-10-23,213797.64
2014-10-24,202547.8
2014-10-25,199067.28
2014-10-26,194210.73
2014-10-27,194986.23
2014-10-28,195766.54
2014-10-29,196292.58
2014-10-30,188399.77
2014-10-31,189148.59
2014-11-01,185612.62
2014-11-02,179940.09
2014-11-03,178604.04
2014-11-04,179402.05
2014-11-05,179941.18
2014-11-06,186797.39
2014-11-07,189661.52
2014-11-08,187230.52
2014-11-09,187658.37
2014-11-10,194607.42
2014-11-11,203633.44
2014-11-12,198946.18
2014-11-13,224043.69
2014-11-14,226358.04
2014-11-15,214122.07
2014-11-16,204659.28
2014-11-17,208114.91
2014-11-18,208910.31
2014-11-19,201962.94
2014-11-20,201822.39
2014-11-21,193370.11
2014-11-22,187375.14
2014-11-23,189399.11
2014-11-24,193263.4
2014-11-25,201044.1
2014-11-26,200534.87
2014-11-27,195815.02
2014-11-28,195610.77
2014-11-29,198081.12
2014-11-30,198478.76
2014-12-01,198800.87
2014-12-02,199305.27
2014-12-03,200059.81
2014-12-04,197692.21
2014-12-05,194554.22
2014-12-06,194428.49
2014-12-07,195504.31
2014-12-08,195340.44
2014-12-09,189989.5
2014-12-10,182756.35
2014-12-11,180230.5
2014-12-12,180978.38
2014-12-13,181840.79
2014-12-14,179187.43
2014-12-15,180783.94
2014-12-16,174855.94
2014-12-17,169621.82
2014-12-18,164236.64
2014-12-19,159678.65
2014-12-20,160716.44
2014-12-21,166562.17
2014-12-22,164090.14
2014-12-23,167608.37
2014-12-24,169673.04
2014-12-25,164624.26
2014-12-26,161062.35
2014-12-27,164714.65
2014-12-28,159673.24
2014-12-29,159534.49
2014-12-30,158182.36
2014-12-31,155658.2
2015-01-01,159039.37
2015-01-02,158074.78
2015-01-03,157770.93
2015-01-04,146593.65
2015-01-05,135695.06
2015-01-06,135322.25
2015-01-07,140831.62
2015-01-08,145906.98
2015-01-09,142532.82
2015-01-10,137814.5
2015-01-11,137080.9
2015-01-12,132821.97
2015-01-13,132590.97
2015-01-14,115484.96
2015-01-15,94390.65
2015-01-16,102382.34
2015-01-17,102226.37
2015-01-18,97864.72
2015-01-19,102048.14
2015-01-20,105118.4
2015-01-21,102904.03
2015-01-22,106877.98
2015-01-23,112701.35
2015-01-24,112549.95
2015-01-25,119132.27
2015-01-26,120990.31
2015-01-27,132052.16
2015-01-28,126010.96
2015-01-29,115690.33
2015-01-30,111375.64
2015-01-31,109793.08
2015-02-01,107080.07
2015-02-02,106893.33
2015-02-03,110120.28
2015-02-04,109239.5
2015-02-05,107920.43
2015-02-06,104090.52
2015-02-07,105497.04
2015-02-08,107799.92
2015-02-09,105915.15
2015-02-10,104330.61
2015-02-11,103783.88
2015-02-12,103856.13
2015-02-13,104217.14
2015-02-14,111175.39
2015-02-15,118028.89
2015-02-16,112167.21
2015-02-17,109736.12
2015-02-18,112601.73
2015-02-19,110718.8
2015-02-20,111463.97
2015-02-21,112802.14
2015-02-22,113278.37
2015-02-23,110055.27
2015-02-24,110492.62
2015-02-25,109987.91
2015-02-26,109407.18
2015-02-27,108676.29
2015-02-28,116028.19
2015-03-01,117949.31
2015-03-02,116053.25
2015-03-03,122460.64
2015-03-04,127675.08
2015-03-05,125700.99
2015-03-06,124449.98
2015-03-07,124063.39
2015-03-08,125141.47
2015-03-09,124513.73
2015-03-10,129504.95
2015-03-11,131960.41
2015-03-12,132932.13
2015-03-13,132662.27
2015-03-14,129278.61
2015-03-15,126852.48
2015-03-16,126389
2015-03-17,130075.13
2015-03-18,128352.18
2015-03-19,118210.41
2015-03-20,114959.37
2015-03-21,115741.94
2015-03-22,115433.93
2015-03-23,117692.29
2015-03-24,117734.69
2015-03-25,110609.77
2015-03-26,108708.06
2015-03-27,110071.41
2015-03-28,109012.3
2015-03-29,110909.86
2015-03-30,107125.69
2015-03-31,108607.09
2015-04-01,107158.91
2015-04-02,107263.17
2015-04-03,109759.11
2015-04-04,110594.65
2015-04-05,110172.37
2015-04-06,112125.03
2015-04-07,111098.87
2015-04-08,110214.58
2015-04-09,106812.24
2015-04-10,104081.09
2015-04-11,102101.96
2015-04-12,101881.03
2015-04-13,101774.74
2015-04-14,97904.81
2015-04-15,94592.67
2015-04-16,95156.55
2015-04-17,97711.31
2015-04-18,95617.63
2015-04-19,95224.61
2015-04-20,96203.57
2015-04-21,95539.4
2015-04-22,97766.92
2015-04-23,99928.58
2015-04-24,99735.09
2015-04-25,97159.56
2015-04-26,96329.46
2015-04-27,92399.26
2015-04-28,94730.77
2015-04-29,95008.94
2015-04-30,96192.5
2015-05-01,98673.02
2015-05-02,98182.17
2015-05-03,98553.52
2015-05-04,100680.27
2015-05-05,99720.66
2015-05-06,98470.41
2015-05-07,97182.24
2015-05-08,98153.11
2015-05-09,100920.11
2015-05-10,100241.13
2015-05-11,99791.1
2015-05-12,100268.76
2015-05-13,99916.14
2015-05-14,99254.51
2015-05-15,98299.8
2015-05-16,97910.68
2015-05-17,97408.88
2015-05-18,97336.92
2015-05-19,96415.28
2015-05-20,95951.59
2015-05-21,95882.97
2015-05-22,96353.04
2015-05-23,97775.19
2015-05-24,97724.75
2015-05-25,97911.48
2015-05-26,96728.46
2015-05-27,96436.61
2015-05-28,96307.57
2015-05-29,96278.93
2015-05-30,95054.46
2015-05-31,94369.62
2015-06-01,93396.86
2015-06-02,90380.98
2015-06-03,90626.04
2015-06-04,90672.01
2015-06-05,90293.35
2015-06-06,90184.31
2015-06-07,90326.39
2015-06-08,89548.87
2015-06-09,91105.01
2015-06-10,91610.51
2015-06-11,91244.11
2015-06-12,91401.41
2015-06-13,91498.85
2015-06-14,92934.78
2015-06-15,92492.31
2015-06-16,93456.15
2015-06-17,97123.52
2015-06-18,98484.93
2015-06-19,97365.54
2015-06-20,96440.91
2015-06-21,95757.45
2015-06-22,95396.85
2015-06-23,96155.67
2015-06-24,95317.18
2015-06-25,94144.51
2015-06-26,94376.93
2015-06-27,94208.87
2015-06-28,96411.43
2015-06-29,97181.91
2015-06-30,98440.23
2015-07-01,101102.61
2015-07-02,99612.65
2015-07-03,98318.37
2015-07-04,99142
2015-07-05,99192.55
2015-07-06,102765.67
2015-07-07,103482.22
2015-07-08,101475
2015-07-09,104297.47
2015-07-10,102051.52
2015-07-11,107776.06
2015-07-12,110142.31
2015-07-13,115574.75
2015-07-14,108529.6
2015-07-15,108254.98
2015-07-16,107616.85
2015-07-17,104053.13
2015-07-18,103418.07
2015-07-19,102412.24
2015-07-20,101366.36
2015-07-21,102649.38
2015-07-22,102541.8
2015-07-23,102064.61
2015-07-24,103203.62
2015-07-25,105225.27
2015-07-26,105969.83
2015-07-27,106979.31
2015-07-28,107257.17
2015-07-29,106778.66
2015-07-30,106088
2015-07-31,104775.36
2015-08-01,103480.39
2015-08-02,101834.67
2015-08-03,101798.44
2015-08-04,102051.72
2015-08-05,102619.29
2015-08-06,101624.79
2015-08-07,100219.81
2015-08-08,98822.26
2015-08-09,95847.54
2015-08-10,94371.56
2015-08-11,94343.15
2015-08-12,95532.47
2015-08-13,94713.53
2015-08-14,94189.65
2015-08-15,94394.48
2015-08-16,93600.87
2015-08-17,91709.73
2015-08-18,89238.72
2015-08-19,85446.58
2015-08-20,81259.76
2015-08-21,82529.69
2015-08-22,82113.73
2015-08-23,80025.06
2015-08-25,75561.66
2015-08-26,76783.11
2015-08-27,79253.3
2015-08-28,79263.34
2015-08-29,80492.95
2015-08-30,80301.93
2015-08-31,79771.49
2015-09-01,80239.28
2015-09-02,79754.24
2015-09-03,79439.32
2015-09-04,79053.19
2015-09-05,79772.33
2015-09-06,80921.94
2015-09-07,82915.41
2015-09-08,82890.35
2015-09-09,83818.62
2015-09-10,82491.85
2015-09-11,81875.76
2015-09-12,81462.88
2015-09-13,80760.13
2015-09-14,78894.75
2015-09-15,78230.15
2015-09-16,78118.09
2015-09-17,77760.99
2015-09-18,78697.77
2015-09-19,78592.34
2015-09-20,78182.16
2015-09-21,77957.06
2015-09-22,76997.69
2015-09-23,77330.78
2015-09-24,77358.73
2015-09-25,78419.83
2015-09-26,78670.51
2015-09-27,78695.59
2015-09-28,77876.3
2015-09-29,79385.35
2015-09-30,79123.01
2015-10-01,78762.69
2015-10-02,79229.92
2015-10-03,78795.39
2015-10-04,79191.75
2015-10-05,79188.97
2015-10-06,79248.37
2015-10-07,81071.71
2015-10-08,80586.86
2015-10-09,80149.54
2015-10-10,80314.99
2015-10-11,80510.87
2015-10-12,81576.39
2015-10-13,80415.63
2015-10-14,81363.08
2015-10-15,82433.04
2015-10-16,82996.1
2015-10-17,85939.81
2015-10-18,87405.09
2015-10-19,85699.37
2015-10-20,85471.94
2015-10-21,87175.88
2015-10-22,87768.49
2015-10-23,88128.34
2015-10-24,89185.65
2015-10-25,90404.34
2015-10-26,92455.32
2015-10-27,93830.17
2015-10-28,94046.85
2015-10-29,96400
2015-10-30,99286.01
2015-10-31,103781.73
2015-11-01,106166.07
2015-11-02,101810.4
2015-11-03,110104.49
2015-11-04,123889.28
2015-11-05,138375.41
2015-11-06,123807.31
2015-11-07,117033.99
2015-11-08,120630.91
2015-11-09,118878.54
2015-11-10,118392.21
2015-11-11,108118.43
2015-11-12,97965.67
2015-11-13,103051.39
2015-11-14,104167.34
2015-11-15,103728.76
2015-11-16,100876.86
2015-11-17,101532.32
2015-11-18,103764.63
2015-11-19,103465.24
2015-11-20,101538.18
2015-11-21,99107.01
2015-11-22,100325.71
2015-11-23,99534.94
2015-11-24,99173.16
2015-11-25,98432.2
2015-11-26,102744.94
2015-11-27,106050.64
2015-11-28,109009.82
2015-11-29,108690.39
2015-11-30,111565.97
2015-12-01,113587.83
2015-12-02,110556.35
2015-12-03,108450.54
2015-12-04,109493.1
2015-12-05,109289.89
2015-12-06,116961.29
2015-12-07,118222.24
2015-12-08,118509.13
2015-12-09,121310.82
2015-12-10,124733.51
2015-12-11,126434.97
2015-12-12,132670.88
2015-12-13,128547.67
2015-12-14,129603.51
2015-12-15,131287.55
2015-12-16,136529.96
2015-12-17,134494.35
2015-12-18,134145.16
2015-12-19,136046.27
2015-12-20,135814.82
2015-12-21,131312.9
2015-12-22,128046.35
2015-12-23,127810.68
2015-12-24,129237.33
2015-12-25,132454.46
2015-12-26,130042.51
2015-12-27,122869.95
2015-12-28,122110.92
2015-12-29,122359.55
2015-12-30,124218.57
2015-12-31,123886.41
2016-01-01,123769.26
2016-01-02,124946.7
2016-01-03,124786.09
2016-01-04,123323.79
2016-01-05,125170.12
2016-01-06,124033.45
2016-01-07,123240.47
2016-01-08,129839.39
2016-01-09,129478.65
2016-01-10,127498.82
2016-01-11,127281.93
2016-01-12,127287.75
2016-01-13,125473.65
2016-01-14,121834.38
2016-01-15,117847.73
2016-01-16,107557.01
2016-01-17,107628.84
2016-01-18,108039.15
2016-01-19,108129.11
2016-01-20,107825.41
2016-01-21,114718.98
2016-01-22,113661.06
2016-01-23,107775.17
2016-01-24,108872.24
2016-01-25,111319.51
2016-01-26,109199.54
2016-01-27,109123.53
2016-01-28,108588.26
2016-01-29,105237.72
2016-01-30,104253.08
2016-01-31,104133.45
2016-02-01,102987.13
2016-02-02,102310.79
2016-02-03,102458.14
2016-02-04,102041.1
2016-02-05,105396.56
2016-02-06,104798.56
2016-02-07,102500.51
2016-02-08,102128.91
2016-02-09,101341.15
2016-02-10,101617.11
2016-02-11,102788.19
2016-02-12,102132.81
2016-02-13,103699.86
2016-02-14,105928.07
2016-02-15,108579.59
2016-02-16,108051.09
2016-02-17,109425.42
2016-02-18,111715.64
2016-02-19,112319.42
2016-02-20,112681.76
2016-02-21,116287.97
2016-02-22,116556.76
2016-02-23,115513.99
2016-02-24,111851.8
2016-02-25,112040.24
2016-02-26,111853.31
2016-02-27,112991.36
2016-02-28,113637.47
2016-02-29,114056.78
2016-03-01,114491.01
2016-03-02,113505.74
2016-03-03,111351.91
2016-03-04,109491.9
2016-03-05,107137.05
2016-03-06,104418.53
2016-03-07,105607.09
2016-03-08,106901.03
2016-03-09,106739.73
2016-03-10,106745.77
2016-03-11,107545.3
2016-03-12,107815.67
2016-03-13,106154.48
2016-03-14,106256.17
2016-03-15,106491.54
2016-03-16,106614.23
2016-03-17,106760.79
2016-03-18,106672.33
2016-03-19,104424.95
2016-03-20,104153.92
2016-03-21,104660.77
2016-03-22,104781.79
2016-03-23,105816.89
2016-03-24,105771.69
2016-03-25,105299.36
2016-03-26,105382.4
2016-03-27,105582.88
2016-03-28,107012.8
2016-03-29,106169.9
2016-03-30,104429.31
2016-03-31,103790.29
2016-04-01,104164.18
2016-04-02,104331.02
2016-04-03,104700.82
2016-04-04,104557.03
2016-04-05,104518.78
2016-04-06,104929.71
2016-04-07,104690.94
2016-04-08,104481.1
2016-04-09,103717.44
2016-04-10,103434.07
2016-04-11,103918.86
2016-04-12,104265.72
2016-04-13,104695.77
2016-04-14,104201.24
2016-04-15,104369.03
2016-04-16,105308.78
2016-04-17,105405.91
2016-04-18,104695.79
2016-04-19,104654.22
2016-04-20,105971.5
2016-04-21,107473.67
2016-04-22,108904.65
2016-04-23,108491.24
2016-04-24,109326.65
2016-04-25,111149.01
2016-04-26,111678.25
2016-04-27,112309.32
2016-04-28,108260.31
2016-04-29,107832.31
2016-04-30,108992.96
2016-05-01,107866.06
2016-05-02,107934.37
2016-05-03,106424.6
2016-05-04,107247.69
2016-05-05,106644.04
2016-05-06,106943.72
2016-05-07,108656.09
2016-05-08,109110.75
2016-05-09,108907.77
2016-05-10,109075.03
2016-05-11,107214.72
2016-05-12,106968.89
2016-05-13,107139.78
2016-05-14,107418.33
2016-05-15,107366.76
2016-05-16,107697.37
2016-05-17,106676.36
2016-05-18,106422.99
2016-05-19,106144.72
2016-05-20,103401.3
2016-05-21,103266.59
2016-05-22,103229.04
2016-05-23,102475.45
2016-05-24,103119.67
2016-05-25,103721.28
2016-05-26,104251.24
2016-05-27,106039.69
2016-05-28,110916.84
2016-05-29,119704.29
2016-05-30,122766.63
2016-05-31,123194.32
2016-06-01,122287.55
2016-06-02,122915.09
2016-06-03,123983.95
2016-06-04,130000.74
2016-06-05,131028.86
2016-06-06,131636.82
2016-06-07,132969.05
2016-06-08,131519.46
2016-06-09,131879.75
2016-06-10,130899.97
2016-06-11,131467.93
2016-06-12,137755.35
2016-06-13,150395.89
2016-06-14,156864.86
2016-06-15,154326.6
2016-06-16,158001.52
2016-06-17,169772.94
2016-06-18,167809.9
2016-06-19,169489.77
2016-06-20,169818.97
2016-06-21,161868.07
2016-06-22,147949.66
2016-06-23,136663.39
2016-06-24,138413.13
2016-06-25,147044.36
2016-06-26,145993.08
2016-06-27,139964.98
2016-06-28,143394.05
2016-06-29,142147.76
2016-06-30,141313.85
2016-07-01,147365.72
2016-07-02,149056.01
2016-07-03,152000.97
2016-07-04,145858.44
2016-07-05,147885.54
2016-07-06,146561.29
2016-07-07,145871.68
2016-07-08,139390.5
2016-07-09,142810.56
2016-07-10,140998.07
2016-07-11,140871.8
2016-07-12,141169.12
2016-07-13,143766.96
2016-07-14,142342.4
2016-07-15,142740.07
2016-07-16,143305.04
2016-07-17,143461.58
2016-07-18,145907.77
2016-07-19,144799.39
2016-07-20,144133.58
2016-07-21,142735.12
2016-07-22,141979.83
2016-07-23,139782.59
2016-07-24,139786.01
2016-07-25,140554.05
2016-07-26,139321.57
2016-07-27,138655.78
2016-07-28,139043.26
2016-07-29,139039.17
2016-07-30,139047.04
2016-07-31,137560.14
2016-08-01,132427.76
2016-08-02,128370.84
2016-08-03,118149.33
2016-08-04,118349.22
2016-08-05,120419.76
2016-08-06,120234.59
2016-08-07,122538.1
2016-08-08,123588.88
2016-08-09,123073.57
2016-08-10,122345.61
2016-08-11,123481.75
2016-08-12,122502.81
2016-08-13,121813.92
2016-08-14,121042.68
2016-08-15,118344.56
2016-08-16,117606.38
2016-08-17,118792.47
2016-08-18,118157.26
2016-08-19,118156.67
2016-08-20,118285.16
2016-08-21,119229.05
2016-08-22,119301.85
2016-08-23,119778.65
2016-08-24,119089.32
2016-08-25,118216.87
2016-08-26,117578.56
2016-08-27,117573.17
2016-08-28,116088.02
2016-08-29,116569.74
2016-08-30,116673.72
2016-08-31,116847.69
2016-09-01,116137.66
2016-09-02,115877.65
2016-09-03,116297.07
2016-09-04,120044.76
2016-09-05,122590.62
2016-09-06,122246.24
2016-09-07,122741.21
2016-09-08,123572.58
2016-09-09,125088.83
2016-09-10,124608.45
2016-09-11,124500.06
2016-09-12,121846.56
2016-09-13,121177.64
2016-09-14,121446.78
2016-09-15,121255.53
2016-09-16,120684.62
2016-09-17,120571.98
2016-09-18,120302.3
2016-09-19,120740.35
2016-09-20,120486.33
2016-09-21,119101.2
2016-09-22,117705.14
2016-09-23,117560.86
2016-09-24,118323.39
2016-09-25,118202.38
2016-09-26,118087.07
2016-09-27,118907.96
2016-09-28,118555.37
2016-09-29,118261.55
2016-09-30,118302.93
2016-10-01,118725.21
2016-10-02,119539.36
2016-10-03,118868.99
2016-10-04,118993.88
2016-10-05,118525.91
2016-10-06,118634.28
2016-10-07,118592.94
2016-10-08,119245.08
2016-10-09,119266.55
2016-10-10,118830.65
2016-10-11,119693.37
2016-10-12,122895.14
2016-10-13,122471.14
2016-10-14,122267.91
2016-10-15,122594.55
2016-10-16,122451.95
2016-10-17,122639.74
2016-10-18,122013.04
2016-10-19,121321.37
2016-10-20,120055.71
2016-10-21,119927.3
2016-10-22,120670.75
2016-10-23,124169.55
2016-10-24,124064.57
2016-10-25,123769.7
2016-10-26,124477.01
2016-10-27,127834.75
2016-10-28,129430.79
2016-10-29,130591.87
2016-10-30,134034.22
2016-10-31,132100.78
2016-11-01,132578.79
2016-11-02,136625.24
2016-11-03,137463.26
2016-11-04,130763.06
2016-11-05,130870.76
2016-11-06,131654.23
2016-11-07,132139
2016-11-08,131391.51
2016-11-09,132529.5
2016-11-10,134157.09
2016-11-11,132664.65
2016-11-12,132399.34
2016-11-13,130128.3
2016-11-14,129725.14
2016-11-15,130496.24
2016-11-16,132267.86
2016-11-17,136850.33
2016-11-18,136943.37
2016-11-19,137818.17
2016-11-20,137630.39
2016-11-21,133924.69
2016-11-22,134904.87
2016-11-23,136166.25
2016-11-24,135069.77
2016-11-25,134026.24
2016-11-26,133877.88
2016-11-27,132935.74
2016-11-28,132427.64
2016-11-29,132532.48
2016-11-30,132597.1
2016-12-01,134177.32
2016-12-02,136365.78
2016-12-03,138560.59
2016-12-04,137594.31
2016-12-05,137180.32
2016-12-06,135133.25
2016-12-07,135890.08
2016-12-08,136839.85
2016-12-09,137160.91
2016-12-10,137552.77
2016-12-11,137408.65
2016-12-12,136940.71
2016-12-13,138133.61
2016-12-14,137987.91
2016-12-15,137667.84
2016-12-16,137588.18
2016-12-17,138327.48
2016-12-18,139116.61
2016-12-19,139125.88
2016-12-20,139229.96
2016-12-21,140646.82
2016-12-22,146249.55
2016-12-23,152161.11
2016-12-24,159046.89
2016-12-25,156122.79
2016-12-26,155870.57
2016-12-27,158163.82
2016-12-28,162984.92
2016-12-29,169085.26
2016-12-30,168055.69
2016-12-31,166543.19
2017-01-01,167821.75
2017-01-02,173000.66
2017-01-03,176298.48
2017-01-04,180057.63
2017-01-05,184516.4
2017-01-06,171007.38
2017-01-07,154649.94
2017-01-08,154542.97
2017-01-09,155455.77
2017-01-10,153820.03
2017-01-11,154964.56
2017-01-12,136346.25
2017-01-13,136770.39
2017-01-14,140053.22
2017-01-15,140114.54
2017-01-16,139364.47
2017-01-17,141055
2017-01-18,152170.57
2017-01-19,149499.77
2017-01-20,152157.01
2017-01-21,151356.32
2017-01-22,155656.88
2017-01-23,155770.05
2017-01-24,154104.12
2017-01-25,150783.62
2017-01-26,150373.61
2017-01-27,153134.7
2017-01-28,153823.85
2017-01-29,153943.6
2017-01-30,152809.7
2017-01-31,153614.49
2017-02-01,159639.67
2017-02-02,163106.76
2017-02-03,167603.3
2017-02-04,168731.78
2017-02-05,170829.2
2017-02-06,168036.64
2017-02-07,170054.48
2017-02-08,173876.64
2017-02-09,173854.89
2017-02-10,161406.93
2017-02-11,162705.27
2017-02-12,165411.36
2017-02-13,164167.9
2017-02-14,163448.87
2017-02-15,164980.34
2017-02-16,164549.41
2017-02-17,169191.98
2017-02-18,171974.68
2017-02-19,172352.8
2017-02-20,170985.43
2017-02-21,174936.5
2017-02-22,181835.86
2017-02-23,182393.09
2017-02-24,189023.44
2017-02-25,190964.06
2017-02-26,186689.69
2017-02-27,189068.64
2017-02-28,191738.12
2017-03-01,191657.23
2017-03-02,196230.8
2017-03-03,201378.55
2017-03-04,205743.28
2017-03-05,202811.47
2017-03-06,203110.25
2017-03-07,204054.45
2017-03-08,198069.08
2017-03-09,185272.12
2017-03-10,189307.53
2017-03-11,185753.1
2017-03-12,186419.88
2017-03-13,193250.28
2017-03-14,195693.51
2017-03-15,196626.54
2017-03-16,198043.64
2017-03-17,187507.18
2017-03-18,172986.4
2017-03-19,156224.34
2017-03-20,160715.69
2017-03-21,163366.75
2017-03-22,173548.04
2017-03-23,162709.97
2017-03-24,161960.81
2017-03-25,149607.85
2017-03-26,148674.25
2017-03-27,151112.22
2017-03-28,159870.3
2017-03-29,161837.97
2017-03-30,161238.84
2017-03-31,160816.23
2017-04-01,166103.05
2017-04-02,168126.15
2017-04-03,169620.31
2017-04-04,176629.6
2017-04-05,176159.38
2017-04-06,174505.97
2017-04-07,182014.09
2017-04-08,183260.98
2017-04-09,181872.24
2017-04-10,184898.4
2017-04-11,185528.66
2017-04-12,186873.34
2017-04-13,186164.82
2017-04-14,180194.07
2017-04-15,180599.11
2017-04-16,180506.32
2017-04-17,181042.92
2017-04-18,182825.86
2017-04-19,186033.41
2017-04-20,185184.15
2017-04-21,188931.36
2017-04-22,189736.04
2017-04-23,189985.59
2017-04-24,189789.9
2017-04-25,189703.04
2017-04-26,192224.22
2017-04-27,195719.19
2017-04-28,200292.41
2017-04-29,199969.7
2017-04-30,201692.49
2017-05-01,202805.9
2017-05-02,212348.9
2017-05-03,217900.24
2017-05-04,224245.09
2017-05-05,230148.14
2017-05-06,227169.21
2017-05-07,231625.2
2017-05-08,231902.64
2017-05-09,243636.92
2017-05-10,255819.38
2017-05-11,260838.84
2017-05-12,268955.17
2017-05-13,249859.82
2017-05-14,259571.67
2017-05-15,261788
2017-05-16,252409.72
2017-05-17,255698.49
2017-05-18,266179.66
2017-05-19,276759.86
2017-05-20,286541.56
2017-05-21,298246.94
2017-05-22,298080.45
2017-05-23,312970.56
2017-05-24,330665.71
2017-05-25,356141.42
2017-05-26,344897.99
2017-05-27,318136.06
2017-05-28,298754.84
2017-05-29,312910.93
2017-05-30,328487.62
2017-05-31,317875.28
2017-06-01,333161.26
2017-06-02,347465.48
2017-06-03,356532.93
2017-06-04,364595.85
2017-06-05,363616.71
2017-06-06,385419.4
2017-06-07,411810.79
2017-06-08,388236.41
2017-06-09,399585.27
2017-06-10,403016.74
2017-06-11,413273.4
2017-06-12,423917.78
2017-06-13,369950.77
2017-06-14,386805.26
2017-06-15,353232.05
2017-06-16,339119.04
2017-06-17,353863.31
2017-06-18,374125.44
2017-06-19,358664.73
2017-06-20,368238.76
2017-06-21,388115.51
2017-06-22,376528.08
2017-06-23,382311.92
2017-06-24,382431.12
2017-06-25,361772.65
2017-06-26,355815.68
2017-06-27,338503.43
2017-06-28,352743.18
2017-06-29,357443.06
2017-06-30,356198.86
2017-07-01,347013.46
2017-07-02,337660.72
2017-07-03,348352
2017-07-04,355834.73
2017-07-05,360738.36
2017-07-06,363632.37
2017-07-07,360720.89
2017-07-08,347268
2017-07-09,354254.94
2017-07-10,349021.53
2017-07-11,325959.83
2017-07-12,318954.28
2017-07-13,329561.59
2017-07-14,322069.11
2017-07-15,304177.52
2017-07-16,277911.36
2017-07-17,262810.52
2017-07-18,300429.15
2017-07-19,318997.34
2017-07-20,310712.13
2017-07-21,377647.31
2017-07-22,363411.66
2017-07-23,385945.14
2017-07-24,376553.25
2017-07-25,375897.53
2017-07-26,345780.99
2017-07-27,342148.72
2017-07-28,365374.39
2017-07-29,378555
2017-07-30,369565.42
2017-07-31,372218.75
2017-08-01,384717.19
2017-08-02,370955.27
2017-08-03,366472.59
2017-08-04,378178.09
2017-08-05,386533.98
2017-08-06,442099.65
2017-08-07,437655.25
2017-08-08,456975.78
2017-08-09,459710
2017-08-10,450556.45
2017-08-11,459937.1
2017-08-12,487301.91
2017-08-13,521460.78
2017-08-14,545208.08
2017-08-15,573963.37
2017-08-16,553157.61
2017-08-17,583955.87
2017-08-18,571024.45
2017-08-19,546525.16
2017-08-20,551509.35
2017-08-21,545168.56
2017-08-22,533501.72
2017-08-23,545072.09
2017-08-24,552005.54
2017-08-25,571173.32
2017-08-26,579330.29
2017-08-27,576280.41
2017-08-28,576127.6
2017-08-29,580092.24
2017-08-30,607306.54
2017-08-31,605175.11
2017-09-01,624639.77
2017-09-02,646032.35
2017-09-03,603286.37
2017-09-04,603124.1
2017-09-05,557849.45
2017-09-06,578320.29
2017-09-07,601856.04
2017-09-08,604479.97
2017-09-09,562052.77
2017-09-10,559062.57
2017-09-11,552240.09
2017-09-12,547378.16
2017-09-13,539681.01
2017-09-14,499076.12
2017-09-15,428729.3
2017-09-16,478903.11
2017-09-17,478602.41
2017-09-18,480012.67
2017-09-19,526157.35
2017-09-20,505609.52
2017-09-21,504250.06
2017-09-22,467661.94
2017-09-23,464712.36
2017-09-24,486685.38
2017-09-25,472582.68
2017-09-26,505635.75
2017-09-27,501173.8
2017-09-28,539458.19
2017-09-29,536962.16
2017-09-30,534696.2
2017-10-01,557871.13
2017-10-02,560536.77
2017-10-03,562771.71
2017-10-04,550997.78
2017-10-05,538836.3
2017-10-06,552089.39
2017-10-07,556272.73
2017-10-08,562615.54
2017-10-09,585059.24
2017-10-10,607687.22
2017-10-11,609670.66
2017-10-12,623325.43
2017-10-13,692854.45
2017-10-14,713489.85
2017-10-15,730377.83
2017-10-16,714580.27
2017-10-17,725979.44
2017-10-18,706405.26
2017-10-19,693241.69
2017-10-20,716134.35
2017-10-21,753837.36
2017-10-22,756894.48
2017-10-23,745619.7
2017-10-24,737588.54
2017-10-25,698915.7
2017-10-26,712685.73
2017-10-27,735997.79
2017-10-28,720428.36
2017-10-29,716395.79
2017-10-30,762527.22
2017-10-31,762985.91
2017-11-01,797667.11
2017-11-02,834727.33
2017-11-03,867334.82
2017-11-04,894336.99
2017-11-05,915664.62
2017-11-06,920346.54
2017-11-07,867961.06
2017-11-08,876022.96
2017-11-09,910436.36
2017-11-10,884803.5
2017-11-11,807709.74
2017-11-12,776419.61
2017-11-13,733858.97
2017-11-14,797390.68
2017-11-15,813008.29
2017-11-16,892957.5
2017-11-17,960224
2017-11-18,945345.71
2017-11-19,951286.24
2017-11-20,984331.84
2017-11-21,1006896.77
2017-11-22,991888.39
2017-11-23,1003045.77
2017-11-24,981495.16
2017-11-25,1000665.24
2017-11-26,1062185.28
2017-11-27,1131038.01
2017-11-28,1170673.74
2017-11-29,1201609.58
2017-11-30,1183841.34
2017-12-01,1193001.39
2017-12-02,1301941.18
2017-12-03,1317109.83
2017-12-04,1371600.28
2017-12-05,1384174.46
2017-12-06,1409714.54
2017-12-07,1615344.07
2017-12-08,1947158.74
2017-12-09,1877368.13
2017-12-10,1735462.8
2017-12-11,1822632.42
2017-12-12,2008665.11
2017-12-13,2064078.61
2017-12-14,1946207.21
2017-12-15,1968778.2
2017-12-16,2091522.28
2017-12-17,2281653.53
2017-12-18,2254488.56
2017-12-19,2245847.45
2017-12-20,2077748.42
2017-12-21,1953053.46
2017-12-22,1856690.68
2017-12-23,1660189.65
2017-12-24,1704551.69
2017-12-25,1647767.81
2017-12-26,1641470.94
2017-12-27,1844100.46
2017-12-28,1813547.04
2017-12-29,1696735.74
2017-12-30,1694900.73
2017-12-31,1480039.97
2018-01-01,1617611.58
2018-01-02,1575480.66
2018-01-03,1725504.02
2018-01-04,1768605.84
2018-01-05,1766142.77
2018-01-06,1968092.93
2018-01-07,1991042
2018-01-08,1871288.32
2018-01-09,1737784.16
2018-01-10,1672862.26
2018-01-11,1726205.79
2018-01-12,1522141.07
2018-01-13,1605593.06
2018-01-14,1640836.83
2018-01-15,1573724.85
2018-01-16,1566215.32
2018-01-17,1326414.72
2018-01-18,1270797.67
2018-01-19,1297147.24
2018-01-20,1328862.79
2018-01-21,1462595.77
2018-01-22,1324882.9
2018-01-23,1236858.43
2018-01-24,1242079.17
2018-01-25,1300975.6
2018-01-26,1272165.33
2018-01-27,1268789.56
2018-01-28,1301286.07
2018-01-29,1329672.19
2018-01-30,1269379.1
2018-01-31,1133928.61
2018-02-01,1154295.06
2018-02-02,1021557.89
2018-02-03,1000069.98
2018-02-04,1040215.2
2018-02-05,932555.78
2018-02-06,791441.89
2018-02-07,874304.36
2018-02-08,863517.53
2018-02-09,926332.77
2018-02-10,985527.43
2018-02-11,957401.68
2018-02-12,910061.64
2018-02-13,999367.97
2018-02-14,957039.81
2018-02-15,1058636.96
2018-02-16,1123881.96
2018-02-17,1135549.64
2018-02-18,1239333.05
2018-02-19,1163416.04
2018-02-20,1246601.89
2018-02-21,1245488.62
2018-02-22,1159520.65
2018-02-23,1085846.19
2018-02-24,1129769.62
2018-02-25,1072447.17
2018-02-26,1065372.8
2018-02-27,1145571.44
2018-02-28,1172401.39
2018-03-01,1139687.73
2018-03-02,1208056.57
2018-03-03,1221020.56
2018-03-04,1262444.47
2018-03-05,1265940.87
2018-03-06,1256985.51
2018-03-07,1182028.46
2018-03-08,1091551.79
2018-03-09,1025943.97
2018-03-10,1020024
2018-03-11,962842.94
2018-03-12,1047881.34
2018-03-13,998585.02
2018-03-14,1004781.99
2018-03-15,900245.82
2018-03-16,906984.09
2018-03-17,905176.63
2018-03-18,859557.73
2018-03-19,902542.93
2018-03-20,936587.97
2018-03-21,973383.41
2018-03-22,970957.86
2018-03-23,949565.61
2018-03-24,971960.36
2018-03-25,929174.12
2018-03-26,921210.89
2018-03-27,887948.26
2018-03-28,848105.99
2018-03-29,863223.88
2018-03-30,770514.28
2018-03-31,744749.85
2018-04-01,754277.1
2018-04-02,738599.12
2018-04-03,765843.35
2018-04-04,804057.01
2018-04-05,735614.65
2018-04-06,734306.98
2018-04-07,716560.89
2018-04-08,746558.46
2018-04-09,760104.45
2018-04-10,732602.59
2018-04-11,738260.25
2018-04-12,749856.09
2018-04-13,856677.39
2018-04-14,849352.22
2018-04-15,864815.94
2018-04-16,900103.37
2018-04-17,866675.83
2018-04-18,849167.83
2018-04-19,877615.87
2018-04-20,890064.05
2018-04-21,951922.64
2018-04-22,956369.44
2018-04-23,943412.74
2018-04-24,958303.95
2018-04-25,1033488.95
2018-04-26,946193.96
2018-04-27,992192.27
2018-04-28,955760.09
2018-04-29,999045.04
2018-04-30,1003959.94
2018-05-01,985756.28
2018-05-02,968112.53
2018-05-03,983356.87
2018-05-04,1030495.17
2018-05-05,1032109.78
2018-05-06,1045475.12
2018-05-07,1023647.44
2018-05-08,995662.67
2018-05-09,974829.88
2018-05-10,988483.01
2018-05-11,953938.65
2018-05-12,893279.55
2018-05-13,898836.29
2018-05-14,919645.29
2018-05-15,919719.01
2018-05-16,896628.27
2018-05-17,882809.15
2018-05-18,851689.29
2018-05-19,871057.07
2018-05-20,869504.04
2018-05-21,899625.85
2018-05-22,885888.06
2018-05-23,842626.6
2018-05-24,792013.04
2018-05-25,798133.73
2018-05-26,785184.14
2018-05-27,771269.68
2018-05-28,772538.16
2018-05-29,747632.01
2018-05-30,783978.41
2018-05-31,774419.11
2018-06-01,786258.12
2018-06-02,788777.71
2018-06-03,800810.19
2018-06-04,808144.4
2018-06-05,784505.21
2018-06-06,797036.76
2018-06-07,800747.6
2018-06-08,802793.08
2018-06-09,796225.07
2018-06-10,780562.75
2018-06-11,704796.17
2018-06-12,716475.46
2018-06-13,682304.13
2018-06-14,656447.73
2018-06-15,690733.5
2018-06-16,665563.61
2018-06-17,674364.14
2018-06-18,669896.13
2018-06-19,696964.58
2018-06-20,699343.19
2018-06-21,700644.26
2018-06-22,696336.77
2018-06-23,627702.88
2018-06-24,639434.82
2018-06-25,636481.79
2018-06-26,646329.43
2018-06-27,627077.4
2018-06-28,633424.39
2018-06-29,604807.37
2018-06-30,640129.41
2018-07-01,659106.97
2018-07-02,653937.33
2018-07-03,681001.86
2018-07-04,669566.11
2018-07-05,677177.82
2018-07-06,671542.03
2018-07-07,678384.26
2018-07-08,694286.54
2018-07-09,688035.31
2018-07-10,683131.45
2018-07-11,646012.97
2018-07-12,653619.88
2018-07-13,638750.76
2018-07-14,636025.12
2018-07-15,638585.55
2018-07-16,648643.47
2018-07-17,686560.08
2018-07-18,746363.92
2018-07-19,751804.02
2018-07-20,760152.36
2018-07-21,745859.06
2018-07-22,752614.25
2018-07-23,752192.72
2018-07-24,784721.05
2018-07-25,853800.17
2018-07-26,829574.8
2018-07-27,804447.69
2018-07-28,829983.45
2018-07-29,833925.06
2018-07-30,830538.38
2018-07-31,826425.28
2018-08-01,781541.17
2018-08-02,768482.64
2018-08-03,760393.23
2018-08-04,747915.88
2018-08-05,707204.49
2018-08-06,708987.92
2018-08-07,699905.4
2018-08-08,675903.36
2018-08-09,632619.39
2018-08-10,657762.33
2018-08-11,617705.67
2018-08-12,626415.52
2018-08-13,634581.3
2018-08-14,627674.34
2018-08-15,621762.97
2018-08-16,628721.28
2018-08-17,632649.17
2018-08-18,659204.41
2018-08-19,640242.39
2018-08-20,649142.21
2018-08-21,625771.36
2018-08-22,647391.42
2018-08-23,634941.42
2018-08-24,651685.12
2018-08-25,667298.39
2018-08-26,671279.52
2018-08-27,667904.77
2018-08-28,687831.77
2018-08-29,704075.11
2018-08-30,699686.27
2018-08-31,694046.39
2018-09-01,697224.14
2018-09-02,714021.4
2018-09-03,724192.7
2018-09-04,720033.75
2018-09-05,729515.18
2018-09-06,662407.81
2018-09-07,642641.32
2018-09-08,633445.57
2018-09-09,611539.01
2018-09-10,617193.34
2018-09-11,622915.09
2018-09-12,620166.56
2018-09-13,624615.01
2018-09-14,639986.44
2018-09-15,639244.59
2018-09-16,642094.7
2018-09-17,640189.06
2018-09-18,615700.76
2018-09-19,622913.1
2018-09-20,628279.41
2018-09-21,638491.35
2018-09-22,664054.56
2018-09-23,658745.84
2018-09-24,657056.55
2018-09-25,644604.28
2018-09-26,630041.77
2018-09-27,632686.09
2018-09-28,654527.3
2018-09-29,647317.49
2018-09-30,643331.48
2018-10-01,645787.76
2018-10-02,642398.72
2018-10-03,634499.42
2018-10-04,630956.32
2018-10-05,639194.04
2018-10-06,642665.41
2018-10-07,638825.04
2018-10-08,640393.63
2018-10-09,643819.39
2018-10-10,641772.43
2018-10-11,635482.47
2018-10-12,598647.97
2018-10-13,602190.91
2018-10-14,603038.57
2018-10-15,601625.12
2018-10-16,628580.39
2018-10-17,629850.93
2018-10-18,627644.8
2018-10-19,621578.02
2018-10-20,619004.77
2018-10-21,621909.9
2018-10-22,621363.18
2018-10-23,620444.09
2018-10-24,618702.02
2018-10-25,619871.18
2018-10-26,617468.56
2018-10-27,618033.1
2018-10-28,617515.08
2018-10-29,616999.68
2018-10-30,602940.59
2018-10-31,602566.1
2018-11-01,605638.37
2018-11-02,608844.61
2018-11-03,609247.58
2018-11-04,606907.61
2018-11-05,615594.54
2018-11-06,612889.27
2018-11-07,616728.78
2018-11-08,621691.29
2018-11-09,612295.72
2018-11-10,605109.18
2018-11-11,606114.87
2018-11-12,607593.67
2018-11-13,603788.9
2018-11-14,597960.52
2018-11-15,534800.67
2018-11-16,531690.49
2018-11-17,524983.12
2018-11-18,524173.23
2018-11-19,528008.98
2018-11-20,450911.83
2018-11-21,412119.31
2018-11-22,432007.75
2018-11-23,404264.82
2018-11-24,407298.04
2018-11-25,359808.42
2018-11-26,373417.94
2018-11-27,353121.98
2018-11-28,357732.6
2018-11-29,399209.4
2018-11-30,400808.26
2018-12-01,374835.62
2018-12-02,391361.06
2018-12-03,386509.61
2018-12-04,361258.88
2018-12-05,367806.32
2018-12-06,348584.11
2018-12-07,323368.18
2018-12-08,317888.53
2018-12-09,319988.04
2018-12-10,332743.79
2018-12-11,320677.02
2018-12-12,314250.09
2018-12-13,322336.54
2018-12-14,305911.51
2018-12-15,299446.32
2018-12-16,298563.29
2018-12-17,299647.56
2018-12-18,328332.37
2018-12-19,343280.28
2018-12-20,344350.86
2018-12-21,379833.2
2018-12-22,359457.38
2018-12-23,372559.03
2018-12-24,368913.33
2018-12-25,376075.93
2018-12-26,352216.39
2018-12-27,353317.11
2018-12-28,334732.34
2018-12-29,362268.07
2018-12-30,347691.22
2018-12-31,356512.04
2019-01-01,343336.95
2019-01-02,355286.72
2019-01-03,361468.03
2019-01-04,350965.64
2019-01-05,354236.42
2019-01-06,351695.99
2019-01-07,374632.95
2019-01-08,370375.34
2019-01-09,368839.26
2019-01-10,369104.13
2019-01-11,334623.78
2019-01-12,334610.6
2019-01-13,333488.38
2019-01-14,323409.19
2019-01-15,337475.96
2019-01-16,328874.34
2019-01-17,331152.15
2019-01-18,334081.97
2019-01-19,330878.12
2019-01-20,337567.24
2019-01-21,323691.48
2019-01-22,323157.74
2019-01-23,327180.74
2019-01-24,324862.28
2019-01-25,326428.59
2019-01-26,325198.6
2019-01-27,324629.09
2019-01-28,322087.97
2019-01-29,312894.89
2019-01-30,309406.98
2019-01-31,313749.98
2019-02-01,310890.63
2019-02-02,312912.07
2019-02-03,314631.4
2019-02-04,310651.04
2019-02-05,310117.72
2019-02-06,311650.52
2019-02-07,305340.63
2019-02-08,304430.64
2019-02-09,328479.79
2019-02-10,328286.2
2019-02-11,329845.74
2019-02-12,324596.79
2019-02-13,324374.68
2019-02-14,322948.17
2019-02-15,321528.56
2019-02-16,321863.76
2019-02-17,322912.41
2019-02-18,326951.11
2019-02-19,348956.4
2019-02-20,350154.17
2019-02-21,354196.34
2019-02-22,353397.94
2019-02-23,355068.62
2019-02-24,367347.75
2019-02-25,345888.64
2019-02-26,341986.55
2019-02-27,340051.67
2019-02-28,338424.49
2019-03-01,341942.78
2019-03-02,340805.97
2019-03-03,340360.62
2019-03-04,338172.31
2019-03-05,332646.23
2019-03-06,340651.02
2019-03-07,343289.24
2019-03-08,343900.25
2019-03-09,342208.8
2019-03-10,347935.15
2019-03-11,347216.59
2019-03-12,342913.49
2019-03-13,342197.67
2019-03-14,342022.55
2019-03-15,341624.34
2019-03-16,345119.01
2019-03-17,354165.82
2019-03-18,351525.13
2019-03-19,351186.74
2019-03-20,353179.31
2019-03-21,355458.98
2019-03-22,351641.01
2019-03-23,351121.11
2019-03-24,351474.66
2019-03-25,349735.68
2019-03-26,344424.82
2019-03-27,344330.41
2019-03-28,351756.65
2019-03-29,353017.63
2019-03-30,357702
2019-03-31,359225.79
2019-04-01,358608.47
2019-04-02,360545.85
2019-04-03,415494.17
2019-04-04,437633.1
2019-04-05,428620.08
2019-04-06,436542.51
2019-04-07,440746.01
2019-04-08,449766.91
2019-04-09,457328.62
2019-04-10,451794.43
2019-04-11,461135.45
2019-04-12,441714.29
2019-04-13,437242.04
2019-04-14,439561.85
2019-04-15,444065.41
2019-04-16,436618.38
2019-04-17,446279.84
2019-04-18,451405.54
2019-04-19,455326.14
2019-04-20,455334.51
2019-04-21,458079.8
2019-04-22,455398.56
2019-04-23,461796.58
2019-04-24,474167.63
2019-04-25,470275.01
2019-04-26,444802.32
2019-04-27,448457.12
2019-04-28,447771.66
2019-04-29,451539.19
2019-04-30,447047.17
2019-05-01,455203.65
2019-05-02,460137.35
2019-05-03,468824.31
2019-05-04,487336.51
2019-05-05,493866.21
2019-05-06,493086.42
2019-05-07,488468.2
2019-05-08,498234.84
2019-05-09,504220.73
2019-05-10,520349.68
2019-05-11,536669.42
2019-05-12,597315.97
2019-05-13,598944.11
2019-05-14,648303.63
2019-05-15,674637.91
2019-05-16,686590.4
2019-05-17,671403.27
2019-05-18,618101.55
2019-05-19,616380.27
2019-05-20,672872.44
2019-05-21,668797.66
2019-05-22,668734.66
2019-05-23,647400.8
2019-05-24,655252
2019-05-25,670841.18
2019-05-26,675835.91
2019-05-27,715920.46
2019-05-28,736281.65
2019-05-29,727408.63
2019-05-30,722105.82
2019-05-31,702696.44
2019-06-01,705603.6
2019-06-02,713354.65
2019-06-03,726803.73
2019-06-04,687752.27
2019-06-05,643765.34
