2013-04-01,1017300557
2013-04-02,1118667870
2013-04-03,1230734191
2013-04-04,1433204943
2013-04-05,1541438460
2013-04-06,1548150621
2013-04-07,1557305099
2013-04-08,1736718776.25
2013-04-09,2030940320
2013-04-10,2186159900
2013-04-11,1818990510.75
2013-04-12,1241317348.5
2013-04-13,1056779760
2013-04-14,1108472530.75
2013-04-15,1030732645
2013-04-16,951637706
2013-04-17,742864291.75
2013-04-18,981773551
2013-04-19,1115595926.25
2013-04-20,1330065408
2013-04-21,1377305037.5
2013-04-22,1308268989
2013-04-23,1376890819.5
2013-04-24,1521332158.5
2013-04-25,1627320091.5
2013-04-26,1587402702
2013-04-27,1484275536
2013-04-28,1426561073.25
2013-04-29,1477707222
2013-04-30,1496039972.5
2013-05-01,1533614460.75
2013-05-02,1302855355
2013-05-03,1175189346
2013-05-04,1042564746
2013-05-05,1231431200
2013-05-06,1281697450
2013-05-07,1286291103.75
2013-05-08,1197208710
2013-05-09,1259427390
2013-05-10,1256996283
2013-05-11,1308609720
2013-05-12,1284405573
2013-05-13,1274410780
2013-05-14,1306356994
2013-05-15,1272559216.5
2013-05-16,1238813319.75
2013-05-17,1291132820.5
2013-05-18,1357819848
2013-05-19,1361288920.5
2013-05-20,1345560678.25
2013-05-21,1350979123
2013-05-22,1357026282
2013-05-23,1359736731
2013-05-24,1395290451.75
2013-05-25,1459512834
2013-05-26,1466097801
2013-05-27,1494301475
2013-05-28,1443448720
2013-05-29,1434876691.5
2013-05-30,1449769513.5
2013-05-31,1445747991.5
2013-06-01,1438342785
2013-06-02,1443404581.5
2013-06-03,1368774928
2013-06-04,1339189403.75
2013-06-05,1358940122.5
2013-06-06,1368383098
2013-06-07,1343612075.25
2013-06-08,1256730540
2013-06-09,1211735064.75
2013-06-10,1120791420
2013-06-11,1185580711.5
2013-06-12,1215144469.5
2013-06-13,1225843784.75
2013-06-14,1178500382.25
2013-06-15,1132795955.5
2013-06-16,1131648780
2013-06-17,1128157721.25
2013-06-18,1143890601.5
2013-06-19,1202242821
2013-06-20,1214139608
2013-06-21,1252338030
2013-06-22,1224849733
2013-06-23,1203815095
2013-06-24,1172202187.5
2013-06-25,1149251800
2013-06-26,1166989901
2013-06-27,1164263278.5
2013-06-28,1144843815.5
2013-06-29,1056317255
2013-06-30,1075438556.25
2013-07-01,1081932189
2013-07-02,992577804.75
2013-07-03,1000297274
2013-07-04,889424712.5
2013-07-05,891225668.5
2013-07-06,773970309
2013-07-07,774288396
2013-07-08,809896887
2013-07-09,885977536.5
2013-07-10,851585691.5
2013-07-11,936871481.5
2013-07-12,1006446432
2013-07-13,1049448600
2013-07-14,1046842846.5
2013-07-15,1054543104.5
2013-07-16,1088038050
2013-07-17,1069579964.25
2013-07-18,1058582587.25
2013-07-19,998136651
2013-07-20,1017723011.25
2013-07-21,1005437277
2013-07-22,993398340
2013-07-23,999137907.5
2013-07-24,1021321970.5
2013-07-25,1031873707.5
2013-07-26,1049508951.75
2013-07-27,1058024805
2013-07-28,1046284278
2013-07-29,1093711212
2013-07-30,1104810437.5
2013-07-31,1122165177
2013-08-01,1163527428
2013-08-02,1138691762
2013-08-03,1138362524.5
2013-08-04,1135792875
2013-08-05,1145784906.5
2013-08-06,1144183460
2013-08-07,1158589546.5
2013-08-08,1129335009
2013-08-09,1115776394.25
2013-08-10,1099644711
2013-08-11,1101414314
2013-08-12,1131359328.5
2013-08-13,1149323679
2013-08-14,1168953610
2013-08-15,1201733000
2013-08-16,1182755250
2013-08-17,1170233790
2013-08-18,1205535148.25
2013-08-19,1209628251
2013-08-20,1251654336
2013-08-21,1290621260.5
2013-08-22,1319092540
2013-08-23,1309042038
2013-08-24,1289763535.5
2013-08-25,1305819168.75
2013-08-26,1312975467
2013-08-27,1328538021.5
2013-08-28,1417638406.5
2013-08-29,1413998832.5
2013-08-30,1401439366.5
2013-08-31,1486480742.25
2013-09-01,1562582686.5
2013-09-02,1535156735.75
2013-09-03,1538427555.5
2013-09-04,1543378752
2013-09-05,1477024791.5
2013-09-06,1425245512.5
2013-09-07,1408782829.25
2013-09-08,1411437366
2013-09-09,1412962568.75
2013-09-10,1458645201
2013-09-11,1478397720.75
2013-09-12,1507426275
2013-09-13,1526818480
2013-09-14,1516841271
2013-09-15,1490400949.5
2013-09-16,1501746703.75
2013-09-17,1497322535.75
2013-09-18,1518980314
2013-09-19,1516234071.75
2013-09-20,1491526832.25
2013-09-21,1481373153.25
2013-09-22,1476455552
2013-09-23,1480498173.75
2013-09-24,1469769525
2013-09-25,1479361676
2013-09-26,1495289811.5
2013-09-27,1501213560
2013-09-28,1527305438.75
2013-09-29,1564473840
2013-09-30,1527137105
2013-10-01,1528843278
2013-10-02,1504124355
2013-10-03,1311825493
2013-10-04,1448191470
2013-10-05,1487309812.5
2013-10-06,1465109768.25
2013-10-07,1480792982.5
2013-10-08,1473252967.5
2013-10-09,1502460960
2013-10-10,1511180212.5
2013-10-11,1528225344
2013-10-12,1573642572.25
2013-10-13,1563824884.5
2013-10-14,1602432139
2013-10-15,1638214524
2013-10-16,1677860880
2013-10-17,1737165757
2013-10-18,1755328474.5
2013-10-19,1878589183.75
2013-10-20,1988192941
2013-10-21,2034860232.75
2013-10-22,2182592975.5
2013-10-23,2323848072
2013-10-24,2376297440
2013-10-25,2206301707.5
2013-10-26,2113601555
2013-10-27,2219903792
2013-10-28,2247895818
2013-10-29,2327960540.5
2013-10-30,2401809475
2013-10-31,2368806891.25
2013-11-01,2452170390
2013-11-02,2425788750
2013-11-03,2437680608
2013-11-04,2532666545.5
2013-11-05,2720354896.25
2013-11-06,3118818167.5
2013-11-07,3203229640.5
2013-11-08,3525965047.5
2013-11-09,3993232474
2013-11-10,4047010344
2013-11-11,4016368008.75
2013-11-12,4072794332.5
2013-11-13,4297742081.5
2013-11-14,4869109245
2013-11-15,4962103390
2013-11-16,5481555072
2013-11-17,5340004739
2013-11-18,6056863504
2013-11-19,7850949125
2013-11-20,6547994043.75
2013-11-21,7741135828.25
2013-11-22,8349889444.75
2013-11-23,9287240135.25
2013-11-24,9250103248.75
2013-11-25,9304837181.75
2013-11-26,10269901216
2013-11-27,10858053102
2013-11-28,11610633520.5
2013-11-29,12645585681.25
2013-11-30,13291340208
2013-12-01,13205141404
2013-12-02,11480313120.5
2013-12-03,12450778496
2013-12-04,13046690804.5
2013-12-05,13182112174
2013-12-06,11988460513.5
2013-12-07,9383999183
2013-12-08,8828405705
2013-12-09,9890566849.25
2013-12-10,10861423240.5
2013-12-11,11462684456.25
2013-12-12,10572611557.5
2013-12-13,10835415709.75
2013-12-14,10683702693.25
2013-12-15,10415769946.25
2013-12-16,9801162327
2013-12-17,8576506725.25
2013-12-18,7566679947
2013-12-19,6828443481.25
2013-12-20,8432464727.5
2013-12-21,7610349495
2013-12-22,7586975007.5
2013-12-23,7655040438.75
2013-12-24,8070880207.5
2013-12-25,8142808572.75
2013-12-26,8547748173.25
2013-12-27,9265908961
2013-12-28,8949967287.5
2013-12-29,8841455943.75
2013-12-30,9050897901.5
2013-12-31,9240576534
2014-01-01,9283102000
2014-01-02,9413812912.5
2014-01-03,9906811208.25
2014-01-04,10004846375
2014-01-05,10562586016.25
2014-01-06,11699630747.5
2014-01-07,11483045385
2014-01-08,10305424002
2014-01-09,10324171440
2014-01-10,10318011976.5
2014-01-11,10873817030
2014-01-12,10994362873.5
2014-01-13,10511747693.75
2014-01-14,10365195875
2014-01-15,10230780658
2014-01-16,10626823017
2014-01-17,10372615404.75
2014-01-18,10037491609.75
2014-01-19,10283837245
2014-01-20,10509486252
2014-01-21,10751340965.5
2014-01-22,10703582862
2014-01-23,10497945685.5
2014-01-24,10259965879.5
2014-01-25,9909316320
2014-01-26,10525405680
2014-01-27,10936184084
2014-01-28,9698175677
2014-01-29,10174694400
2014-01-30,10132588654
2014-01-31,10140891382
2014-02-01,10209318840
2014-02-02,10446237005.75
2014-02-03,10262140660
2014-02-04,9998756199
2014-02-05,10396856050
2014-02-06,10077568088
2014-02-07,9713209275
2014-02-08,8852251270
2014-02-09,8420254861.5
2014-02-10,8513068681.25
2014-02-11,8341447740.25
2014-02-12,8202417855
2014-02-13,8098332389
2014-02-14,7619172220.5
2014-02-15,8173043998
2014-02-16,8040944511
2014-02-17,7550064499
2014-02-18,7756082588.75
2014-02-19,7634232964
2014-02-20,7729338332
2014-02-21,6990117469.5
2014-02-22,7061106684
2014-02-23,7467471816
2014-02-24,7393135543.5
2014-02-25,6807242310
2014-02-26,6586047374.75
2014-02-27,7233522625
2014-02-28,7211717319.75
2014-03-01,7076038645.5
2014-03-02,7049293779
2014-03-03,6947552585
2014-03-04,8258730942
2014-03-05,8295126875
2014-03-06,8179306290.25
2014-03-07,8222084091
2014-03-08,7833373800
2014-03-09,7694866627
2014-03-10,7959767022
2014-03-11,7829779292.5
2014-03-12,7865292878
2014-03-13,7924563566
2014-03-14,7996067695
2014-03-15,7859153552.25
2014-03-16,7878769715
2014-03-17,7896237532.75
2014-03-18,7803192880
2014-03-19,7691936964
2014-03-20,7646759894
2014-03-21,7318798639.25
2014-03-22,7254904463
2014-03-23,7054583985
2014-03-24,7083326481.25
2014-03-25,7219472388
2014-03-26,7083796385
2014-03-27,7302175237.5
2014-03-28,6447383805
2014-03-29,6303998736
2014-03-30,6252478933.75
2014-03-31,5815712385
2014-04-01,5759891280
2014-04-02,6027149371.5
2014-04-03,5657032012.5
2014-04-04,5577538849.75
2014-04-05,5647014482.5
2014-04-06,5769739256.25
2014-04-07,5807291328
2014-04-08,5673636207
2014-04-09,5689657254.75
2014-04-10,5523299358.5
2014-04-11,4883293470.5
2014-04-12,5237026934.5
2014-04-13,5333477980.25
2014-04-14,5228875960
2014-04-15,5886627603.75
2014-04-16,6338387707.75
2014-04-17,6565397489
2014-04-18,6310339616.25
2014-04-19,6093374153
2014-04-20,6289358992
2014-04-21,6320461286
2014-04-22,6270112257.5
2014-04-23,6201132689.25
2014-04-24,6175497510
2014-04-25,6107929957.5
2014-04-26,5854357797.75
2014-04-27,5814337210
2014-04-28,5593834584.25
2014-04-29,5581278290.25
2014-04-30,5634248445
2014-05-01,5672761393.5
2014-05-02,5788036127.25
2014-05-03,5700182508
2014-05-04,5549583388
2014-05-05,5532264015.25
2014-05-06,5483204306
2014-05-07,5445554707.5
2014-05-08,5582559656.25
2014-05-09,5585408600
2014-05-10,5689136072
2014-05-11,5757323790.75
2014-05-12,5605058312
2014-05-13,5600606589.75
2014-05-14,5589235574
2014-05-15,5660086673.5
2014-05-16,5683196743
2014-05-17,5703215898.25
2014-05-18,5706296687
2014-05-19,5688780585
2014-05-20,5889930608
2014-05-21,6122411134.75
2014-05-22,6277332349.5
2014-05-23,6628092757
2014-05-24,6713864834.25
2014-05-25,6858992168
2014-05-26,7258697761
2014-05-27,7455541044
2014-05-28,7351854356
2014-05-29,7335291896
2014-05-30,7487302606.5
2014-05-31,7798040948.75
2014-06-01,7957293442
2014-06-02,8189642736.5
2014-06-03,8278030830
2014-06-04,8491936836
2014-06-05,8220685184.25
2014-06-06,8414227468.75
2014-06-07,8370317971
2014-06-08,8398704410.75
2014-06-09,8340684283.75
2014-06-10,8358018298.5
2014-06-11,8390222971
2014-06-12,8209399453.5
2014-06-13,7802569939.5
2014-06-14,7646339932
2014-06-15,7361781498.75
2014-06-16,7435706142.25
2014-06-17,7669296712.5
2014-06-18,7772213654.5
2014-06-19,7793446329
2014-06-20,7748038779.5
2014-06-21,7638914530
2014-06-22,7650583270
2014-06-23,7747651065
2014-06-24,7600999318
2014-06-25,7561442962.5
2014-06-26,7337232453
2014-06-27,7501144346
2014-06-28,7721513602.5
2014-06-29,7857969339.5
2014-06-30,7728898320
2014-07-01,8183280921
2014-07-02,8384861355.75
2014-07-03,8421974634
2014-07-04,8287451567.5
2014-07-05,8212214190.5
2014-07-06,8176312175.25
2014-07-07,8231800866.25
2014-07-08,8100226117.5
2014-07-09,8090347735
2014-07-10,8105801465.25
2014-07-11,8032960920
2014-07-12,8170131911
2014-07-13,8231280495
2014-07-14,8147125500.5
2014-07-15,8084532624
2014-07-16,8095205580
2014-07-17,8047811327.25
2014-07-18,8098161558.75
2014-07-19,8141504163.75
2014-07-20,8181692112
2014-07-21,8129470443.75
2014-07-22,8092351461
2014-07-23,8100165215
2014-07-24,8001778465
2014-07-25,7872080643
2014-07-26,7839529984
2014-07-27,7775427825
2014-07-28,7739802315
2014-07-29,7631292002.25
2014-07-30,7621566281
2014-07-31,7469450850
2014-08-01,7569526496
2014-08-02,7777427183.75
2014-08-03,7694088048
2014-08-04,7666882099.5
2014-08-05,7692859807.5
2014-08-06,7652648036.25
2014-08-07,7644163065.5
2014-08-08,7689108891.75
2014-08-09,7750576984.5
2014-08-10,7717972356.25
2014-08-11,7736718682
2014-08-12,7601019048
2014-08-13,7291615624.5
2014-08-14,7201536591.5
2014-08-15,6773744962
2014-08-16,6565012520
2014-08-17,6708344962.5
2014-08-18,6531881780
2014-08-19,6126675530.5
2014-08-20,6338799944
2014-08-21,6637242191.25
2014-08-22,6846779610
2014-08-23,6748156140
2014-08-24,6599715644.5
2014-08-25,6696860592.75
2014-08-26,6634643440
2014-08-27,6740371335.25
2014-08-28,6716007128
2014-08-29,6720320360
2014-08-30,6719711253.75
2014-08-31,6639076315.25
2014-09-01,6374528501.25
2014-09-02,6323962502
2014-09-03,6316069987.5
2014-09-04,6307773234.75
2014-09-05,6450542122.5
2014-09-06,6395543392.5
2014-09-07,6381028020.75
2014-09-08,6394282958
2014-09-09,6259076478
2014-09-10,6238810000.5
2014-09-11,6371320902.25
2014-09-12,6303637568.25
2014-09-13,6291015095
2014-09-14,6342505504
2014-09-15,6332320037.5
2014-09-16,6289742970
2014-09-17,6045488426.25
2014-09-18,6041496440.25
2014-09-19,5669273904
2014-09-20,5297251135.25
2014-09-21,5424636775
2014-09-22,5354774010
2014-09-23,5320537893
2014-09-24,5657891910
2014-09-25,5659816396.5
2014-09-26,5464188953.75
2014-09-27,5322262349.25
2014-09-28,5339986339.5
2014-09-29,5118235749
2014-09-30,5020391040
2014-10-01,5128753077.5
2014-10-02,4976083098
2014-10-03,5014986834
2014-10-04,4831561308
2014-10-05,4470326951
2014-10-06,4206727203.75
2014-10-07,4456263032
2014-10-08,4421580750
2014-10-09,4617855360
2014-10-10,4895934620.5
2014-10-11,4808581089.75
2014-10-12,4898940248.25
2014-10-13,4945910301.5
2014-10-14,5128650174
2014-10-15,5386484394
2014-10-16,5255197944.5
2014-10-17,5113094802.5
2014-10-18,5099313998.25
2014-10-19,5193998051
2014-10-20,5206276881
2014-10-21,5111487949.75
2014-10-22,5072985776
2014-10-23,5122912564
2014-10-24,4862313466.5
2014-10-25,4787252414.25
2014-10-26,4677742436
2014-10-27,4704210814
2014-10-28,4732467936
2014-10-29,4754374495
2014-10-30,4572160425
2014-10-31,4599418515
2014-11-01,4521814372.25
2014-11-02,4390239692.5
2014-11-03,4365937091.25
2014-11-04,4394229192.5
2014-11-05,4416152306
2014-11-06,4593043194.5
2014-11-07,4672897920
2014-11-08,4622047492.5
2014-11-09,4640074102.25
2014-11-10,4820828020.5
2014-11-11,5054388120
2014-11-12,4947405116.5
2014-11-13,5583371003
2014-11-14,5652763470
2014-11-15,5357345600
2014-11-16,5128341232.5
2014-11-17,5224325632.5
2014-11-18,5254904302.5
2014-11-19,5089748362.75
2014-11-20,5095942828
2014-11-21,4891287185
2014-11-22,4747840237.25
2014-11-23,4806559143.75
2014-11-24,4913517892.5
2014-11-25,5121160590
2014-11-26,5117398958
2014-11-27,5006007080.25
2014-11-28,5009748514.5
2014-11-29,5082125287.5
2014-11-30,5100541249
2014-12-01,5119808888.25
2014-12-02,5143414057
2014-12-03,5174003483.25
2014-12-04,5122868575.5
2014-12-05,5051903972.25
2014-12-06,5058107410
2014-12-07,5094148356
2014-12-08,5098318288
2014-12-09,4968866467.5
2014-12-10,4788727188.75
2014-12-11,4731123088
2014-12-12,4759063038
2014-12-13,4789812243.75
2014-12-14,4726880693.25
2014-12-15,4778185768
2014-12-16,4631457458
2014-12-17,4502641971
2014-12-18,4368871089
2014-12-19,4256022999.75
2014-12-20,4291974992.5
2014-12-21,4456170536
2014-12-22,4397403268
2014-12-23,4500999555
2014-12-24,4565937285
2014-12-25,4436916749.25
2014-12-26,4346623002
2014-12-27,4451860132.5
2014-12-28,4322414981.25
2014-12-29,4325664699.5
2014-12-30,4296219159
2014-12-31,4234428863.25
2015-01-01,4332537962.5
2015-01-02,4311006672.5
2015-01-03,4309571021.25
2015-01-04,4010895256.75
2015-01-05,3718816968
2015-01-06,3715905803.75
2015-01-07,3873934813.75
2015-01-08,4020277279.5
2015-01-09,3935162302.5
2015-01-10,3812258377.5
2015-01-11,3799707184.5
2015-01-12,3688186699
2015-01-13,3688867043.5
2015-01-14,3219364095.75
2015-01-15,2636917004.5
2015-01-16,2866357855.75
2015-01-17,2867358039
2015-01-18,2749954423.5
2015-01-19,2872311925.5
2015-01-20,2964591423
2015-01-21,2907495752
2015-01-22,3024879000
2015-01-23,3195606417
2015-01-24,3196601851.5
2015-01-25,3388722581.75
2015-01-26,3448119210
2015-01-27,3771299788.75
2015-01-28,3605576526
2015-01-29,3315209240
2015-01-30,3196609146
2015-01-31,3155653942.5
2015-02-01,3082992885
2015-02-02,3082342763.5
2015-02-03,3180608150
2015-02-04,3160508458.25
2015-02-05,3127333338
2015-02-06,3021116082.5
2015-02-07,3066547264
2015-02-08,3138148880
2015-02-09,3088748102.75
2015-02-10,3048465564
2015-02-11,3038062896
2015-02-12,3045706330.5
2015-02-13,3061298168.75
2015-02-14,3273624516
2015-02-15,3482967967.5
2015-02-16,3316923141
2015-02-17,3251683672
2015-02-18,3343822941.25
2015-02-19,3294128649
2015-02-20,3321859970
2015-02-21,3368271600
2015-02-22,3388683547.5
2015-02-23,3297935245
2015-02-24,3317229294.75
2015-02-25,3307871520
2015-02-26,3296189019.75
2015-02-27,3279864656.25
2015-02-28,3508228599.75
2015-03-01,3573298968.75
2015-03-02,3521958373.75
2015-03-03,3724061187
2015-03-04,3890411733.75
2015-03-05,3837021583.5
2015-03-06,3806081548.75
2015-03-07,3801111775.5
2015-03-08,3840614742.25
2015-03-09,3828049821.75
2015-03-10,3989435985.75
2015-03-11,4072555271.5
2015-03-12,4110876658.25
2015-03-13,4109752948
2015-03-14,4011731365.5
2015-03-15,3942828972.5
2015-03-16,3934357658
2015-03-17,4056547735.25
2015-03-18,4009346147.5
2015-03-19,3698965312
2015-03-20,3604123430
2015-03-21,3634733968.25
2015-03-22,3630968342
2015-03-23,3708163957.5
2015-03-24,3716112701.25
2015-03-25,3496561368
2015-03-26,3441788929.5
2015-03-27,3490668480
2015-03-28,3462357937.5
2015-03-29,3528061393.25
2015-03-30,3413271841
2015-03-31,3466499040
2015-04-01,3426395380.5
2015-04-02,3436167559.5
2015-04-03,3522376124
2015-04-04,3555668925
2015-04-05,3547386738
2015-04-06,3616333444.75
2015-04-07,3589374466.75
2015-04-08,3567338175.75
2015-04-09,3463026723
2015-04-10,3380332025.25
2015-04-11,3321436885.75
2015-04-12,3319596620.5
2015-04-13,3320774436.75
2015-04-14,3200580479.25
2015-04-15,3097567720
2015-04-16,3121012847
2015-04-17,3209518208
2015-04-18,3145543057
2015-04-19,3137496828
2015-04-20,3174749784.5
2015-04-21,3158306079.25
2015-04-22,3237302266
2015-04-23,3314645099
2015-04-24,3314001456.5
2015-04-25,3233859646.5
2015-04-26,3211259462.5
2015-04-27,3085068266.25
2015-04-28,3168303705
2015-04-29,3182985078
2015-04-30,3228421277.5
2015-05-01,3317096340
2015-05-02,3305404498
2015-05-03,3322924238.75
2015-05-04,3399303408
2015-05-05,3372248250
2015-05-06,3335585760.5
2015-05-07,3297389067
2015-05-08,3335813280
2015-05-09,3435676455
2015-05-10,3417367049.25
2015-05-11,3407112270
2015-05-12,3429288852.5
2015-05-13,3422979176
2015-05-14,3405836452
2015-05-15,3378014154
2015-05-16,3369683193
2015-05-17,3357149548.5
2015-05-18,3359721502.5
2015-05-19,3332788648.5
2015-05-20,3322208771
2015-05-21,3324901930.5
2015-05-22,3345956416
2015-05-23,3400695294
2015-05-24,3403495333.5
2015-05-25,3415302488
2015-05-26,3379654341.75
2015-05-27,3375113424.25
2015-05-28,3376075257.5
2015-05-29,3380554309
2015-05-30,3343658180.5
2015-05-31,3325263054.75
2015-06-01,3295977468.75
2015-06-02,3195741726.25
2015-06-03,3210386463.5
2015-06-04,3217876795.25
2015-06-05,3209562562.5
2015-06-06,3210625159
2015-06-07,3220174990.5
2015-06-08,3196938192.5
2015-06-09,3257676444
2015-06-10,3281348253.5
2015-06-11,3275333462
2015-06-12,3286378151.75
2015-06-13,3295756142.25
2015-06-14,3352758258
2015-06-15,3342208016
2015-06-16,3383600440
2015-06-17,3522824746
2015-06-18,3579510242
2015-06-19,3545908608
2015-06-20,3519379044
2015-06-21,3499617960
2015-06-22,3491654495.75
2015-06-23,3527916315
2015-06-24,3503600625
2015-06-25,3465918330
2015-06-26,3479291826.5
2015-06-27,3478939044
2015-06-28,3565935225
2015-06-29,3599902660.5
2015-06-30,3652936347.5
2015-07-01,3760201569.75
2015-07-02,3712777950
2015-07-03,3671475345
2015-07-04,3708793546.5
2015-07-05,3716232176.75
2015-07-06,3856205898
2015-07-07,3892447568
2015-07-08,3826877719.5
2015-07-09,3945002229
2015-07-10,3869778390
2015-07-11,4097132765.5
2015-07-12,4198655366
2015-07-13,4417300345.5
2015-07-14,4159019752.5
2015-07-15,4159197921
2015-07-16,4145053155
2015-07-17,4017075826
2015-07-18,4002411578.75
2015-07-19,3972922919
2015-07-20,3941710749
2015-07-21,3998241240
2015-07-22,4000851530.5
2015-07-23,3988948799
2015-07-24,4039077809.25
2015-07-25,4124478707.5
2015-07-26,4159189164
2015-07-27,4205387454
2015-07-28,4224224447.5
2015-07-29,4213671367.5
2015-07-30,4199337994.5
2015-07-31,4157699703
2015-08-01,4117470175
2015-08-02,4063086147.5
2015-08-03,4067761077
2015-08-04,4085058453.75
2015-08-05,4118267655.5
2015-08-06,4088549703
2015-08-07,4042828168.75
2015-08-08,3992990076
2015-08-09,3877861786.75
2015-08-10,3822778582.5
2015-08-11,3828370689
2015-08-12,3882754673.5
2015-08-13,3855197525
2015-08-14,3839651899.25
2015-08-15,3853495305
2015-08-16,3825983416
2015-08-17,3753210296
2015-08-18,3657681210.25
2015-08-19,3507647178
2015-08-20,3340643198
2015-08-21,3397696494.5
2015-08-22,3385300096.75
2015-08-23,3303704460.25
2015-08-25,3128604937.5
2015-08-26,3183994756.25
2015-08-27,3291179388
2015-08-28,3296027295
2015-08-29,3352047785.5
2015-08-30,3348457776
2015-08-31,3330541788
2015-09-01,3355611256.25
2015-09-02,3340622666
2015-09-03,3336732344.25
2015-09-04,3325764477.5
2015-09-05,3360180543
2015-09-06,3413808028
2015-09-07,3502591246
2015-09-08,3507296668
2015-09-09,3554221690
2015-09-10,3506528628.5
2015-09-11,3489452980
2015-09-12,3480613132.5
2015-09-13,3457317127.5
2015-09-14,3384575766
2015-09-15,3364558197
2015-09-16,3367964160
2015-09-17,3359716781
2015-09-18,3407782900.5
2015-09-19,3409370648.5
2015-09-20,3395906066.5
2015-09-21,3390648384
2015-09-22,3354817053
2015-09-23,3374897964.75
2015-09-24,3381520428
2015-09-25,3433016556.5
2015-09-26,3449217328.5
2015-09-27,3455212475
2015-09-28,3424129098.75
2015-09-29,3495941672
2015-09-30,3490524242.5
2015-10-01,3480400020
2015-10-02,3506233767.5
2015-10-03,3492524747.75
2015-10-04,3514237954.5
2015-10-05,3518384636.25
2015-10-06,3526058913
2015-10-07,3613169718
2015-10-08,3598701167
2015-10-09,3585885549.25
2015-10-10,3599300015.25
2015-10-11,3615723361.5
2015-10-12,3669732639.25
2015-10-13,3623821156.25
2015-10-14,3672355580.5
2015-10-15,3727043505
2015-10-16,3759463398
2015-10-17,3899737630
2015-10-18,3973130960
2015-10-19,3901744738.5
2015-10-20,3898266724.5
2015-10-21,3983456302.5
2015-10-22,4017171511.5
2015-10-23,4040603308.5
2015-10-24,4095927008.75
2015-10-25,4158630000
2015-10-26,4260116131.25
2015-10-27,4330413309.25
2015-10-28,4347592028
2015-10-29,4464008516.25
2015-10-30,4606139763
2015-10-31,4823306507.25
2015-11-01,4942208875.5
2015-11-02,4747510861.5
2015-11-03,5144491485
2015-11-04,5801110983.75
2015-11-05,6495523345
2015-11-06,5824196883
2015-11-07,5516103776.75
2015-11-08,5694982796.25
2015-11-09,5621049416
2015-11-10,5608383070.5
2015-11-11,5130795209.25
2015-11-12,4657296020
2015-11-13,4907447864
2015-11-14,4968413632
2015-11-15,4955059305
2015-11-16,4826361903
2015-11-17,4866522131.25
2015-11-18,4981954880
2015-11-19,4976552816.75
2015-11-20,4891656870
2015-11-21,4782596218
2015-11-22,4849116662.5
2015-11-23,4818098038.5
2015-11-24,4808558645
2015-11-25,4780356831.5
2015-11-26,4997954855
2015-11-27,5168263712.5
2015-11-28,5321459657.5
2015-11-29,5314643040
2015-11-30,5462578526
2015-12-01,5573302957.75
2015-12-02,5434587060
2015-12-03,5341964268.75
2015-12-04,5402746208
2015-12-05,5402043165
2015-12-06,5792521384
2015-12-07,5865564650
2015-12-08,5891345741.5
2015-12-09,6043169281.5
2015-12-10,6227426362.5
2015-12-11,6326070345
2015-12-12,6651252331
2015-12-13,6458071130
2015-12-14,6523318000
2015-12-15,6623290037.5
2015-12-16,6902629811
2015-12-17,6813942184.5
2015-12-18,6809566810.5
2015-12-19,6919628471.25
2015-12-20,6920842510
2015-12-21,6704103408
2015-12-22,6551376429
2015-12-23,6552865470
2015-12-24,6639315777.5
2015-12-25,6817402214.25
2015-12-26,6703555617
2015-12-27,6344646752
2015-12-28,6316184173
2015-12-29,6340749780
2015-12-30,6448783647.75
2015-12-31,6442290114
2016-01-01,6445465402.5
2016-01-02,6514711714
2016-01-03,6516282644
2016-01-04,6449570725.5
2016-01-05,6558028320
2016-01-06,6510379409.5
2016-01-07,6479843102.5
2016-01-08,6839756168.25
2016-01-09,6832986027.5
2016-01-10,6740548626.5
2016-01-11,6739944636
2016-01-12,6753903738.5
2016-01-13,6670020560
2016-01-14,6488277344
2016-01-15,6286678261.5
2016-01-16,5747383126.25
2016-01-17,5762316971.25
2016-01-18,5795758371
2016-01-19,5812517666.25
2016-01-20,5806850794.5
2016-01-21,6192451155
2016-01-22,6147772215.75
2016-01-23,5841396737.5
2016-01-24,5911308730.5
2016-01-25,6055583823
2016-01-26,5952531090
2016-01-27,5960762535
2016-01-28,5943371317.5
2016-01-29,5771627133
2016-01-30,5729174415
2016-01-31,5733063800
2016-02-01,5679928716
2016-02-02,5654915745.5
2016-02-03,5677060628
2016-02-04,5665088533.5
2016-02-05,5862483227.25
2016-02-06,5841388160.5
2016-02-07,5725226470
2016-02-08,5716410138.75
2016-02-09,5684089584.25
2016-02-10,5711560692.75
2016-02-11,5789076376.75
2016-02-12,5764153788.75
2016-02-13,5862927918
2016-02-14,5998868788
2016-02-15,6159927033
2016-02-16,6141837487.5
2016-02-17,6230892672
2016-02-18,6374053733.25
2016-02-19,6420286499
2016-02-20,6453038304
2016-02-21,6671721222.75
2016-02-22,6699331743.75
2016-02-23,6651956272.5
2016-02-24,6453890352
2016-02-25,6476333150
2016-02-26,6478741620
2016-02-27,6556197199.5
2016-02-28,6604162329
2016-02-29,6640103944
2016-03-01,6678644838.75
2016-03-02,6634991857.5
2016-03-03,6523985862.75
2016-03-04,6428119760
2016-03-05,6302163821.25
2016-03-06,6153931473.75
2016-03-07,6233233508.5
2016-03-08,6319452074
2016-03-09,6320431462.5
2016-03-10,6333335127
2016-03-11,6391711667.25
2016-03-12,6418025932.5
2016-03-13,6327521561.25
2016-03-14,6342065317.5
2016-03-15,6367227652.5
2016-03-16,6385447781.75
2016-03-17,6404655344
2016-03-18,6410113948
2016-03-19,6284893440
2016-03-20,6277392636
2016-03-21,6317541133
2016-03-22,6335235423
2016-03-23,6408430097.75
2016-03-24,6415972101
2016-03-25,6397241392.5
2016-03-26,6411355167
2016-03-27,6433382291
2016-03-28,6529351040
2016-03-29,6489661157.5
2016-03-30,6396468352
2016-03-31,6368167121.25
2016-04-01,6401594298
2016-04-02,6423338670
2016-04-03,6457409831.25
2016-04-04,6458591851.25
2016-04-05,6467260957.5
2016-04-06,6504305280
2016-04-07,6500572368.75
2016-04-08,6498187530
2016-04-09,6460720101.5
2016-04-10,6453324180
2016-04-11,6493062820.5
2016-04-12,6526596496.5
2016-04-13,6565645974
2016-04-14,6546252751.5
2016-04-15,6568364544.5
2016-04-16,6638692601.25
2016-04-17,6654072701.25
2016-04-18,6619789443.5
2016-04-19,6628331297
2016-04-20,6723113042.75
2016-04-21,6830006291.5
2016-04-22,6932624547
2016-04-23,6917682310
2016-04-24,6980695244
2016-04-25,7107336157
2016-04-26,7153047841.75
2016-04-27,7206640434
2016-04-28,6958603314
2016-04-29,6943553152.5
2016-04-30,7031589348
2016-05-01,6970197947.5
2016-05-02,6984492393
2016-05-03,6898693123.5
2016-05-04,6963934176.25
2016-05-05,6936966980
2016-05-06,6967550316.75
2016-05-07,7090849914
2016-05-08,7130428893
2016-05-09,7127080999.5
2016-05-10,7149539397
2016-05-11,7039380425
2016-05-12,7034363106.75
2016-05-13,7056601832
2016-05-14,7086924000
2016-05-15,7095249993
2016-05-16,7128399694.5
2016-05-17,7073717164
2016-05-18,7069564893.75
2016-05-19,7064612678
2016-05-20,6893075978.5
2016-05-21,6895815525
2016-05-22,6905473344
2016-05-23,6865930155
2016-05-24,6920726112
2016-05-25,6973157562.5
2016-05-26,7020835775.5
2016-05-27,7152682626
2016-05-28,7495602870.25
2016-05-29,8102173950
2016-05-30,8321543976
2016-05-31,8365437438.75
2016-06-01,8316886560.5
2016-06-02,8373427151.25
2016-06-03,8459903342.25
2016-06-04,8884894755
2016-06-05,8967499410
2016-06-06,9022124664
2016-06-07,9128821546
2016-06-08,9043638813
2016-06-09,9082934487
2016-06-10,9030122158.5
2016-06-11,9084136897.5
2016-06-12,9532819809.75
2016-06-13,10425114447.5
2016-06-14,10895723450
2016-06-15,10737835808
2016-06-16,11014685067
2016-06-17,11858402892
2016-06-18,11743230856.5
2016-06-19,11883020760
2016-06-20,11926511106
2016-06-21,11388286555
2016-06-22,10428200315
2016-06-23,9648719625
2016-06-24,9789122829.75
2016-06-25,10416608262
2016-06-26,10359951030
2016-06-27,9946847628
2016-06-28,10206300264.25
2016-06-29,10132978551.75
2016-06-30,10088503705.75
2016-07-01,10537464520
2016-07-02,10674800288.5
2016-07-03,10900478199
2016-07-04,10473256213.75
2016-07-05,10634677062
2016-07-06,10555294778.25
2016-07-07,10521439125.75
2016-07-08,10068728343.5
2016-07-09,10331196578.75
2016-07-10,10213193979.5
2016-07-11,10216191204
2016-07-12,10253270472.75
2016-07-13,10457058224
2016-07-14,10367836285.63
2016-07-15,10412334685
2016-07-16,10467983498
2016-07-17,10494350400
2016-07-18,10687924121.88
2016-07-19,10623272635.13
2016-07-20,10589817624.75
2016-07-21,10503235778.88
2016-07-22,10462389367.5
2016-07-23,10315344328.5
2016-07-24,10329981946
2016-07-25,10399941751.5
2016-07-26,10324495510.75
2016-07-27,10290992215
2016-07-28,10335277513
2016-07-29,10350753720
2016-07-30,10367270432.88
2016-07-31,10270211816
2016-08-01,9902483393.5
2016-08-02,9614241883.75
2016-08-03,8863691534.25
2016-08-04,8893444306.88
2016-08-05,9062753637
2016-08-06,9062385761.75
2016-08-07,9248127761.25
2016-08-08,9340707113.63
2016-08-09,9316197562.88
2016-08-10,9273961100.25
2016-08-11,9374973868
2016-08-12,9315534800.25
2016-08-13,9277261512.75
2016-08-14,9231174406.25
2016-08-15,9037040982.5
2016-08-16,8993953136.88
2016-08-17,9098844317.5
2016-08-18,9063182926.38
2016-08-19,9076943771.13
2016-08-20,9100518893.63
2016-08-21,9185988109
2016-08-22,9202999202.25
2016-08-23,9253696854.38
2016-08-24,9214240277
2016-08-25,9159926358
2016-08-26,9123177140.75
2016-08-27,9135055580
2016-08-28,9030762641.25
2016-08-29,9078418980.75
2016-08-30,9100082309.63
2016-08-31,9127879556.13
2016-09-01,9084790473.63
2016-09-02,9077394019.5
2016-09-03,9122870613
2016-09-04,9427818480
2016-09-05,9639693484.75
2016-09-06,9627279930.38
2016-09-07,9679849603.75
2016-09-08,9759990147.5
2016-09-09,9893699067
2016-09-10,9869266549.38
2016-09-11,9872693079
2016-09-12,9673566669
2016-09-13,9633707655.63
2016-09-14,9669876487.5
2016-09-15,9668366120
2016-09-16,9636200875
2016-09-17,9639795835.5
2016-09-18,9632140740
2016-09-19,9678659040.25
2016-09-20,9671095785
2016-09-21,9573127323.5
2016-09-22,9474135094.88
2016-09-23,9474709554
2016-09-24,9548657514
2016-09-25,9550540118.75
2016-09-26,9553201396.88
2016-09-27,9633036600
2016-09-28,9619039365
2016-09-29,9608233660.88
2016-09-30,9625056636
2016-10-01,9672728556
2016-10-02,9751859424.38
2016-10-03,9708717667.25
2016-10-04,9733733483.88
2016-10-05,9710120395.63
2016-10-06,9733991184.75
2016-10-07,9745567147.75
2016-10-08,9813354249.75
2016-10-09,9829461513.75
2016-10-10,9806177805
2016-10-11,9889612261.25
2016-10-12,10169210490.25
2016-10-13,10148540955.5
2016-10-14,10145419260
2016-10-15,10186166733.75
2016-10-16,10187142444
2016-10-17,10214470942.75
2016-10-18,10175795647.5
2016-10-19,10133207628.75
2016-10-20,10039051060.5
2016-10-21,10043294052
2016-10-22,10120149670.25
2016-10-23,10427927931.25
2016-10-24,10432613214.75
2016-10-25,10422779145.75
2016-10-26,10497917869
2016-10-27,10797490427.75
2016-10-28,10951847604
2016-10-29,11065312830
2016-10-30,11371851694.5
2016-10-31,11220944050.63
2016-11-01,11276820620
2016-11-02,11637082288
2016-11-03,11724179897.25
2016-11-04,11168875390
2016-11-05,11191924542.5
2016-11-06,11273377320.63
2016-11-07,11329028850
2016-11-08,11281286841
2016-11-09,11397478908.75
2016-11-10,11554243912.25
2016-11-11,11442472387.5
2016-11-12,11435301748.5
2016-11-13,11254118591.63
2016-11-14,11232670024.13
2016-11-15,11316513578.75
2016-11-16,11486896446.63
2016-11-17,11902599638.25
2016-11-18,11929347953.88
2016-11-19,12023658038.5
2016-11-20,12023072745
2016-11-21,11714229462.25
2016-11-22,11816461536.75
2016-11-23,11943631560
2016-11-24,11865465737.13
2016-11-25,11793501830.5
2016-11-26,11798743605.5
2016-11-27,11733874665.5
2016-11-28,11704132375
2016-11-29,11732212795.5
2016-11-30,11755037525
2016-12-01,11911703456.25
2016-12-02,12123065046.38
2016-12-03,12336528271.25
2016-12-04,12270408386.5
2016-12-05,12250031935.5
2016-12-06,12084650366.25
2016-12-07,12171013670
2016-12-08,12276061175
2016-12-09,12322454602.5
2016-12-10,12374098453.5
2016-12-11,12376494321.75
2016-12-12,12350873426.25
2016-12-13,12475241234
2016-12-14,12481303140.63
2016-12-15,12468857192.25
2016-12-16,12477471885.38
2016-12-17,12561568118.25
2016-12-18,12648839156.5
2016-12-19,12665797468.63
2016-12-20,12693613218.75
2016-12-21,12840750760.5
2016-12-22,13373644630.5
2016-12-23,13935414435
2016-12-24,14586538754
2016-12-25,14335761076.88
2016-12-26,14328284800
2016-12-27,14557680700.75
2016-12-28,15022680166
2016-12-29,15607929666.5
2016-12-30,15535499756
2016-12-31,15417326901.63
2017-01-01,15554617515
2017-01-02,16052814058.88
2017-01-03,16383783042
2017-01-04,16758961488.5
2017-01-05,17200512859.25
2017-01-06,15963669900.63
2017-01-07,14460073177.5
2017-01-08,14470150801.5
2017-01-09,14575493006.25
2017-01-10,14440728260.63
2017-01-11,14570797221.5
2017-01-12,12838608280
2017-01-13,12896185609
2017-01-14,13222919230.25
2017-01-15,13245779530.5
2017-01-16,13189519341.25
2017-01-17,13367137057.5
2017-01-18,14440984494
2017-01-19,14206803610.5
2017-01-20,14480385906
2017-01-21,14423849300
2017-01-22,14852023011
2017-01-23,14880463620
2017-01-24,14739864592.5
2017-01-25,14443124499.13
2017-01-26,14424958912
2017-01-27,14712303727.13
2017-01-28,14799404806.88
2017-01-29,14830506867.63
2017-01-30,14742079852.5
2017-01-31,14840050887
2017-02-01,15443300149.75
2017-02-02,15807439263
2017-02-03,16266158081.5
2017-02-04,16398955436.88
2017-02-05,16625036454.25
2017-02-06,16377775312.5
2017-02-07,16594295859.37
2017-02-08,16990949416.25
2017-02-09,17012090466
2017-02-10,15818900010.5
2017-02-11,15968204557
2017-02-12,16254784525
2017-02-13,16151507706.25
2017-02-14,16104089615
2017-02-15,16278661673.63
2017-02-16,16256648279
2017-02-17,16739040438
2017-02-18,17038347187.5
2017-02-19,17099684215.25
2017-02-20,16984364231.25
2017-02-21,17400216677.63
2017-02-22,18109304042.38
2017-02-23,18188081197
2017-02-24,18875411617.63
2017-02-25,19098025905
2017-02-26,18699285423.63
2017-02-27,18967150282.5
2017-02-28,19259836590.63
2017-03-01,19278787739
2017-03-02,19765229376.5
2017-03-03,20312546771.25
2017-03-04,20781998326
2017-03-05,20511028252
2017-03-06,20569242311.88
2017-03-07,20691545285.75
2017-03-08,20112790766.25
2017-03-09,18837905625
2017-03-10,19274714580
2017-03-11,18940222163
2017-03-12,19034635246.88
2017-03-13,19759490300
2017-03-14,20035717031.25
2017-03-15,20159584579.88
2017-03-16,20331267121.5
2017-03-17,19276626859
2017-03-18,17809073222.5
2017-03-19,16105479783
2017-03-20,16590727125
2017-03-21,16885369042.5
2017-03-22,17960772637.5
2017-03-23,16863314331.88
2017-03-24,16807771702.13
2017-03-25,15547603368.13
2017-03-26,15468510349.5
2017-03-27,15737767546
2017-03-28,16668488492.5
2017-03-29,16897222171.13
2017-03-30,16855319774.25
2017-03-31,16835351978.25
2017-04-01,17409353466
2017-04-02,17641865728
2017-04-03,17819689471.75
2017-04-04,18582128268.75
2017-04-05,18553192009
2017-04-06,18405122659.88
2017-04-07,19221951424
2017-04-08,19381266240.75
2017-04-09,19257594811.25
2017-04-10,19603951453.25
2017-04-11,19694657361.63
2017-04-12,19866055423.5
2017-04-13,19815506068.75
2017-04-14,19201210750
2017-04-15,19268194060.5
2017-04-16,19283760218.25
2017-04-17,19364543546
2017-04-18,19577576375
2017-04-19,19945935308
2017-04-20,19879736608.88
2017-04-21,20306222251.88
2017-04-22,20422018520
2017-04-23,20474623026.38
2017-04-24,20479470598.5
2017-04-25,20492009014.25
2017-04-26,20790559482.25
2017-04-27,21196321753
2017-04-28,21718770635.25
2017-04-29,21709626543.75
2017-04-30,21928991260.38
2017-05-01,22078261169.25
2017-05-02,23147003880
2017-05-03,23784323660.25
2017-05-04,24504975258.75
2017-05-05,25185853702.5
2017-05-06,24886722896.38
2017-05-07,25410693098.38
2017-05-08,25476764218.5
2017-05-09,26806365358
2017-05-10,28184103645.75
2017-05-11,28772472957.38
2017-05-12,29701049515.5
2017-05-13,27627171200.75
2017-05-14,28738561853.5
2017-05-15,29023871040
2017-05-16,28023844627.5
2017-05-17,28420331758
2017-05-18,29623924385.38
2017-05-19,30837951406.25
2017-05-20,31971407573.63
2017-05-21,33322849268
2017-05-22,33345064726.88
2017-05-23,35053487681.25
2017-05-24,37086924346.13
2017-05-25,39995340676.13
2017-05-26,38785057235.75
2017-05-27,35820081858.38
2017-05-28,33685338006.38
2017-05-29,35329628841
2017-05-30,37134590852.63
2017-05-31,35988110367.25
2017-06-01,37769594226
2017-06-02,39446306226
2017-06-03,40524447335.75
2017-06-04,41506394066.25
2017-06-05,41449772570
2017-06-06,43993171821.38
2017-06-07,47064391640
2017-06-08,44430770112.5
2017-06-09,45790541115
2017-06-10,46240271662
2017-06-11,47470780844
2017-06-12,48749258783.5
2017-06-13,42593399590.63
2017-06-14,44584724768.25
2017-06-15,40760994614.75
2017-06-16,39181313016.38
2017-06-17,40933942863
2017-06-18,43328808250
2017-06-19,41584675093.13
2017-06-20,42747048438.38
2017-06-21,45103769378
2017-06-22,43806590165.25
2017-06-23,44529804694.38
2017-06-24,44599059625
2017-06-25,42237422346.75
2017-06-26,41580634203
2017-06-27,39602776893.75
2017-06-28,41312366505.75
2017-06-29,41914703545
2017-06-30,41808368313.38
2017-07-01,40778976868.75
2017-07-02,39726161998.5
2017-07-03,41032984833.75
2017-07-04,41960640994.38
2017-07-05,42586848468
2017-07-06,42975651805.5
2017-07-07,42678273717.25
2017-07-08,41132541362.63
2017-07-09,42007329729
2017-07-10,41421297232.5
2017-07-11,38730333528
2017-07-12,37945046671
2017-07-13,39256011349.75
2017-07-14,38404492702
2017-07-15,36307619790.38
2017-07-16,33204908288
2017-07-17,31435183984.75
2017-07-18,35975000497.5
2017-07-19,38246618707.5
2017-07-20,37294595686.25
2017-07-21,45383170900.5
2017-07-22,43724543850
2017-07-23,46489643151.88
2017-07-24,45400909076.25
2017-07-25,45379048575
2017-07-26,41788956521.63
2017-07-27,41396158517.5
2017-07-28,44256027339.5
2017-07-29,45902181592.5
2017-07-30,44860346564.25
2017-07-31,45224761128.75
2017-08-01,46792632049.25
2017-08-02,45156882498
2017-08-03,44657982592
2017-08-04,46127648297.5
2017-08-05,47207821700.38
2017-08-06,54058735328
2017-08-07,53562268491.75
2017-08-08,55989727422.75
2017-08-09,56395245953.75
2017-08-10,55328911175.88
2017-08-11,56538539824
2017-08-12,59966208986.25
2017-08-13,64236369865.25
2017-08-14,67237489605.5
2017-08-15,70851560010
2017-08-16,68361085607.5
2017-08-17,72237728163
2017-08-18,70733457984.38
2017-08-19,67773253558.5
2017-08-20,68468088518.75
2017-08-21,67745877211.88
2017-08-22,66353221363.75
2017-08-23,67838443566.75
2017-08-24,68783938947.75
2017-08-25,71223178081.38
2017-08-26,72293011175
2017-08-27,71970039640.63
2017-08-28,72035335125
2017-08-29,72601080605.63
2017-08-30,76093209210.25
2017-08-31,75921496266.5
2017-09-01,78458727617.63
2017-09-02,81249960361.5
2017-09-03,75949590925.75
2017-09-04,75997635264.38
2017-09-05,70379097633
2017-09-06,73044690540
2017-09-07,76101447519.38
2017-09-08,76515412128.38
2017-09-09,71229288541.5
2017-09-10,70915713194.38
2017-09-11,70109152175.13
2017-09-12,69566770397.75
2017-09-13,68656309914.38
2017-09-14,63554982687.5
2017-09-15,54655165097.63
2017-09-16,61120819017.75
2017-09-17,61135571640
2017-09-18,61361952096
2017-09-19,67320686940.38
2017-09-20,64763584849.13
2017-09-21,64642810208
2017-09-22,60011807400
2017-09-23,59682150331.63
2017-09-24,62552814045
2017-09-25,60784325350
2017-09-26,65090943571.88
2017-09-27,64578645693
2017-09-28,69577457812.5
2017-09-29,69331536721.13
2017-09-30,69110853640.5
2017-10-01,72164380112
2017-10-02,72572629690.5
2017-10-03,72942050206
2017-10-04,71500371275.75
2017-10-05,69980324732.5
2017-10-06,71768549009.25
2017-10-07,72389967046.88
2017-10-08,73285206113.88
2017-10-09,76287408498.13
2017-10-10,79323402665.25
2017-10-11,79672584178.25
2017-10-12,81540947087.5
2017-10-13,90735388637.5
2017-10-14,93532581402.75
2017-10-15,95846971878.75
2017-10-16,93892718418.75
2017-10-17,95500937910
2017-10-18,93035196929.5
2017-10-19,91403039778.75
2017-10-20,94541787302.75
2017-10-21,99647510760
2017-10-22,100166428683.75
2017-10-23,98804297627.75
2017-10-24,97857214873.75
2017-10-25,92842316956
2017-10-26,94793250904.5
2017-10-27,97986555069.75
2017-10-28,95987490803.75
2017-10-29,95508723184.88
2017-10-30,101772140426.13
2017-10-31,101944093346
2017-11-01,106686912563
2017-11-02,111773226172.75
2017-11-03,116268241550.5
2017-11-04,119994156753
2017-11-05,122972377827.25
2017-11-06,123730175516.75
2017-11-07,116802551491.88
2017-11-08,118021243207.25
2017-11-09,122785928492.25
2017-11-10,119461236136.5
2017-11-11,109149603354
2017-11-12,104983926624
2017-11-13,99288176328
2017-11-14,107994494245
2017-11-15,110211605255
2017-11-16,121185269736
2017-11-17,130456190106
2017-11-18,128590523089.63
2017-11-19,129527944225.25
2017-11-20,134184313974.38
2017-11-21,137430238445.5
2017-11-22,135555796822.13
2017-11-23,137230370363.13
2017-11-24,134438123398
2017-11-25,137213047412.38
2017-11-26,145813287458.63
2017-11-27,155438267075
2017-11-28,161084287245
2017-11-29,165531065769
2017-11-30,163291179137.63
2017-12-01,164757642194
2017-12-02,180045079028.5
2017-12-03,182352336600
2017-12-04,190137593238
2017-12-05,192136339429.13
2017-12-06,195934879858.13
2017-12-07,224821800833.63
2017-12-08,271296206545
2017-12-09,261867982525.5
2017-12-10,242376544633.75
2017-12-11,254851829288.88
2017-12-12,281211777490
2017-12-13,289295639748
2017-12-14,273137992448.75
2017-12-15,276669412045.13
2017-12-16,294276260766
2017-12-17,321419714570.5
2017-12-18,318006727836
2017-12-19,317194299441.75
2017-12-20,293746903880.75
2017-12-21,276389449300
2017-12-22,262995125687.25
2017-12-23,235422232250.38
2017-12-24,241952324976.5
2017-12-25,234146337917
2017-12-26,233474077626.63
2017-12-27,262556578580.63
2017-12-28,258495357141.63
2017-12-29,242106246181.25
2017-12-30,242123782057.5
2017-12-31,211644945338.75
2018-01-01,231578538663.75
2018-01-02,225791558669.88
2018-01-03,247585423827
2018-01-04,254051928811.13
2018-01-05,253999808429.63
2018-01-06,283330416560
2018-01-07,286970116454
2018-01-08,270013134737.5
2018-01-09,251038595235
2018-01-10,241936675727.5
2018-01-11,249939745908.75
2018-01-12,220689329087.13
2018-01-13,233075910719.63
2018-01-14,238428611154.5
2018-01-15,228921095027.63
2018-01-16,228066050091.38
2018-01-17,193358577990
2018-01-18,185465790855.75
2018-01-19,189536317048.75
2018-01-20,194389566462.5
2018-01-21,214229690527.13
2018-01-22,194311640220
2018-01-23,181614053776.88
2018-01-24,182604888939
2018-01-25,191498309695
2018-01-26,187469478976.5
2018-01-27,187167959802.75
2018-01-28,192162826207.5
2018-01-29,196560103772
2018-01-30,187828596552
2018-01-31,167966043703.63
2018-02-01,171118348945
2018-02-02,151604901300
2018-02-03,148579811211
2018-02-04,154700257891.75
2018-02-05,138845649481.5
2018-02-06,117990093489.25
2018-02-07,130494724831.63
2018-02-08,129009029425
2018-02-09,138515022729.75
2018-02-10,147502968269.25
2018-02-11,143428340226.88
2018-02-12,136467704902.5
2018-02-13,150024482253.75
2018-02-14,143825533136.25
2018-02-15,159277326544.88
2018-02-16,169242950395
2018-02-17,171168188010.75
2018-02-18,186982292935.75
2018-02-19,175703471113
2018-02-20,188461227248.75
2018-02-21,188461839948.25
2018-02-22,175638316670
2018-02-23,164620145396.5
2018-02-24,171439555932.25
2018-02-25,162891428794.5
2018-02-26,161938365109.5
2018-02-27,174284661662.25
2018-02-28,178547162536.75
2018-03-01,173743522792.13
2018-03-02,184369704746.25
2018-03-03,186504383778.75
2018-03-04,193043470522.5
2018-03-05,193757016680.25
2018-03-06,192568162114.13
2018-03-07,181263998691
2018-03-08,167557167500
2018-03-09,157647345452
2018-03-10,156883452750
2018-03-11,148219512244
2018-03-12,161464865779.5
2018-03-13,154011703380.5
2018-03-14,155104131307.5
2018-03-15,139060427886
2018-03-16,140194907671.5
2018-03-17,140008491696
2018-03-18,133014175081
2018-03-19,139756495620
2018-03-20,145122898894.38
2018-03-21,150917452492.5
2018-03-22,150638409239.5
2018-03-23,147419867452.75
2018-03-24,150998336270.5
2018-03-25,144434680245
2018-03-26,143266011052.5
2018-03-27,138183343211.88
2018-03-28,132076873913.38
2018-03-29,134511980753.5
2018-03-30,120140479648.5
2018-03-31,116195391109.5
2018-04-01,117743605465
2018-04-02,115347863186.25
2018-04-03,119666563357.25
2018-04-04,125724093525
2018-04-05,115096321632
2018-04-06,114962001198
2018-04-07,112260609834.75
2018-04-08,117029583515.25
2018-04-09,119204638958.13
2018-04-10,114967021303.75
2018-04-11,115933449705.5
2018-04-12,117826873563.38
2018-04-13,134717986805.63
2018-04-14,133661119201.75
2018-04-15,136186997641.88
2018-04-16,141862427332.75
2018-04-17,136704345414
2018-04-18,134039250402.5
2018-04-19,138619788616.75
2018-04-20,140681941364.25
2018-04-21,150563061194
2018-04-22,151374356181.88
2018-04-23,149403402393.75
2018-04-24,151868262744
2018-04-25,163935442330.13
2018-04-26,150206308395
2018-04-27,157626618607.13
2018-04-28,151962486280.13
2018-04-29,158944282951.5
2018-04-30,159821728964.63
2018-05-01,157033418303.5
2018-05-02,154321013743.5
2018-05-03,156865198829
2018-05-04,164515839058.5
2018-05-05,164906179704
2018-05-06,167154639312.5
2018-05-07,163767442651.38
2018-05-08,159413612074.5
2018-05-09,156197586116
2018-05-10,158494032814.5
2018-05-11,153060831720.5
2018-05-12,143444030878.38
2018-05-13,144424816170
2018-05-14,147843723777.75
2018-05-15,147957353907
2018-05-16,144338969382.5
2018-05-17,142207733048.63
2018-05-18,137288870526.63
2018-05-19,140513540202.75
2018-05-20,140334947222.63
2018-05-21,145267482627
2018-05-22,143147344607.75
2018-05-23,136243320703.13
2018-05-24,128150346791.13
2018-05-25,129218330841.25
2018-05-26,127205106336.75
2018-05-27,125008074480
2018-05-28,125268067914
2018-05-29,121310733607
2018-05-30,127293545344.5
2018-05-31,125822214313.88
2018-06-01,127835078602.88
2018-06-02,128333508644.25
2018-06-03,130363892028.5
2018-06-04,131657888910
2018-06-05,127951034310
2018-06-06,130107764601.25
2018-06-07,130824925268.25
2018-06-08,131277605250
2018-06-09,130299350912.5
2018-06-10,127805099758.5
2018-06-11,115463822643.13
2018-06-12,117453093553.13
2018-06-13,111951633900
2018-06-14,107790383376
2018-06-15,113496014268
2018-06-16,109436537682
2018-06-17,110933216037.5
2018-06-18,110247770420.5
2018-06-19,114772587006
2018-06-20,115260728967
2018-06-21,115586475613
2018-06-22,114944754453
2018-06-23,103686666688.13
2018-06-24,105675859807.88
2018-06-25,105238969377.75
2018-06-26,106957471599.38
2018-06-27,103865718195
2018-06-28,104995944842.25
2018-06-29,100314947540.25
2018-06-30,106242473741.25
2018-07-01,109478663769.38
2018-07-02,108683240232
2018-07-03,113274515623.5
2018-07-04,111454825609.38
2018-07-05,112801113754
2018-07-06,111931749621
2018-07-07,113142900225
2018-07-08,115849030924
2018-07-09,114869177190
2018-07-10,114144720696
2018-07-11,108031743172.5
2018-07-12,109390772992.5
2018-07-13,107001405607.5
2018-07-14,106641825244
2018-07-15,107164418743.13
2018-07-16,108914274553.75
2018-07-17,115356891965
2018-07-18,125507605249.25
2018-07-19,126552753796.88
2018-07-20,128046761920
2018-07-21,125728795916.5
2018-07-22,126938259639.38
2018-07-23,126926249135.63
2018-07-24,132527362816.13
2018-07-25,144312502194
2018-07-26,140351007107.88
2018-07-27,136197874948.75
2018-07-28,140639465228.63
2018-07-29,141391890467.25
2018-07-30,140891601168
2018-07-31,140290434812.5
2018-08-01,132776833436.88
2018-08-02,130666447973.75
2018-08-03,129378253350
2018-08-04,127354964976
2018-08-05,120491517237
2018-08-06,120858159212.25
2018-08-07,119402299003.13
2018-08-08,115406604819
2018-08-09,108091251795.13
2018-08-10,112463017312.5
2018-08-11,105696417520.75
2018-08-12,107248412232
2018-08-13,108702213350.63
2018-08-14,107599479594.75
2018-08-15,106669240670.88
2018-08-16,107939221260.75
2018-08-17,108686642486.5
2018-08-18,113328153063
2018-08-19,110125885135.5
2018-08-20,111710494109.25
2018-08-21,107763254260.13
2018-08-22,111558292111.75
2018-08-23,109486113234.88
2018-08-24,112444844837.5
2018-08-25,115292662631.25
2018-08-26,116045739285
2018-08-27,115524359322.5
2018-08-28,119057745954.88
2018-08-29,121961110082
2018-08-30,121282469117.5
2018-08-31,120388800708.75
2018-09-01,121024103410
2018-09-02,124018259508.75
2018-09-03,125848979081.25
2018-09-04,125210475448.5
2018-09-05,126945510142.5
2018-09-06,115350523889.25
2018-09-07,111989343312
2018-09-08,110468720684.5
2018-09-09,106710390570.5
2018-09-10,107756294884.5
2018-09-11,108828890004
2018-09-12,108425354844
2018-09-13,109274501592
2018-09-14,112039362305.5
2018-09-15,111994983284
2018-09-16,112560007716
2018-09-17,112280304250.63
2018-09-18,108055670117.5
2018-09-19,109400760926
2018-09-20,110419501039
2018-09-21,112291026977.25
2018-09-22,116878859887.5
2018-09-23,116014172661.38
2018-09-24,115780107215.5
2018-09-25,113658136717.88
2018-09-26,111168982834
2018-09-27,111710622843.63
2018-09-28,115646273575
2018-09-29,114451849959.5
2018-09-30,113813231623
2018-10-01,114309079937.13
2018-10-02,113794136335.88
2018-10-03,112477151074.5
2018-10-04,111922417847.5
2018-10-05,113457936783.38
2018-10-06,114151870523.63
2018-10-07,113537337665.5
2018-10-08,113890859892
2018-10-09,114580074091.63
2018-10-10,114290437592.25
2018-10-11,113249887425
2018-10-12,106769371617.75
2018-10-13,107487721554
2018-10-14,107707203076.5
2018-10-15,107517031443.38
2018-10-16,112427696160
2018-10-17,112740639104.25
2018-10-18,112431128004
2018-10-19,111428029455.75
2018-10-20,111051917056
2018-10-21,111647665703.25
2018-10-22,111614920192.13
2018-10-23,111535511141.5
2018-10-24,111308276541.75
2018-10-25,111594263954.25
2018-10-26,111245964998
2018-10-27,111436416494.25
2018-10-28,111415944646.88
2018-10-29,111390410176.88
2018-10-30,108935308564.25
2018-10-31,108951386566.88
2018-11-01,109592175901
2018-11-02,110261553949.5
2018-11-03,110426862306.25
2018-11-04,110084512548
2018-11-05,111735302745.38
2018-11-06,111332115108
2018-11-07,112110878606.75
2018-11-08,113101452114.75
2018-11-09,111475029314
2018-11-10,110249304527.5
2018-11-11,110503917735
2018-11-12,110848888653.75
2018-11-13,110240522721.75
2018-11-14,109252030858.75
2018-11-15,97788235510.13
2018-11-16,97296506280
2018-11-17,96141581352
2018-11-18,96059138298.5
2018-11-19,96820841796.25
2018-11-20,82743742160
2018-11-21,75688083712.5
2018-11-22,79393175255.63
2018-11-23,74351912550.75
2018-11-24,74964135890
2018-11-25,66271969925.63
2018-11-26,68824678120
2018-11-27,65128076491.75
2018-11-28,66025632101
2018-11-29,73731817215.5
2018-11-30,74075284198.5
2018-12-01,69318847949
2018-12-02,72424260452
2018-12-03,71568515092.75
2018-12-04,66936505405
2018-12-05,68201855694.5
2018-12-06,64682408086.5
2018-12-07,60048943837.5
2018-12-08,59073739293.38
2018-12-09,59501403808
2018-12-10,61911903159
2018-12-11,59709324276
2018-12-12,58553579585.25
2018-12-13,60102187170.38
2018-12-14,57080694458
2018-12-15,55918795244
2018-12-16,55793736168
2018-12-17,56029937445.25
2018-12-18,61442696320.25
2018-12-19,64285787025
2018-12-20,64539318920.63
2018-12-21,71245153602
2018-12-22,67473176853.25
2018-12-23,69982718998.5
2018-12-24,69343484870
2018-12-25,70741318477.38
2018-12-26,66296526220
2018-12-27,66550666565.25
2018-12-28,63099580883.63
2018-12-29,68344376255
2018-12-30,65638971463.5
2018-12-31,67348996456.5
2019-01-01,64905505545.5
2019-01-02,67205318593
2019-01-03,68423578271.75
2019-01-04,66485439136.25
2019-01-05,67153343389.13
2019-01-06,66716859231.25
2019-01-07,71108542091.13
2019-01-08,70350230013
2019-01-09,70109600771.38
2019-01-10,70211308121.25
2019-01-11,63700090315.13
2019-01-12,63744234439.38
2019-01-13,63570496666.88
2019-01-14,61685007049
2019-01-15,64414076661
2019-01-16,62816715740.63
2019-01-17,63297769209.5
2019-01-18,63902797623.13
2019-01-19,63334419716.13
2019-01-20,64655372374.5
2019-01-21,62037190779.5
2019-01-22,61978936697.88
2019-01-23,62793179880.75
2019-01-24,62395007173.88
2019-01-25,62741198500.75
2019-01-26,62548391161.38
2019-01-27,62484553654.25
2019-01-28,62031859023.75
2019-01-29,60306675646.75
2019-01-30,59677220946.38
2019-01-31,60559411423
2019-02-01,60054226237.5
2019-02-02,60492551974.25
2019-02-03,60867658568.75
2019-02-04,60135801015.5
2019-02-05,60076585209.38
2019-02-06,60419299442.25
2019-02-07,59246155660.5
2019-02-08,59117334127.5
2019-02-09,63837429020.13
2019-02-10,63843732011.5
2019-02-11,64187059329.75
2019-02-12,63215166076.25
2019-02-13,63223038975.25
2019-02-14,62998975795
2019-02-15,62770291500
2019-02-16,62878758075.25
2019-02-17,63129137546.88
2019-02-18,63963136426
2019-02-19,68324036842.75
2019-02-20,68614150365.5
2019-02-21,69458315650.25
2019-02-22,69349118126.25
2019-02-23,69735512258.5
2019-02-24,72197471733.75
2019-02-25,68026600376.75
2019-02-26,67311355120
2019-02-27,66987883453.5
2019-02-28,66718180462.5
2019-03-01,67467027612.38
2019-03-02,67354128112.5
2019-03-03,67315306106.63
2019-03-04,66929798448.13
2019-03-05,65884338877.5
2019-03-06,67519284032.25
2019-03-07,68094320981.63
2019-03-08,68262373623
2019-03-09,67973444807.5
2019-03-10,69151640613.5
2019-03-11,69044574632.63
2019-03-12,68239720216.5
2019-03-13,68144311642.5
2019-03-14,68160875385.38
2019-03-15,68133558672
2019-03-16,68880128843.38
2019-03-17,70728484680
2019-03-18,70238247183
2019-03-19,70220942077.5
2019-03-20,70672054521.75
2019-03-21,71182990340.25
2019-03-22,70468162430.63
2019-03-23,70415131176.5
2019-03-24,70525730344.88
2019-03-25,70215235792.88
2019-03-26,69200874181.13
2019-03-27,69235106784.25
2019-03-28,70788202531
2019-03-29,71102046361.5
2019-03-30,72107131543.13
2019-03-31,72471733603
2019-04-01,72402934798.13
2019-04-02,72850658425.5
2019-04-03,84028795243
2019-04-04,88580064950.75
2019-04-05,86825356904.25
2019-04-06,88511516574
2019-04-07,89434619041.25
2019-04-08,91334041285.5
2019-04-09,92948259474
2019-04-10,91894682432.5
2019-04-11,93873517212
2019-04-12,89999465714.88
2019-04-13,89161895290.5
2019-04-14,89698518548.75
2019-04-15,90679616966.75
2019-04-16,89233174439.75
2019-04-17,91284737803.88
2019-04-18,92406039070.88
2019-04-19,93287145245.25
2019-04-20,93368864936.75
2019-04-21,94003275251.63
2019-04-22,93532681832.63
2019-04-23,94914643118.75
2019-04-24,97523130613.88
2019-04-25,96812814868
2019-04-26,91642884994.38
2019-04-27,92476864392.5
2019-04-28,92404196485
2019-04-29,93248226929
2019-04-30,92406066842.25
2019-05-01,94170875848.88
2019-05-02,95275949527
2019-05-03,97165196433
2019-05-04,101088875101
2019-05-05,102517015670
2019-05-06,102428214523.25
2019-05-07,101554644945
2019-05-08,103661390555.5
2019-05-09,104997859407
2019-05-10,108450232531.88
2019-05-11,111932322169.25
2019-05-12,124672775131.5
2019-05-13,125123983738.5
2019-05-14,135559980513.25
2019-05-15,141186638892.38
2019-05-16,143808951005
2019-05-17,140744397885
2019-05-18,129683046850
2019-05-19,129433551520
2019-05-20,141414037197.75
2019-05-21,140678740116
2019-05-22,140788347888.13
2019-05-23,136420623979
2019-05-24,138196167293.25
2019-05-25,141606674128.13
2019-05-26,142766043618.75
2019-05-27,151347725235
2019-05-28,155791816913
2019-05-29,154058091820.13
2019-05-30,153080534761.87
2019-05-31,149097513407.5
2019-06-01,149815801818.25
2019-06-02,151589198855.75
2019-06-03,154555964549.5
2019-06-04,146349897621
2019-06-05,137108544946.5
