2013-04-01,3.43
2013-04-02,3.75
2013-04-03,4.1
2013-04-04,4.73
2013-04-05,5.05
2013-04-06,5.04
2013-04-07,5.02
2013-04-08,5.56
2013-04-09,6.43
2013-04-10,6.88
2013-04-11,5.7
2013-04-12,3.87
2013-04-13,3.27
2013-04-14,3.41
2013-04-15,3.14
2013-04-16,2.86
2013-04-17,2.22
2013-04-18,2.9
2013-04-19,3.27
2013-04-20,3.87
2013-04-21,3.98
2013-04-22,3.75
2013-04-23,3.9
2013-04-24,4.28
2013-04-25,4.55
2013-04-26,4.4
2013-04-27,4.08
2013-04-28,3.89
2013-04-29,3.96
2013-04-30,3.96
2013-05-01,4.04
2013-05-02,3.41
2013-05-03,3.05
2013-05-04,2.69
2013-05-05,3.14
2013-05-06,3.24
2013-05-07,3.22
2013-05-08,2.96
2013-05-09,3.07
2013-05-10,3.04
2013-05-11,3.13
2013-05-12,3.06
2013-05-13,3.01
2013-05-14,3.05
2013-05-15,2.95
2013-05-16,2.85
2013-05-17,2.94
2013-05-18,3.08
2013-05-19,3.08
2013-05-20,3.03
2013-05-21,3.01
2013-05-22,3.01
2013-05-23,3
2013-05-24,3.06
2013-05-25,3.19
2013-05-26,3.19
2013-05-27,3.24
2013-05-28,3.12
2013-05-29,3.09
2013-05-30,3.11
2013-05-31,3.09
2013-06-01,3.06
2013-06-02,3.06
2013-06-03,2.9
2013-06-04,2.83
2013-06-05,2.86
2013-06-06,2.86
2013-06-07,2.81
2013-06-08,2.62
2013-06-09,2.52
2013-06-10,2.33
2013-06-11,2.46
2013-06-12,2.51
2013-06-13,2.52
2013-06-14,2.42
2013-06-15,2.32
2013-06-16,2.32
2013-06-17,2.31
2013-06-18,2.33
2013-06-19,2.45
2013-06-20,2.47
2013-06-21,2.54
2013-06-22,2.49
2013-06-23,2.44
2013-06-24,2.37
2013-06-25,2.32
2013-06-26,2.35
2013-06-27,2.34
2013-06-28,2.3
2013-06-29,2.12
2013-06-30,2.15
2013-07-01,2.16
2013-07-02,1.98
2013-07-03,1.99
2013-07-04,1.76
2013-07-05,1.76
2013-07-06,1.53
2013-07-07,1.53
2013-07-08,1.6
2013-07-09,1.74
2013-07-10,1.67
2013-07-11,1.83
2013-07-12,1.96
2013-07-13,2.04
2013-07-14,2.03
2013-07-15,2.04
2013-07-16,2.1
2013-07-17,2.06
2013-07-18,2.04
2013-07-19,1.92
2013-07-20,1.95
2013-07-21,1.92
2013-07-22,1.9
2013-07-23,1.91
2013-07-24,1.94
2013-07-25,1.96
2013-07-26,1.99
2013-07-27,2.01
2013-07-28,1.98
2013-07-29,2.07
2013-07-30,2.09
2013-07-31,2.12
2013-08-01,2.2
2013-08-02,2.13
2013-08-03,2.13
2013-08-04,2.12
2013-08-05,2.14
2013-08-06,2.14
2013-08-07,2.16
2013-08-08,2.1
2013-08-09,2.07
2013-08-10,2.04
2013-08-11,2.04
2013-08-12,2.09
2013-08-13,2.13
2013-08-14,2.17
2013-08-15,2.23
2013-08-16,2.19
2013-08-17,2.16
2013-08-18,2.23
2013-08-19,2.23
2013-08-20,2.3
2013-08-21,2.37
2013-08-22,2.42
2013-08-23,2.4
2013-08-24,2.36
2013-08-25,2.39
2013-08-26,2.4
2013-08-27,2.43
2013-08-28,2.59
2013-08-29,2.58
2013-08-30,2.55
2013-08-31,2.7
2013-09-01,2.83
2013-09-02,2.78
2013-09-03,2.78
2013-09-04,2.79
2013-09-05,2.66
2013-09-06,2.56
2013-09-07,2.53
2013-09-08,2.53
2013-09-09,2.53
2013-09-10,2.61
2013-09-11,2.64
2013-09-12,2.69
2013-09-13,2.72
2013-09-14,2.69
2013-09-15,2.64
2013-09-16,2.66
2013-09-17,2.65
2013-09-18,2.69
2013-09-19,2.68
2013-09-20,2.63
2013-09-21,2.6
2013-09-22,2.59
2013-09-23,2.59
2013-09-24,2.57
2013-09-25,2.58
2013-09-26,2.6
2013-09-27,2.6
2013-09-28,2.65
2013-09-29,2.71
2013-09-30,2.64
2013-10-01,2.64
2013-10-02,2.59
2013-10-03,2.26
2013-10-04,2.49
2013-10-05,2.55
2013-10-06,2.51
2013-10-07,2.53
2013-10-08,2.52
2013-10-09,2.56
2013-10-10,2.57
2013-10-11,2.59
2013-10-12,2.66
2013-10-13,2.65
2013-10-14,2.7
2013-10-15,2.76
2013-10-16,2.82
2013-10-17,2.92
2013-10-18,2.94
2013-10-19,3.15
2013-10-20,3.33
2013-10-21,3.4
2013-10-22,3.65
2013-10-23,3.88
2013-10-24,3.96
2013-10-25,3.68
2013-10-26,3.53
2013-10-27,3.7
2013-10-28,3.74
2013-10-29,3.87
2013-10-30,3.98
2013-10-31,3.92
2013-11-01,4.05
2013-11-02,4
2013-11-03,4.02
2013-11-04,4.18
2013-11-05,4.48
2013-11-06,5.13
2013-11-07,5.28
2013-11-08,5.81
2013-11-09,6.58
2013-11-10,6.67
2013-11-11,6.61
2013-11-12,6.69
2013-11-13,7.04
2013-11-14,7.96
2013-11-15,8.09
2013-11-16,8.92
2013-11-17,8.65
2013-11-18,9.8
2013-11-19,12.69
2013-11-20,10.62
2013-11-21,12.53
2013-11-22,13.57
2013-11-23,15.05
2013-11-24,14.97
2013-11-25,15.04
2013-11-26,16.55
2013-11-27,17.46
2013-11-28,18.64
2013-11-29,20.23
2013-11-30,21.24
2013-12-01,21.03
2013-12-02,18.27
2013-12-03,19.76
2013-12-04,20.64
2013-12-05,20.81
2013-12-06,18.89
2013-12-07,14.73
2013-12-08,13.8
2013-12-09,15.41
2013-12-10,16.84
2013-12-11,17.76
2013-12-12,16.33
2013-12-13,16.68
2013-12-14,16.4
2013-12-15,16.01
2013-12-16,15.08
2013-12-17,13.14
2013-12-18,11.56
2013-12-19,10.41
2013-12-20,12.81
2013-12-21,11.55
2013-12-22,11.47
2013-12-23,11.55
2013-12-24,12.1
2013-12-25,12.17
2013-12-26,12.74
2013-12-27,13.79
2013-12-28,13.27
2013-12-29,13.1
2013-12-30,13.42
2013-12-31,13.62
2014-01-01,13.66
2014-01-02,13.8
2014-01-03,14.49
2014-01-04,14.61
2014-01-05,15.39
2014-01-06,17.04
2014-01-07,16.68
2014-01-08,14.93
2014-01-09,14.88
2014-01-10,14.82
2014-01-11,15.57
2014-01-12,15.7
2014-01-13,14.96
2014-01-14,14.66
2014-01-15,14.43
2014-01-16,14.93
2014-01-17,14.54
2014-01-18,14.01
2014-01-19,14.32
2014-01-20,14.6
2014-01-21,14.87
2014-01-22,14.77
2014-01-23,14.43
2014-01-24,14.07
2014-01-25,13.54
2014-01-26,14.34
2014-01-27,14.87
2014-01-28,13.1
2014-01-29,13.71
2014-01-30,13.61
2014-01-31,13.57
2014-02-01,13.6
2014-02-02,13.86
2014-02-03,13.59
2014-02-04,13.17
2014-02-05,13.65
2014-02-06,13.19
2014-02-07,12.67
2014-02-08,11.53
2014-02-09,10.92
2014-02-10,11.01
2014-02-11,10.73
2014-02-12,10.53
2014-02-13,10.46
2014-02-14,9.83
2014-02-15,10.53
2014-02-16,10.33
2014-02-17,9.69
2014-02-18,9.89
2014-02-19,9.71
2014-02-20,9.8
2014-02-21,8.84
2014-02-22,8.9
2014-02-23,9.38
2014-02-24,9.26
2014-02-25,8.47
2014-02-26,8.18
2014-02-27,8.96
2014-02-28,8.89
2014-03-01,8.73
2014-03-02,8.68
2014-03-03,8.53
2014-03-04,10.09
2014-03-05,10.12
2014-03-06,9.96
2014-03-07,9.99
2014-03-08,9.49
2014-03-09,9.29
2014-03-10,9.57
2014-03-11,9.37
2014-03-12,9.38
2014-03-13,9.43
2014-03-14,9.49
2014-03-15,9.34
2014-03-16,9.34
2014-03-17,9.33
2014-03-18,9.17
2014-03-19,9.01
2014-03-20,8.93
2014-03-21,8.54
2014-03-22,8.46
2014-03-23,8.23
2014-03-24,8.23
2014-03-25,8.35
2014-03-26,8.17
2014-03-27,8.4
2014-03-28,7.41
2014-03-29,7.22
2014-03-30,7.14
2014-03-31,6.6
2014-04-01,6.52
2014-04-02,6.8
2014-04-03,6.37
2014-04-04,6.28
2014-04-05,6.34
2014-04-06,6.46
2014-04-07,6.46
2014-04-08,6.3
2014-04-09,6.31
2014-04-10,6.11
2014-04-11,5.39
2014-04-12,5.77
2014-04-13,5.87
2014-04-14,5.71
2014-04-15,6.42
2014-04-16,6.92
2014-04-17,7.17
2014-04-18,6.88
2014-04-19,6.63
2014-04-20,6.83
2014-04-21,6.82
2014-04-22,6.75
2014-04-23,6.66
2014-04-24,6.62
2014-04-25,6.53
2014-04-26,6.25
2014-04-27,6.2
2014-04-28,5.92
2014-04-29,5.89
2014-04-30,5.94
2014-05-01,5.97
2014-05-02,6.08
2014-05-03,5.97
2014-05-04,5.8
2014-05-05,5.75
2014-05-06,5.68
2014-05-07,5.63
2014-05-08,5.76
2014-05-09,5.76
2014-05-10,5.85
2014-05-11,5.91
2014-05-12,5.71
2014-05-13,5.7
2014-05-14,5.68
2014-05-15,5.74
2014-05-16,5.75
2014-05-17,5.77
2014-05-18,5.77
2014-05-19,5.72
2014-05-20,5.93
2014-05-21,6.16
2014-05-22,6.31
2014-05-23,6.66
2014-05-24,6.74
2014-05-25,6.88
2014-05-26,7.24
2014-05-27,7.43
2014-05-28,7.32
2014-05-29,7.3
2014-05-30,7.44
2014-05-31,7.74
2014-06-01,7.89
2014-06-02,8.08
2014-06-03,8.16
2014-06-04,8.36
2014-06-05,8.08
2014-06-06,8.26
2014-06-07,8.21
2014-06-08,8.22
2014-06-09,8.12
2014-06-10,8.13
2014-06-11,8.15
2014-06-12,7.96
2014-06-13,7.56
2014-06-14,7.39
2014-06-15,7.1
2014-06-16,7.12
2014-06-17,7.34
2014-06-18,7.41
2014-06-19,7.42
2014-06-20,7.37
2014-06-21,7.25
2014-06-22,7.24
2014-06-23,7.29
2014-06-24,7.13
2014-06-25,7.09
2014-06-26,6.86
2014-06-27,7
2014-06-28,7.19
2014-06-29,7.31
2014-06-30,7.14
2014-07-01,7.56
2014-07-02,7.75
2014-07-03,7.77
2014-07-04,7.64
2014-07-05,7.55
2014-07-06,7.5
2014-07-07,7.5
2014-07-08,7.36
2014-07-09,7.33
2014-07-10,7.34
2014-07-11,7.27
2014-07-12,7.38
2014-07-13,7.41
2014-07-14,7.29
2014-07-15,7.22
2014-07-16,7.22
2014-07-17,7.17
2014-07-18,7.2
2014-07-19,7.24
2014-07-20,7.26
2014-07-21,7.16
2014-07-22,7.12
2014-07-23,7.12
2014-07-24,7.02
2014-07-25,6.9
2014-07-26,6.86
2014-07-27,6.79
2014-07-28,6.72
2014-07-29,6.61
2014-07-30,6.59
2014-07-31,6.46
2014-08-01,6.54
2014-08-02,6.7
2014-08-03,6.62
2014-08-04,6.55
2014-08-05,6.57
2014-08-06,6.53
2014-08-07,6.51
2014-08-08,6.54
2014-08-09,6.59
2014-08-10,6.55
2014-08-11,6.53
2014-08-12,6.4
2014-08-13,6.13
2014-08-14,6.05
2014-08-15,5.69
2014-08-16,5.52
2014-08-17,5.66
2014-08-18,5.47
2014-08-19,5.12
2014-08-20,5.29
2014-08-21,5.52
2014-08-22,5.69
2014-08-23,5.6
2014-08-24,5.47
2014-08-25,5.51
2014-08-26,5.45
2014-08-27,5.53
2014-08-28,5.51
2014-08-29,5.49
2014-08-30,5.48
2014-08-31,5.4
2014-09-01,5.16
2014-09-02,5.1
2014-09-03,5.09
2014-09-04,5.08
2014-09-05,5.19
2014-09-06,5.14
2014-09-07,5.12
2014-09-08,5.08
2014-09-09,4.96
2014-09-10,4.96
2014-09-11,5.07
2014-09-12,5.01
2014-09-13,4.99
2014-09-14,5.02
2014-09-15,4.97
2014-09-16,4.94
2014-09-17,4.75
2014-09-18,4.74
2014-09-19,4.44
2014-09-20,4.15
2014-09-21,4.24
2014-09-22,4.15
2014-09-23,4.12
2014-09-24,4.38
2014-09-25,4.37
2014-09-26,4.21
2014-09-27,4.1
2014-09-28,4.1
2014-09-29,3.9
2014-09-30,3.82
2014-10-01,3.9
2014-10-02,3.77
2014-10-03,3.79
2014-10-04,3.64
2014-10-05,3.36
2014-10-06,3.14
2014-10-07,3.32
2014-10-08,3.29
2014-10-09,3.44
2014-10-10,3.64
2014-10-11,3.57
2014-10-12,3.63
2014-10-13,3.64
2014-10-14,3.76
2014-10-15,3.96
2014-10-16,3.85
2014-10-17,3.75
2014-10-18,3.74
2014-10-19,3.8
2014-10-20,3.78
2014-10-21,3.71
2014-10-22,3.68
2014-10-23,3.71
2014-10-24,3.52
2014-10-25,3.46
2014-10-26,3.36
2014-10-27,3.37
2014-10-28,3.39
2014-10-29,3.4
2014-10-30,3.26
2014-10-31,3.28
2014-11-01,3.22
2014-11-02,3.12
2014-11-03,3.08
2014-11-04,3.1
2014-11-05,3.11
2014-11-06,3.23
2014-11-07,3.29
2014-11-08,3.26
2014-11-09,3.27
2014-11-10,3.37
2014-11-11,3.53
2014-11-12,3.46
2014-11-13,3.9
2014-11-14,3.95
2014-11-15,3.73
2014-11-16,3.57
2014-11-17,3.6
2014-11-18,3.63
2014-11-19,3.51
2014-11-20,3.51
2014-11-21,3.37
2014-11-22,3.27
2014-11-23,3.3
2014-11-24,3.35
2014-11-25,3.49
2014-11-26,3.48
2014-11-27,3.41
2014-11-28,3.4
2014-11-29,3.45
2014-11-30,3.46
2014-12-01,3.45
2014-12-02,3.46
2014-12-03,3.48
2014-12-04,3.44
2014-12-05,3.39
2014-12-06,3.39
2014-12-07,3.41
2014-12-08,3.38
2014-12-09,3.3
2014-12-10,3.18
2014-12-11,3.14
2014-12-12,3.15
2014-12-13,3.16
2014-12-14,3.12
2014-12-15,3.13
2014-12-16,3.03
2014-12-17,2.94
2014-12-18,2.86
2014-12-19,2.78
2014-12-20,2.8
2014-12-21,2.89
2014-12-22,2.84
2014-12-23,2.91
2014-12-24,2.95
2014-12-25,2.87
2014-12-26,2.81
2014-12-27,2.87
2014-12-28,2.78
2014-12-29,2.76
2014-12-30,2.74
2014-12-31,2.7
2015-01-01,2.76
2015-01-02,2.75
2015-01-03,2.74
2015-01-04,2.53
2015-01-05,2.34
2015-01-06,2.34
2015-01-07,2.44
2015-01-08,2.53
2015-01-09,2.47
2015-01-10,2.39
2015-01-11,2.37
2015-01-12,2.29
2015-01-13,2.29
2015-01-14,2
2015-01-15,1.64
2015-01-16,1.78
2015-01-17,1.77
2015-01-18,1.69
2015-01-19,1.76
2015-01-20,1.81
2015-01-21,1.77
2015-01-22,1.84
2015-01-23,1.95
2015-01-24,1.95
2015-01-25,2.06
2015-01-26,2.08
2015-01-27,2.28
2015-01-28,2.18
2015-01-29,2
2015-01-30,1.93
2015-01-31,1.9
2015-02-01,1.85
2015-02-02,1.84
2015-02-03,1.9
2015-02-04,1.88
2015-02-05,1.86
2015-02-06,1.8
2015-02-07,1.82
2015-02-08,1.86
2015-02-09,1.81
2015-02-10,1.79
2015-02-11,1.78
2015-02-12,1.79
2015-02-13,1.79
2015-02-14,1.89
2015-02-15,2.01
2015-02-16,1.9
2015-02-17,1.86
2015-02-18,1.9
2015-02-19,1.87
2015-02-20,1.88
2015-02-21,1.91
2015-02-22,1.92
2015-02-23,1.86
2015-02-24,1.87
2015-02-25,1.86
2015-02-26,1.85
2015-02-27,1.84
2015-02-28,1.97
2015-03-01,2
2015-03-02,1.97
2015-03-03,2.08
2015-03-04,2.18
2015-03-05,2.15
2015-03-06,2.13
2015-03-07,2.13
2015-03-08,2.15
2015-03-09,2.14
2015-03-10,2.23
2015-03-11,2.28
2015-03-12,2.3
2015-03-13,2.31
2015-03-14,2.25
2015-03-15,2.2
2015-03-16,2.19
2015-03-17,2.25
2015-03-18,2.22
2015-03-19,2.05
2015-03-20,2
2015-03-21,2.02
2015-03-22,2.01
2015-03-23,2.04
2015-03-24,2.04
2015-03-25,1.92
2015-03-26,1.89
2015-03-27,1.91
2015-03-28,1.89
2015-03-29,1.93
2015-03-30,1.85
2015-03-31,1.88
2015-04-01,1.86
2015-04-02,1.86
2015-04-03,1.91
2015-04-04,1.93
2015-04-05,1.91
2015-04-06,1.94
2015-04-07,1.93
2015-04-08,1.91
2015-04-09,1.86
2015-04-10,1.81
2015-04-11,1.78
2015-04-12,1.77
2015-04-13,1.76
2015-04-14,1.7
2015-04-15,1.64
2015-04-16,1.65
2015-04-17,1.7
2015-04-18,1.66
2015-04-19,1.65
2015-04-20,1.66
2015-04-21,1.65
2015-04-22,1.69
2015-04-23,1.73
2015-04-24,1.73
2015-04-25,1.69
2015-04-26,1.67
2015-04-27,1.6
2015-04-28,1.64
2015-04-29,1.65
2015-04-30,1.67
2015-05-01,1.72
2015-05-02,1.71
2015-05-03,1.71
2015-05-04,1.74
2015-05-05,1.72
2015-05-06,1.7
2015-05-07,1.68
2015-05-08,1.7
2015-05-09,1.74
2015-05-10,1.73
2015-05-11,1.72
2015-05-12,1.73
2015-05-13,1.73
2015-05-14,1.71
2015-05-15,1.7
2015-05-16,1.69
2015-05-17,1.68
2015-05-18,1.67
2015-05-19,1.66
2015-05-20,1.65
2015-05-21,1.65
2015-05-22,1.66
2015-05-23,1.68
2015-05-24,1.68
2015-05-25,1.68
2015-05-26,1.66
2015-05-27,1.65
2015-05-28,1.65
2015-05-29,1.66
2015-05-30,1.63
2015-05-31,1.62
2015-06-01,1.6
2015-06-02,1.55
2015-06-03,1.55
2015-06-04,1.55
2015-06-05,1.55
2015-06-06,1.55
2015-06-07,1.54
2015-06-08,1.53
2015-06-09,1.56
2015-06-10,1.57
2015-06-11,1.56
2015-06-12,1.57
2015-06-13,1.57
2015-06-14,1.59
2015-06-15,1.58
2015-06-16,1.6
2015-06-17,1.65
2015-06-18,1.68
2015-06-19,1.65
2015-06-20,1.63
2015-06-21,1.62
2015-06-22,1.61
2015-06-23,1.62
2015-06-24,1.61
2015-06-25,1.59
2015-06-26,1.6
2015-06-27,1.6
2015-06-28,1.63
2015-06-29,1.64
2015-06-30,1.66
2015-07-01,1.68
2015-07-02,1.66
2015-07-03,1.64
2015-07-04,1.66
2015-07-05,1.66
2015-07-06,1.72
2015-07-07,1.7
2015-07-08,1.64
2015-07-09,1.6
2015-07-10,1.55
2015-07-11,1.6
2015-07-12,1.57
2015-07-13,1.6
2015-07-14,1.49
2015-07-15,1.51
2015-07-16,1.52
2015-07-17,1.49
2015-07-18,1.5
2015-07-19,1.49
2015-07-20,1.49
2015-07-21,1.51
2015-07-22,1.51
2015-07-23,1.51
2015-07-24,1.53
2015-07-25,1.56
2015-07-26,1.57
2015-07-27,1.57
2015-07-28,1.57
2015-07-29,1.56
2015-07-30,1.49
2015-07-31,1.43
2015-08-01,1.35
2015-08-02,1.27
2015-08-03,1.27
2015-08-04,1.26
2015-08-05,1.23
2015-08-06,1.19
2015-08-07,1.13
2015-08-08,1.11
2015-08-09,1.07
2015-08-10,1.06
2015-08-11,1.06
2015-08-12,1.07
2015-08-13,1.07
2015-08-14,1.06
2015-08-15,1.07
2015-08-16,1.06
2015-08-17,1.03
2015-08-18,1.01
2015-08-19,0.97
2015-08-20,0.92
2015-08-21,0.93
2015-08-22,0.93
2015-08-23,0.91
2015-08-25,0.86
2015-08-26,0.87
2015-08-27,0.9
2015-08-28,0.9
2015-08-29,0.91
2015-08-30,0.91
2015-08-31,0.9
2015-09-01,0.91
2015-09-02,0.9
2015-09-03,0.86
2015-09-04,0.85
2015-09-05,0.86
2015-09-06,0.87
2015-09-07,0.89
2015-09-08,0.89
2015-09-09,0.91
2015-09-10,0.9
2015-09-11,0.91
2015-09-12,0.91
2015-09-13,0.91
2015-09-14,0.89
2015-09-15,0.89
2015-09-16,0.9
2015-09-17,0.9
2015-09-18,0.91
2015-09-19,0.92
2015-09-20,0.91
2015-09-21,0.91
2015-09-22,0.9
2015-09-23,0.9
2015-09-24,0.9
2015-09-25,0.92
2015-09-26,0.92
2015-09-27,0.92
2015-09-28,0.91
2015-09-29,0.93
2015-09-30,0.93
2015-10-01,0.93
2015-10-02,0.93
2015-10-03,0.93
2015-10-04,0.93
2015-10-05,0.93
2015-10-06,0.93
2015-10-07,0.96
2015-10-08,0.96
2015-10-09,0.96
2015-10-10,0.96
2015-10-11,0.97
2015-10-12,0.99
2015-10-13,0.98
2015-10-14,1
2015-10-15,1.01
2015-10-16,1.02
2015-10-17,1.06
2015-10-18,1.08
2015-10-19,1.06
2015-10-20,1.06
2015-10-21,1.08
2015-10-22,1.09
2015-10-23,1.1
2015-10-24,1.12
2015-10-25,1.13
2015-10-26,1.16
2015-10-27,1.18
2015-10-28,1.18
2015-10-29,1.22
2015-10-30,1.26
2015-10-31,1.32
2015-11-01,1.34
2015-11-02,1.29
2015-11-03,1.4
2015-11-04,1.58
2015-11-05,1.77
2015-11-06,1.59
2015-11-07,1.5
2015-11-08,1.55
2015-11-09,1.53
2015-11-10,1.52
2015-11-11,1.39
2015-11-12,1.27
2015-11-13,1.33
2015-11-14,1.35
2015-11-15,1.34
2015-11-16,1.3
2015-11-17,1.31
2015-11-18,1.34
2015-11-19,1.34
2015-11-20,1.32
2015-11-21,1.29
2015-11-22,1.31
2015-11-23,1.29
2015-11-24,1.29
2015-11-25,1.28
2015-11-26,1.34
2015-11-27,1.39
2015-11-28,1.43
2015-11-29,1.43
2015-11-30,1.47
2015-12-01,1.49
2015-12-02,1.46
2015-12-03,1.43
2015-12-04,1.45
2015-12-05,1.45
2015-12-06,1.55
2015-12-07,1.57
2015-12-08,1.57
2015-12-09,1.61
2015-12-10,1.66
2015-12-11,1.69
2015-12-12,1.77
2015-12-13,1.72
2015-12-14,1.73
2015-12-15,1.76
2015-12-16,1.83
2015-12-17,1.81
2015-12-18,1.8
2015-12-19,1.83
2015-12-20,1.82
2015-12-21,1.76
2015-12-22,1.72
2015-12-23,1.72
2015-12-24,1.74
2015-12-25,1.78
2015-12-26,1.75
2015-12-27,1.65
2015-12-28,1.64
2015-12-29,1.65
2015-12-30,1.68
2015-12-31,1.67
2016-01-01,1.67
2016-01-02,1.69
2016-01-03,1.69
2016-01-04,1.67
2016-01-05,1.69
2016-01-06,1.68
2016-01-07,1.67
2016-01-08,1.76
2016-01-09,1.76
2016-01-10,1.73
2016-01-11,1.73
2016-01-12,1.73
2016-01-13,1.71
2016-01-14,1.66
2016-01-15,1.61
2016-01-16,1.47
2016-01-17,1.47
2016-01-18,1.47
2016-01-19,1.48
2016-01-20,1.48
2016-01-21,1.58
2016-01-22,1.57
2016-01-23,1.49
2016-01-24,1.5
2016-01-25,1.53
2016-01-26,1.5
2016-01-27,1.51
2016-01-28,1.5
2016-01-29,1.46
2016-01-30,1.45
2016-01-31,1.44
2016-02-01,1.43
2016-02-02,1.42
2016-02-03,1.43
2016-02-04,1.43
2016-02-05,1.48
2016-02-06,1.48
2016-02-07,1.44
2016-02-08,1.43
2016-02-09,1.42
2016-02-10,1.43
2016-02-11,1.44
2016-02-12,1.44
2016-02-13,1.46
2016-02-14,1.49
2016-02-15,1.53
2016-02-16,1.52
2016-02-17,1.54
2016-02-18,1.57
2016-02-19,1.58
2016-02-20,1.59
2016-02-21,1.64
2016-02-22,1.64
2016-02-23,1.63
2016-02-24,1.57
2016-02-25,1.58
2016-02-26,1.58
2016-02-27,1.6
2016-02-28,1.61
2016-02-29,1.61
2016-03-01,1.62
2016-03-02,1.6
2016-03-03,1.58
2016-03-04,1.55
2016-03-05,1.52
2016-03-06,1.48
2016-03-07,1.5
2016-03-08,1.52
2016-03-09,1.52
2016-03-10,1.53
2016-03-11,1.54
2016-03-12,1.55
2016-03-13,1.52
2016-03-14,1.52
2016-03-15,1.53
2016-03-16,1.54
2016-03-17,1.54
2016-03-18,1.54
2016-03-19,1.51
2016-03-20,1.5
2016-03-21,1.51
2016-03-22,1.51
2016-03-23,1.52
2016-03-24,1.52
2016-03-25,1.52
2016-03-26,1.52
2016-03-27,1.53
2016-03-28,1.55
2016-03-29,1.54
2016-03-30,1.52
2016-03-31,1.52
2016-04-01,1.53
2016-04-02,1.53
2016-04-03,1.54
2016-04-04,1.54
2016-04-05,1.54
2016-04-06,1.55
2016-04-07,1.54
2016-04-08,1.54
2016-04-09,1.53
2016-04-10,1.53
2016-04-11,1.53
2016-04-12,1.54
2016-04-13,1.54
2016-04-14,1.53
2016-04-15,1.54
2016-04-16,1.55
2016-04-17,1.55
2016-04-18,1.54
2016-04-19,1.54
2016-04-20,1.56
2016-04-21,1.58
2016-04-22,1.6
2016-04-23,1.6
2016-04-24,1.61
2016-04-25,1.63
2016-04-26,1.64
2016-04-27,1.64
2016-04-28,1.58
2016-04-29,1.58
2016-04-30,1.59
2016-05-01,1.57
2016-05-02,1.57
2016-05-03,1.55
2016-05-04,1.56
2016-05-05,1.55
2016-05-06,1.56
2016-05-07,1.58
2016-05-08,1.59
2016-05-09,1.58
2016-05-10,1.58
2016-05-11,1.56
2016-05-12,1.55
2016-05-13,1.55
2016-05-14,1.56
2016-05-15,1.56
2016-05-16,1.56
2016-05-17,1.54
2016-05-18,1.54
2016-05-19,1.53
2016-05-20,1.49
2016-05-21,1.49
2016-05-22,1.49
2016-05-23,1.49
2016-05-24,1.49
2016-05-25,1.5
2016-05-26,1.51
2016-05-27,1.54
2016-05-28,1.61
2016-05-29,1.74
2016-05-30,1.79
2016-05-31,1.8
2016-06-01,1.78
2016-06-02,1.79
2016-06-03,1.81
2016-06-04,1.89
2016-06-05,1.91
2016-06-06,1.91
2016-06-07,1.93
2016-06-08,1.91
2016-06-09,1.92
2016-06-10,1.9
2016-06-11,1.91
2016-06-12,2
2016-06-13,2.18
2016-06-14,2.28
2016-06-15,2.24
2016-06-16,2.3
2016-06-17,2.47
2016-06-18,2.44
2016-06-19,2.47
2016-06-20,2.48
2016-06-21,2.36
2016-06-22,2.16
2016-06-23,1.99
2016-06-24,2.02
2016-06-25,2.14
2016-06-26,2.13
2016-06-27,2.04
2016-06-28,2.1
2016-06-29,2.08
2016-06-30,2.07
2016-07-01,2.15
2016-07-02,2.18
2016-07-03,2.23
2016-07-04,2.14
2016-07-05,2.16
2016-07-06,2.15
2016-07-07,2.14
2016-07-08,2.04
2016-07-09,2.09
2016-07-10,2.07
2016-07-11,2.06
2016-07-12,2.07
2016-07-13,2.11
2016-07-14,2.09
2016-07-15,2.09
2016-07-16,2.1
2016-07-17,2.11
2016-07-18,2.15
2016-07-19,2.13
2016-07-20,2.12
2016-07-21,2.11
2016-07-22,2.09
2016-07-23,2.06
2016-07-24,2.06
2016-07-25,2.07
2016-07-26,2.06
2016-07-27,2.05
2016-07-28,2.05
2016-07-29,2.05
2016-07-30,2.06
2016-07-31,2.03
2016-08-01,1.96
2016-08-02,1.91
2016-08-03,1.76
2016-08-04,1.76
2016-08-05,1.8
2016-08-06,1.79
2016-08-07,1.83
2016-08-08,1.85
2016-08-09,1.84
2016-08-10,1.83
2016-08-11,1.85
2016-08-12,1.83
2016-08-13,1.82
2016-08-14,1.81
2016-08-15,1.77
2016-08-16,1.77
2016-08-17,1.78
2016-08-18,1.77
2016-08-19,1.77
2016-08-20,1.78
2016-08-21,1.79
2016-08-22,1.8
2016-08-23,1.8
2016-08-24,1.8
2016-08-25,1.78
2016-08-26,1.77
2016-08-27,1.77
2016-08-28,1.75
2016-08-29,1.76
2016-08-30,1.76
2016-08-31,1.77
2016-09-01,1.76
2016-09-02,1.75
2016-09-03,1.76
2016-09-04,1.82
2016-09-05,1.86
2016-09-06,1.85
2016-09-07,1.86
2016-09-08,1.88
2016-09-09,1.9
2016-09-10,1.9
2016-09-11,1.9
2016-09-12,1.86
2016-09-13,1.85
2016-09-14,1.85
2016-09-15,1.86
2016-09-16,1.85
2016-09-17,1.85
2016-09-18,1.85
2016-09-19,1.85
2016-09-20,1.85
2016-09-21,1.83
2016-09-22,1.81
2016-09-23,1.81
2016-09-24,1.82
2016-09-25,1.82
2016-09-26,1.82
2016-09-27,1.83
2016-09-28,1.83
2016-09-29,1.83
2016-09-30,1.83
2016-10-01,1.84
2016-10-02,1.85
2016-10-03,1.84
2016-10-04,1.85
2016-10-05,1.84
2016-10-06,1.84
2016-10-07,1.84
2016-10-08,1.85
2016-10-09,1.85
2016-10-10,1.85
2016-10-11,1.86
2016-10-12,1.91
2016-10-13,1.91
2016-10-14,1.91
2016-10-15,1.91
2016-10-16,1.91
2016-10-17,1.91
2016-10-18,1.9
2016-10-19,1.9
2016-10-20,1.88
2016-10-21,1.88
2016-10-22,1.89
2016-10-23,1.95
2016-10-24,1.96
2016-10-25,1.96
2016-10-26,1.98
2016-10-27,2.05
2016-10-28,2.07
2016-10-29,2.09
2016-10-30,2.15
2016-10-31,2.13
2016-11-01,2.13
2016-11-02,2.2
2016-11-03,2.22
2016-11-04,2.11
2016-11-05,2.11
2016-11-06,2.12
2016-11-07,2.13
2016-11-08,2.12
2016-11-09,2.14
2016-11-10,2.17
2016-11-11,2.15
2016-11-12,2.14
2016-11-13,2.11
2016-11-14,2.1
2016-11-15,2.12
2016-11-16,2.15
2016-11-17,2.22
2016-11-18,2.23
2016-11-19,2.24
2016-11-20,2.24
2016-11-21,2.17
2016-11-22,2.18
2016-11-23,2.2
2016-11-24,2.18
2016-11-25,2.16
2016-11-26,2.16
2016-11-27,2.15
2016-11-28,2.14
2016-11-29,2.15
2016-11-30,2.15
2016-12-01,2.17
2016-12-02,2.21
2016-12-03,2.25
2016-12-04,2.23
2016-12-05,2.23
2016-12-06,2.2
2016-12-07,2.21
2016-12-08,2.23
2016-12-09,2.24
2016-12-10,2.25
2016-12-11,2.24
2016-12-12,2.24
2016-12-13,2.26
2016-12-14,2.26
2016-12-15,2.26
2016-12-16,2.25
2016-12-17,2.26
2016-12-18,2.27
2016-12-19,2.28
2016-12-20,2.28
2016-12-21,2.3
2016-12-22,2.4
2016-12-23,2.5
2016-12-24,2.61
2016-12-25,2.56
2016-12-26,2.56
2016-12-27,2.6
2016-12-28,2.68
2016-12-29,2.79
2016-12-30,2.77
2016-12-31,2.74
2017-01-01,2.76
2017-01-02,2.85
2017-01-03,2.9
2017-01-04,2.96
2017-01-05,3.03
2017-01-06,2.81
2017-01-07,2.54
2017-01-08,2.54
2017-01-09,2.56
2017-01-10,2.53
2017-01-11,2.55
2017-01-12,2.24
2017-01-13,2.25
2017-01-14,2.3
2017-01-15,2.31
2017-01-16,2.3
2017-01-17,2.32
2017-01-18,2.51
2017-01-19,2.46
2017-01-20,2.51
2017-01-21,2.49
2017-01-22,2.56
2017-01-23,2.57
2017-01-24,2.55
2017-01-25,2.5
2017-01-26,2.49
2017-01-27,2.54
2017-01-28,2.56
2017-01-29,2.57
2017-01-30,2.56
2017-01-31,2.57
2017-02-01,2.67
2017-02-02,2.73
2017-02-03,2.81
2017-02-04,2.83
2017-02-05,2.86
2017-02-06,2.82
2017-02-07,2.86
2017-02-08,2.92
2017-02-09,2.92
2017-02-10,2.71
2017-02-11,2.73
2017-02-12,2.78
2017-02-13,2.76
2017-02-14,2.75
2017-02-15,2.78
2017-02-16,2.77
2017-02-17,2.85
2017-02-18,2.9
2017-02-19,2.9
2017-02-20,2.88
2017-02-21,2.95
2017-02-22,3.07
2017-02-23,3.07
2017-02-24,3.18
2017-02-25,3.22
2017-02-26,3.15
2017-02-27,3.2
2017-02-28,3.24
2017-03-01,3.24
2017-03-02,3.31
2017-03-03,3.39
2017-03-04,3.46
2017-03-05,3.41
2017-03-06,3.42
2017-03-07,3.43
2017-03-08,3.33
2017-03-09,3.11
2017-03-10,3.18
2017-03-11,3.12
2017-03-12,3.14
2017-03-13,3.26
2017-03-14,3.3
2017-03-15,3.32
2017-03-16,3.34
2017-03-17,3.16
2017-03-18,2.92
2017-03-19,2.64
2017-03-20,2.72
2017-03-21,2.76
2017-03-22,2.93
2017-03-23,2.75
2017-03-24,2.74
2017-03-25,2.53
2017-03-26,2.51
2017-03-27,2.55
2017-03-28,2.7
2017-03-29,2.73
2017-03-30,2.72
2017-03-31,2.72
2017-04-01,2.81
2017-04-02,2.84
2017-04-03,2.86
2017-04-04,2.98
2017-04-05,2.97
2017-04-06,2.94
2017-04-07,3.07
2017-04-08,3.09
2017-04-09,3.07
2017-04-10,3.13
2017-04-11,3.13
2017-04-12,3.15
2017-04-13,3.14
2017-04-14,3.04
2017-04-15,3.03
2017-04-16,3.03
2017-04-17,3.04
2017-04-18,3.06
2017-04-19,3.12
2017-04-20,3.1
2017-04-21,3.17
2017-04-22,3.18
2017-04-23,3.18
2017-04-24,3.18
2017-04-25,3.18
2017-04-26,3.22
2017-04-27,3.28
2017-04-28,3.36
2017-04-29,3.34
2017-04-30,3.37
2017-05-01,3.39
2017-05-02,3.55
2017-05-03,3.64
2017-05-04,3.75
2017-05-05,3.84
2017-05-06,3.78
2017-05-07,3.85
2017-05-08,3.86
2017-05-09,4.06
2017-05-10,4.26
2017-05-11,4.33
2017-05-12,4.46
2017-05-13,4.13
2017-05-14,4.29
2017-05-15,4.32
2017-05-16,4.17
2017-05-17,4.23
2017-05-18,4.4
2017-05-19,4.57
2017-05-20,4.73
2017-05-21,4.93
2017-05-22,4.93
2017-05-23,5.17
2017-05-24,5.45
2017-05-25,5.86
2017-05-26,5.67
2017-05-27,5.22
2017-05-28,4.91
2017-05-29,5.14
2017-05-30,5.39
2017-05-31,5.22
2017-06-01,5.46
2017-06-02,5.7
2017-06-03,5.86
2017-06-04,6.01
2017-06-05,6
2017-06-06,6.36
2017-06-07,6.8
2017-06-08,6.41
2017-06-09,6.61
2017-06-10,6.67
2017-06-11,6.85
2017-06-12,7.04
2017-06-13,6.15
2017-06-14,6.42
2017-06-15,5.86
2017-06-16,5.63
2017-06-17,5.89
2017-06-18,6.24
2017-06-19,6
2017-06-20,6.17
2017-06-21,6.5
2017-06-22,6.3
2017-06-23,6.4
2017-06-24,6.42
2017-06-25,6.08
2017-06-26,6
2017-06-27,5.71
2017-06-28,5.94
2017-06-29,6.03
2017-06-30,6.01
2017-07-01,5.86
2017-07-02,5.72
2017-07-03,5.93
2017-07-04,6.06
2017-07-05,6.15
2017-07-06,6.2
2017-07-07,6.16
2017-07-08,5.93
2017-07-09,6.06
2017-07-10,5.98
2017-07-11,5.58
2017-07-12,5.47
2017-07-13,5.66
2017-07-14,5.54
2017-07-15,5.23
2017-07-16,4.79
2017-07-17,4.54
2017-07-18,5.2
2017-07-19,5.53
2017-07-20,5.39
2017-07-21,6.57
2017-07-22,6.33
2017-07-23,6.74
2017-07-24,6.59
2017-07-25,6.59
2017-07-26,6.07
2017-07-27,6.02
2017-07-28,6.44
2017-07-29,6.68
2017-07-30,6.55
2017-07-31,6.61
2017-08-01,6.86
2017-08-02,6.64
2017-08-03,6.58
2017-08-04,6.8
2017-08-05,6.97
2017-08-06,8
2017-08-07,7.93
2017-08-08,8.29
2017-08-09,8.35
2017-08-10,8.18
2017-08-11,8.34
2017-08-12,8.83
2017-08-13,9.46
2017-08-14,9.89
2017-08-15,10.41
2017-08-16,10
2017-08-17,10.54
2017-08-18,10.32
2017-08-19,9.86
2017-08-20,9.96
2017-08-21,9.85
2017-08-22,9.63
2017-08-23,9.81
2017-08-24,9.93
2017-08-25,10.27
2017-08-26,10.39
2017-08-27,10.32
2017-08-28,10.34
2017-08-29,10.42
2017-08-30,10.92
2017-08-31,10.91
2017-09-01,11.28
2017-09-02,11.7
2017-09-03,10.92
2017-09-04,10.94
2017-09-05,10.13
2017-09-06,10.51
2017-09-07,10.95
2017-09-08,11.01
2017-09-09,10.25
2017-09-10,10.2
2017-09-11,10.09
2017-09-12,10.01
2017-09-13,9.87
2017-09-14,9.13
2017-09-15,7.85
2017-09-16,8.76
2017-09-17,8.76
2017-09-18,8.78
2017-09-19,9.63
2017-09-20,9.26
2017-09-21,9.24
2017-09-22,8.57
2017-09-23,8.5
2017-09-24,8.9
2017-09-25,8.65
2017-09-26,9.25
2017-09-27,9.16
2017-09-28,9.86
2017-09-29,9.82
2017-09-30,9.78
2017-10-01,10.2
2017-10-02,10.27
2017-10-03,10.31
2017-10-04,10.11
2017-10-05,9.88
2017-10-06,10.12
2017-10-07,10.19
2017-10-08,10.31
2017-10-09,10.74
2017-10-10,11.16
2017-10-11,11.2
2017-10-12,11.44
2017-10-13,12.73
2017-10-14,13.07
2017-10-15,13.37
2017-10-16,13.12
2017-10-17,13.33
2017-10-18,12.96
2017-10-19,12.69
2017-10-20,13.11
2017-10-21,13.81
2017-10-22,13.87
2017-10-23,13.72
2017-10-24,13.58
2017-10-25,12.87
2017-10-26,13.16
2017-10-27,13.57
2017-10-28,13.25
2017-10-29,13.14
2017-10-30,13.97
2017-10-31,13.97
2017-11-01,14.6
2017-11-02,15.25
2017-11-03,15.82
2017-11-04,16.25
2017-11-05,16.63
2017-11-06,16.73
2017-11-07,15.76
2017-11-08,15.88
2017-11-09,16.49
2017-11-10,16
2017-11-11,14.58
2017-11-12,13.98
2017-11-13,13.18
2017-11-14,14.29
2017-11-15,14.55
2017-11-16,15.96
2017-11-17,17.15
2017-11-18,16.9
2017-11-19,17
2017-11-20,17.64
2017-11-21,18.04
2017-11-22,17.74
2017-11-23,17.93
2017-11-24,17.51
2017-11-25,17.83
2017-11-26,18.91
2017-11-27,20.12
2017-11-28,20.77
2017-11-29,21.26
2017-11-30,20.89
2017-12-01,20.99
2017-12-02,22.86
2017-12-03,23.13
2017-12-04,24.08
2017-12-05,24.25
2017-12-06,24.63
2017-12-07,28.12
2017-12-08,33.75
2017-12-09,32.41
2017-12-10,29.9
2017-12-11,31.43
2017-12-12,34.56
2017-12-13,35.38
2017-12-14,33.29
2017-12-15,33.5
2017-12-16,35.46
2017-12-17,38.67
2017-12-18,38.18
2017-12-19,37.96
2017-12-20,34.94
2017-12-21,32.69
2017-12-22,30.92
2017-12-23,27.54
2017-12-24,28.21
2017-12-25,27.31
2017-12-26,27.23
2017-12-27,30.64
2017-12-28,30.11
2017-12-29,28.15
2017-12-30,28.07
2017-12-31,24.45
2018-01-01,26.76
2018-01-02,26.15
2018-01-03,28.61
2018-01-04,29.2
2018-01-05,28.99
2018-01-06,32.15
2018-01-07,32.45
2018-01-08,30.39
2018-01-09,28.15
2018-01-10,27.02
2018-01-11,27.83
2018-01-12,24.59
2018-01-13,25.99
2018-01-14,26.58
2018-01-15,25.56
2018-01-16,25.44
2018-01-17,21.53
2018-01-18,20.64
2018-01-19,21.09
2018-01-20,21.7
2018-01-21,24.02
2018-01-22,21.91
2018-01-23,20.54
2018-01-24,20.72
2018-01-25,21.79
2018-01-26,21.39
2018-01-27,21.41
2018-01-28,22.03
2018-01-29,22.58
2018-01-30,21.59
2018-01-31,19.35
2018-02-01,19.71
2018-02-02,17.48
2018-02-03,17.18
2018-02-04,17.95
2018-02-05,16.18
2018-02-06,13.84
2018-02-07,15.35
2018-02-08,15.22
2018-02-09,16.41
2018-02-10,17.53
2018-02-11,17.13
2018-02-12,16.41
2018-02-13,18.17
2018-02-14,17.53
2018-02-15,19.56
2018-02-16,20.84
2018-02-17,21.18
2018-02-18,23.25
2018-02-19,22
2018-02-20,23.72
2018-02-21,23.79
2018-02-22,22.22
2018-02-23,20.84
2018-02-24,21.8
2018-02-25,20.82
2018-02-26,20.73
2018-02-27,22.36
2018-02-28,22.94
2018-03-01,22.41
2018-03-02,23.83
2018-03-03,24.11
2018-03-04,25.13
2018-03-05,25.39
2018-03-06,25.32
2018-03-07,23.96
2018-03-08,22.25
2018-03-09,21.08
2018-03-10,21.03
2018-03-11,20.01
2018-03-12,21.96
2018-03-13,21.06
2018-03-14,21.26
2018-03-15,19.06
2018-03-16,19.2
2018-03-17,19.14
2018-03-18,18.16
2018-03-19,19.08
2018-03-20,19.8
2018-03-21,20.57
2018-03-22,20.51
2018-03-23,20.09
2018-03-24,20.59
2018-03-25,19.69
2018-03-26,19.53
2018-03-27,18.83
2018-03-28,18.02
2018-03-29,18.34
2018-03-30,16.36
2018-03-31,15.8
2018-04-01,16.01
2018-04-02,15.66
2018-04-03,16.24
2018-04-04,17.05
2018-04-05,15.59
2018-04-06,15.57
2018-04-07,15.19
2018-04-08,15.84
2018-04-09,16.12
2018-04-10,15.55
2018-04-11,15.67
2018-04-12,15.93
2018-04-13,18.21
2018-04-14,18.04
2018-04-15,18.39
2018-04-16,19.19
2018-04-17,18.55
2018-04-18,18.19
2018-04-19,18.79
2018-04-20,19.04
2018-04-21,20.34
2018-04-22,20.45
2018-04-23,20.15
2018-04-24,20.45
2018-04-25,22.1
2018-04-26,20.26
2018-04-27,21.24
2018-04-28,20.47
2018-04-29,21.37
2018-04-30,21.46
2018-05-01,21.07
2018-05-02,20.66
2018-05-03,21.01
2018-05-04,22.03
2018-05-05,22.07
2018-05-06,22.37
2018-05-07,21.92
2018-05-08,21.36
2018-05-09,20.94
2018-05-10,21.23
2018-05-11,20.49
2018-05-12,19.2
2018-05-13,19.33
2018-05-14,19.77
2018-05-15,19.77
2018-05-16,19.26
2018-05-17,18.95
2018-05-18,18.32
2018-05-19,18.74
2018-05-20,18.69
2018-05-21,19.33
2018-05-22,19.05
2018-05-23,18.12
2018-05-24,17.03
2018-05-25,17.14
2018-05-26,16.86
2018-05-27,16.54
2018-05-28,16.55
2018-05-29,16.04
2018-05-30,16.83
2018-05-31,16.62
2018-06-01,16.88
2018-06-02,16.91
2018-06-03,17.16
2018-06-04,17.35
2018-06-05,16.94
2018-06-06,17.25
2018-06-07,17.37
2018-06-08,17.46
2018-06-09,17.33
2018-06-10,16.98
2018-06-11,15.32
2018-06-12,15.57
2018-06-13,14.87
2018-06-14,14.32
2018-06-15,15.06
2018-06-16,14.52
2018-06-17,14.7
2018-06-18,14.59
2018-06-19,15.18
2018-06-20,15.3
2018-06-21,15.46
2018-06-22,15.35
2018-06-23,13.83
2018-06-24,14.08
2018-06-25,14
2018-06-26,14.25
2018-06-27,13.88
2018-06-28,14.05
2018-06-29,13.42
2018-06-30,14.19
2018-07-01,14.66
2018-07-02,14.56
2018-07-03,15.19
2018-07-04,14.96
2018-07-05,15.14
2018-07-06,15.01
2018-07-07,15.13
2018-07-08,15.47
2018-07-09,15.33
2018-07-10,15.26
2018-07-11,14.47
2018-07-12,14.68
2018-07-13,14.45
2018-07-14,14.48
2018-07-15,14.63
2018-07-16,14.88
2018-07-17,15.76
2018-07-18,17.16
2018-07-19,17.36
2018-07-20,17.56
2018-07-21,17.22
2018-07-22,17.38
2018-07-23,17.35
2018-07-24,18.14
2018-07-25,19.74
2018-07-26,19.22
2018-07-27,18.63
2018-07-28,19.23
2018-07-29,19.34
2018-07-30,19.25
2018-07-31,19.15
2018-08-01,18.13
2018-08-02,17.85
2018-08-03,17.66
2018-08-04,17.36
2018-08-05,16.4
2018-08-06,16.43
2018-08-07,16.25
2018-08-08,15.72
2018-08-09,14.71
2018-08-10,15.29
2018-08-11,14.36
2018-08-12,14.56
2018-08-13,14.75
2018-08-14,14.6
2018-08-15,14.46
2018-08-16,14.61
2018-08-17,14.69
2018-08-18,15.3
2018-08-19,14.85
2018-08-20,15.04
2018-08-21,14.5
2018-08-22,15
2018-08-23,14.71
2018-08-24,15.09
2018-08-25,15.44
2018-08-26,15.53
2018-08-27,15.47
2018-08-28,15.95
2018-08-29,16.35
2018-08-30,16.24
2018-08-31,16.12
2018-09-01,16.18
2018-09-02,16.58
2018-09-03,16.8
2018-09-04,16.72
2018-09-05,16.93
2018-09-06,15.38
2018-09-07,14.93
2018-09-08,14.71
2018-09-09,14.2
2018-09-10,14.34
2018-09-11,14.48
2018-09-12,14.43
2018-09-13,14.54
2018-09-14,14.89
2018-09-15,14.89
2018-09-16,14.95
2018-09-17,14.89
2018-09-18,14.32
2018-09-19,14.49
2018-09-20,14.6
2018-09-21,14.83
2018-09-22,15.42
2018-09-23,15.29
2018-09-24,15.23
2018-09-25,14.93
2018-09-26,14.59
2018-09-27,14.65
2018-09-28,15.15
2018-09-29,14.97
2018-09-30,14.86
2018-10-01,14.91
2018-10-02,14.85
2018-10-03,14.68
2018-10-04,14.57
2018-10-05,14.74
2018-10-06,14.8
2018-10-07,14.71
2018-10-08,14.75
2018-10-09,14.83
2018-10-10,14.78
2018-10-11,14.63
2018-10-12,13.78
2018-10-13,13.88
2018-10-14,13.91
2018-10-15,13.88
2018-10-16,14.52
2018-10-17,14.56
2018-10-18,14.52
2018-10-19,14.38
2018-10-20,14.33
2018-10-21,14.4
2018-10-22,14.39
2018-10-23,14.38
2018-10-24,14.35
2018-10-25,14.38
2018-10-26,14.32
2018-10-27,14.35
2018-10-28,14.34
2018-10-29,14.33
2018-10-30,14.01
2018-10-31,13.99
2018-11-01,14.07
2018-11-02,14.15
2018-11-03,14.15
2018-11-04,14.1
2018-11-05,14.33
2018-11-06,14.26
2018-11-07,14.34
2018-11-08,14.45
2018-11-09,14.23
2018-11-10,14.06
2018-11-11,14.07
2018-11-12,14.1
2018-11-13,14
2018-11-14,13.86
2018-11-15,12.38
2018-11-16,12.31
2018-11-17,12.15
2018-11-18,12.12
2018-11-19,12.2
2018-11-20,10.42
2018-11-21,9.53
2018-11-22,9.98
2018-11-23,9.35
2018-11-24,9.41
2018-11-25,8.32
2018-11-26,8.63
2018-11-27,8.16
2018-11-28,8.27
2018-11-29,9.22
2018-11-30,9.25
2018-12-01,8.65
2018-12-02,9.03
2018-12-03,8.92
2018-12-04,8.33
2018-12-05,8.49
2018-12-06,8.04
2018-12-07,7.46
2018-12-08,7.33
2018-12-09,7.38
2018-12-10,7.67
2018-12-11,7.4
2018-12-12,7.25
2018-12-13,7.44
2018-12-14,7.06
2018-12-15,6.92
2018-12-16,6.9
2018-12-17,6.92
2018-12-18,7.59
2018-12-19,7.94
2018-12-20,7.97
2018-12-21,8.79
2018-12-22,8.31
2018-12-23,8.62
2018-12-24,8.53
2018-12-25,8.7
2018-12-26,8.14
2018-12-27,8.16
2018-12-28,7.73
2018-12-29,8.35
2018-12-30,8.01
2018-12-31,8.21
2019-01-01,7.9
2019-01-02,8.17
2019-01-03,8.32
2019-01-04,8.07
2019-01-05,8.14
2019-01-06,8.08
2019-01-07,8.59
2019-01-08,8.49
2019-01-09,8.45
2019-01-10,8.44
2019-01-11,7.64
2019-01-12,7.62
2019-01-13,7.58
2019-01-14,7.34
2019-01-15,7.64
2019-01-16,7.44
2019-01-17,7.48
2019-01-18,7.54
2019-01-19,7.45
2019-01-20,7.59
2019-01-21,7.27
2019-01-22,7.24
2019-01-23,7.33
2019-01-24,7.27
2019-01-25,7.3
2019-01-26,7.26
2019-01-27,7.24
2019-01-28,7.17
2019-01-29,6.96
2019-01-30,6.87
2019-01-31,6.95
2019-02-01,6.88
2019-02-02,6.91
2019-02-03,6.94
2019-02-04,6.84
2019-02-05,6.82
2019-02-06,6.83
2019-02-07,6.69
2019-02-08,6.67
2019-02-09,7.18
2019-02-10,7.17
2019-02-11,7.19
2019-02-12,7.08
2019-02-13,7.08
2019-02-14,7.05
2019-02-15,7.01
2019-02-16,7.01
2019-02-17,7.02
2019-02-18,7.09
2019-02-19,7.56
2019-02-20,7.57
2019-02-21,7.66
2019-02-22,7.63
2019-02-23,7.66
2019-02-24,7.91
2019-02-25,7.43
2019-02-26,7.34
2019-02-27,7.29
2019-02-28,7.24
2019-03-01,7.3
2019-03-02,7.26
2019-03-03,7.23
2019-03-04,7.17
2019-03-05,7.05
2019-03-06,7.21
2019-03-07,7.27
2019-03-08,7.28
2019-03-09,7.24
2019-03-10,7.35
2019-03-11,7.33
2019-03-12,7.24
2019-03-13,7.22
2019-03-14,7.22
2019-03-15,7.21
2019-03-16,7.28
2019-03-17,7.46
2019-03-18,7.4
2019-03-19,7.39
2019-03-20,7.43
2019-03-21,7.47
2019-03-22,7.39
2019-03-23,7.37
2019-03-24,7.37
2019-03-25,7.33
2019-03-26,7.21
2019-03-27,7.2
2019-03-28,7.34
2019-03-29,7.35
2019-03-30,7.44
2019-03-31,7.45
2019-04-01,7.42
2019-04-02,7.44
2019-04-03,8.57
2019-04-04,9.01
2019-04-05,8.81
2019-04-06,8.97
2019-04-07,9.05
2019-04-08,9.22
2019-04-09,9.37
2019-04-10,9.24
2019-04-11,9.41
2019-04-12,8.99
2019-04-13,8.88
2019-04-14,8.9
2019-04-15,8.98
2019-04-16,8.82
2019-04-17,9
2019-04-18,9.1
2019-04-19,9.17
2019-04-20,9.15
2019-04-21,9.2
2019-04-22,9.14
2019-04-23,9.25
2019-04-24,9.48
2019-04-25,9.39
2019-04-26,8.86
2019-04-27,8.91
2019-04-28,8.88
2019-04-29,8.93
2019-04-30,8.84
2019-05-01,8.99
2019-05-02,9.07
2019-05-03,9.22
2019-05-04,9.57
2019-05-05,9.68
2019-05-06,9.64
2019-05-07,9.53
2019-05-08,9.7
2019-05-09,9.79
2019-05-10,10.09
2019-05-11,10.38
2019-05-12,11.55
2019-05-13,11.59
2019-05-14,12.54
2019-05-15,13.03
2019-05-16,13.24
2019-05-17,12.92
2019-05-18,11.87
2019-05-19,11.85
2019-05-20,12.94
2019-05-21,12.84
2019-05-22,12.82
2019-05-23,12.4
2019-05-24,12.54
2019-05-25,12.81
2019-05-26,12.89
