2013-04-01,4.58
2013-04-02,4.09
2013-04-03,3.73
2013-04-04,4.13
2013-04-05,4.43
2013-04-06,4.83
2013-04-07,5.79
2013-04-08,5.19
2013-04-09,6.17
2013-04-10,6.04
2013-04-11,5.47
2013-04-12,3.43
2013-04-13,3.43
2013-04-14,3.99
2013-04-15,3.46
2013-04-16,3.39
2013-04-17,2.07
2013-04-18,3.3
2013-04-19,4.39
2013-04-20,4.38
2013-04-21,5.63
2013-04-22,5.73
2013-04-23,5.65
2013-04-24,4.63
2013-04-25,4.64
2013-04-26,4.88
2013-04-27,5.08
2013-04-28,6.44
2013-04-29,6.71
2013-04-30,5.49
2013-05-01,6.33
2013-05-02,4.34
2013-05-03,4.1
2013-05-04,3.9
2013-05-05,4.64
2013-05-06,4.9
2013-05-07,4.62
2013-05-08,3.93
2013-05-09,4.75
2013-05-10,3.48
2013-05-11,3.59
2013-05-12,3.22
2013-05-13,3.66
2013-05-14,4.03
2013-05-15,3.52
2013-05-16,3.67
2013-05-17,3.94
2013-05-18,4.29
2013-05-19,4.95
2013-05-20,5.46
2013-05-21,5.28
2013-05-22,4.74
2013-05-23,4.95
2013-05-24,4.36
2013-05-25,5.02
2013-05-26,5.46
2013-05-27,7.07
2013-05-28,5.11
2013-05-29,4.6
2013-05-30,5.02
2013-05-31,4.8
2013-06-01,4.97
2013-06-02,5.05
2013-06-03,5.17
2013-06-04,4.43
2013-06-05,4.49
2013-06-06,4.46
2013-06-07,4.63
2013-06-08,4.53
2013-06-09,4.84
2013-06-10,4.76
2013-06-11,4.99
2013-06-12,4.7
2013-06-13,5.05
2013-06-14,5.13
2013-06-15,4.35
2013-06-16,6.11
2013-06-17,4.97
2013-06-18,4.65
2013-06-19,5.06
2013-06-20,4.87
2013-06-21,4.35
2013-06-22,5.05
2013-06-23,5.13
2013-06-24,5.91
2013-06-25,4.88
2013-06-26,5.02
2013-06-27,4.67
2013-06-28,4.82
2013-06-29,3.95
2013-06-30,5.74
2013-07-01,7.02
2013-07-02,4.87
2013-07-03,4.82
2013-07-04,4.88
2013-07-05,4.85
2013-07-06,4.04
2013-07-07,4.58
2013-07-08,5.12
2013-07-09,4.3
2013-07-10,3.97
2013-07-11,4.5
2013-07-12,4.36
2013-07-13,3.97
2013-07-14,5.37
2013-07-15,6.07
2013-07-16,5.55
2013-07-17,5.06
2013-07-18,5.06
2013-07-19,4.6
2013-07-20,5.32
2013-07-21,5.65
2013-07-22,5.47
2013-07-23,4.75
2013-07-24,5.05
2013-07-25,4.53
2013-07-26,4.76
2013-07-27,5.32
2013-07-28,5.54
2013-07-29,5.35
2013-07-30,5.15
2013-07-31,4.81
2013-08-01,4.43
2013-08-02,4.11
2013-08-03,4.02
2013-08-04,4.8
2013-08-05,4.87
2013-08-06,4.23
2013-08-07,3.88
2013-08-08,3.55
2013-08-09,3.56
2013-08-10,4
2013-08-11,4.01
2013-08-12,5.52
2013-08-13,4.21
2013-08-14,3.96
2013-08-15,4.33
2013-08-16,3.75
2013-08-17,2.92
2013-08-18,3.78
2013-08-19,3.87
2013-08-20,3.18
2013-08-21,3.7
2013-08-22,3.82
2013-08-23,3.58
2013-08-24,4.26
2013-08-25,4.58
2013-08-26,5.36
2013-08-27,4.36
2013-08-28,4.11
2013-08-29,3.84
2013-08-30,4.3
2013-08-31,4.31
2013-09-01,6.16
2013-09-02,6.03
2013-09-03,5.37
2013-09-04,5.35
2013-09-05,5.19
2013-09-06,4.17
2013-09-07,4.03
2013-09-08,5.08
2013-09-09,5.68
2013-09-10,4.48
2013-09-11,5.08
2013-09-12,5.66
2013-09-13,5.16
2013-09-14,6.22
2013-09-15,6.49
2013-09-16,5
2013-09-17,5.07
2013-09-18,3.93
2013-09-19,4.61
2013-09-20,4.4
2013-09-21,4.59
2013-09-22,5.08
2013-09-23,5.19
2013-09-24,3.98
2013-09-25,4.21
2013-09-26,4.81
2013-09-27,4.71
2013-09-28,6
2013-09-29,6.7
2013-09-30,6.97
2013-10-01,5.91
2013-10-02,4.58
2013-10-03,3.84
2013-10-04,4.27
2013-10-05,5.24
2013-10-06,5.88
2013-10-07,6.23
2013-10-08,5.83
2013-10-09,6.2
2013-10-10,5.28
2013-10-11,4.78
2013-10-12,5.51
2013-10-13,5.68
2013-10-14,5.65
2013-10-15,5.06
2013-10-16,5.29
2013-10-17,6.22
2013-10-18,6.53
2013-10-19,5.7
2013-10-20,6.18
2013-10-21,7.63
2013-10-22,6.34
2013-10-23,6.26
2013-10-24,7.52
2013-10-25,6.12
2013-10-26,6.48
2013-10-27,8.39
2013-10-28,9.27
2013-10-29,8.12
2013-10-30,8.54
2013-10-31,8.63
2013-11-01,7.61
2013-11-02,9.68
2013-11-03,11.13
2013-11-04,13.34
2013-11-05,10.45
2013-11-06,10.58
2013-11-07,10.12
2013-11-08,10.38
2013-11-09,11.66
2013-11-10,12.93
2013-11-11,12.47
2013-11-12,12.55
2013-11-13,12.91
2013-11-14,12.77
2013-11-15,12.35
2013-11-16,15.83
2013-11-17,20.46
2013-11-18,20.34
2013-11-19,16.15
2013-11-20,12.11
2013-11-21,17.47
2013-11-22,19.5
2013-11-23,20.43
2013-11-24,22.34
2013-11-25,26.58
2013-11-26,24.53
2013-11-27,20.84
2013-11-28,20.91
2013-11-29,21.21
2013-11-30,24.78
2013-12-01,30.35
2013-12-02,27.09
2013-12-03,27.68
2013-12-04,28.77
2013-12-05,27.5
2013-12-06,23.91
2013-12-07,22.74
2013-12-08,22.89
2013-12-09,36.44
2013-12-10,29.32
2013-12-11,28.27
2013-12-12,27.05
2013-12-13,33.09
2013-12-14,30.1
2013-12-15,34.16
2013-12-16,32.35
2013-12-17,20.79
2013-12-18,19.43
2013-12-19,14.07
2013-12-20,20.39
2013-12-21,19.18
2013-12-22,23.92
2013-12-23,25.45
2013-12-24,26.07
2013-12-25,25.1
2013-12-26,27.17
2013-12-27,30.8
2013-12-28,28.93
2013-12-29,33.16
2013-12-30,30.71
2013-12-31,28.99
2014-01-01,33.32
2014-01-02,39.12
2014-01-03,30.92
2014-01-04,27.82
2014-01-05,35.23
2014-01-06,34.86
2014-01-07,28.28
2014-01-08,28.18
2014-01-09,28.88
2014-01-10,29.81
2014-01-11,34.13
2014-01-12,33.66
2014-01-13,36.94
2014-01-14,32.64
2014-01-15,31.36
2014-01-16,28.68
2014-01-17,31.92
2014-01-18,28.89
2014-01-19,34.61
2014-01-20,38.43
2014-01-21,28.58
2014-01-22,24.44
2014-01-23,27.29
2014-01-24,27.66
2014-01-25,25
2014-01-26,34.09
2014-01-27,35.14
2014-01-28,25.36
2014-01-29,25.88
2014-01-30,28.84
2014-01-31,28.11
2014-02-01,29.34
2014-02-02,31.89
2014-02-03,34.4
2014-02-04,28.45
2014-02-05,25.51
2014-02-06,24.99
2014-02-07,23.2
2014-02-08,20.29
2014-02-09,22.38
2014-02-10,25.04
2014-02-11,21.18
2014-02-12,20.36
2014-02-13,22.39
2014-02-14,18.31
2014-02-15,18.33
2014-02-16,21.96
2014-02-17,22.18
2014-02-18,21.19
2014-02-19,19.88
2014-02-20,17.61
2014-02-21,16.91
2014-02-22,16.57
2014-02-23,21.85
2014-02-24,20.92
2014-02-25,15.05
2014-02-26,13.56
2014-02-27,16.53
2014-02-28,16.43
2014-03-01,16.39
2014-03-02,19
2014-03-03,20.25
2014-03-04,16.56
2014-03-05,16.22
2014-03-06,18.54
2014-03-07,19.59
2014-03-08,17.83
2014-03-09,19.71
2014-03-10,21.62
2014-03-11,17.98
2014-03-12,16.7
2014-03-13,17.1
2014-03-14,17.93
2014-03-15,18.67
2014-03-16,21.75
2014-03-17,22.11
2014-03-18,19.98
2014-03-19,23.15
2014-03-20,17.19
2014-03-21,16.48
2014-03-22,16.85
2014-03-23,17.23
2014-03-24,20.19
2014-03-25,17.15
2014-03-26,15.83
2014-03-27,17.89
2014-03-28,14.27
2014-03-29,16.24
2014-03-30,19.13
2014-03-31,17.74
2014-04-01,14.39
2014-04-02,15.26
2014-04-03,14.29
2014-04-04,13.45
2014-04-05,14.28
2014-04-06,17.54
2014-04-07,19.16
2014-04-08,13.99
2014-04-09,13.91
2014-04-10,14.09
2014-04-11,11.51
2014-04-12,13.41
2014-04-13,18.82
2014-04-14,17.3
2014-04-15,13.71
2014-04-16,13.91
2014-04-17,15.7
2014-04-18,15.61
2014-04-19,18.04
2014-04-20,19.76
2014-04-21,21.99
2014-04-22,16.9
2014-04-23,13.19
2014-04-24,13.15
2014-04-25,14.13
2014-04-26,12.86
2014-04-27,19.21
2014-04-28,17.59
2014-04-29,14.01
2014-04-30,14.24
2014-05-01,14.47
2014-05-02,15.94
2014-05-03,15.47
2014-05-04,17.08
2014-05-05,16.93
2014-05-06,13.8
2014-05-07,11.48
2014-05-08,12.88
2014-05-09,13.2
2014-05-10,13.89
2014-05-11,16.77
2014-05-12,17.16
2014-05-13,12.19
2014-05-14,13.33
2014-05-15,13.17
2014-05-16,12.09
2014-05-17,14.24
2014-05-18,17.48
2014-05-19,18.43
2014-05-20,15.54
2014-05-21,13.68
2014-05-22,14.47
2014-05-23,14.67
2014-05-24,14.45
2014-05-25,21.97
2014-05-26,20.58
2014-05-27,18.45
2014-05-28,16.88
2014-05-29,16.27
2014-05-30,18.98
2014-05-31,19.11
2014-06-01,25.66
2014-06-02,24.03
2014-06-03,20.59
2014-06-04,19.91
2014-06-05,19.87
2014-06-06,20.58
2014-06-07,21.95
2014-06-08,25.99
2014-06-09,29.37
2014-06-10,23.33
2014-06-11,20.74
2014-06-12,21.32
2014-06-13,19.82
2014-06-14,18.92
2014-06-15,22.49
2014-06-16,22.14
2014-06-17,18.09
2014-06-18,17.89
2014-06-19,19.9
2014-06-20,19.96
2014-06-21,21.67
2014-06-22,24.51
2014-06-23,25.07
2014-06-24,20.39
2014-06-25,18.91
2014-06-26,18.35
2014-06-27,19.75
2014-06-28,19.74
2014-06-29,23.3
2014-06-30,25.19
2014-07-01,18.63
2014-07-02,19.1
2014-07-03,20.41
2014-07-04,21.5
2014-07-05,22.12
2014-07-06,27.38
2014-07-07,25.52
2014-07-08,19.61
2014-07-09,18.5
2014-07-10,18.44
2014-07-11,20.44
2014-07-12,22.4
2014-07-13,24.77
2014-07-14,25.57
2014-07-15,20.16
2014-07-16,17.95
2014-07-17,19.4
2014-07-18,19.61
2014-07-19,20.32
2014-07-20,22.44
2014-07-21,24.54
2014-07-22,20.33
2014-07-23,19.07
2014-07-24,19.27
2014-07-25,18.95
2014-07-26,20.07
2014-07-27,21.95
2014-07-28,24.46
2014-07-29,18.64
2014-07-30,19.38
2014-07-31,18.05
2014-08-01,17.11
2014-08-02,18.62
2014-08-03,22.37
2014-08-04,22.7
2014-08-05,17.88
2014-08-06,16.03
2014-08-07,15.42
2014-08-08,17.44
2014-08-09,18
2014-08-10,20.05
2014-08-11,20.9
2014-08-12,16.23
2014-08-13,14.35
2014-08-14,14.94
2014-08-15,12.95
2014-08-16,13.92
2014-08-17,16.18
2014-08-18,17.25
2014-08-19,13.2
2014-08-20,13.16
2014-08-21,14.18
2014-08-22,14.59
2014-08-23,15.86
2014-08-24,18.16
2014-08-25,18.66
2014-08-26,14.91
2014-08-27,14.5
2014-08-28,13.79
2014-08-29,15.49
2014-08-30,15.5
2014-08-31,17.1
2014-09-01,17.24
2014-09-02,14.22
2014-09-03,13.37
2014-09-04,14.15
2014-09-05,14.06
2014-09-06,14.11
2014-09-07,16.69
2014-09-08,16.72
2014-09-09,12.6
2014-09-10,11.8
2014-09-11,13.12
2014-09-12,15.34
2014-09-13,14.57
2014-09-14,16.48
2014-09-15,14.44
2014-09-16,12.41
2014-09-17,10.25
2014-09-18,11.8
2014-09-19,11.42
2014-09-20,11.7
2014-09-21,13.19
2014-09-22,14.56
2014-09-23,11.15
2014-09-24,11.29
2014-09-25,11.55
2014-09-26,10.63
2014-09-27,11.3
2014-09-28,13.7
2014-09-29,12.58
2014-09-30,9.7
2014-10-01,10.17
2014-10-02,9.61
2014-10-03,10.54
2014-10-04,10.02
2014-10-05,10.36
2014-10-06,9.86
2014-10-07,8.61
2014-10-08,8.76
2014-10-09,8.91
2014-10-10,9
2014-10-11,9.22
2014-10-12,11.57
2014-10-13,11.79
2014-10-14,10.1
2014-10-15,9.85
2014-10-16,10.76
2014-10-17,10.32
2014-10-18,11.53
2014-10-19,11.98
2014-10-20,12.34
2014-10-21,9.41
2014-10-22,9.53
2014-10-23,9.83
2014-10-24,9.17
2014-10-25,8.9
2014-10-26,10.42
2014-10-27,10.22
2014-10-28,8.38
2014-10-29,8.12
2014-10-30,7.23
2014-10-31,7.51
2014-11-01,8.05
2014-11-02,9.69
2014-11-03,8.66
2014-11-04,7.28
2014-11-05,7.3
2014-11-06,7.72
2014-11-07,7.69
2014-11-08,8.29
2014-11-09,9.43
2014-11-10,10.06
2014-11-11,8.46
2014-11-12,8.79
2014-11-13,8.47
2014-11-14,9.32
2014-11-15,9.39
2014-11-16,10.73
2014-11-17,10.47
2014-11-18,8.92
2014-11-19,8.69
2014-11-20,8.53
2014-11-21,8.49
2014-11-22,8.85
2014-11-23,9.61
2014-11-24,9.47
2014-11-25,8.89
2014-11-26,9.23
2014-11-27,8.55
2014-11-28,8.94
2014-11-29,8.95
2014-11-30,9.57
2014-12-01,9.06
2014-12-02,7.53
2014-12-03,7.63
2014-12-04,7.9
2014-12-05,7.48
2014-12-06,8.33
2014-12-07,9.58
2014-12-08,10.33
2014-12-09,8.08
2014-12-10,7.8
2014-12-11,7.86
2014-12-12,8.45
2014-12-13,9.02
2014-12-14,9.46
2014-12-15,8.74
2014-12-16,7.02
2014-12-17,6.66
2014-12-18,6.6
2014-12-19,6.6
2014-12-20,6.69
2014-12-21,7.66
2014-12-22,8.26
2014-12-23,6.85
2014-12-24,6.68
2014-12-25,8.23
2014-12-26,9.71
2014-12-27,8.62
2014-12-28,8.28
2014-12-29,8.95
2014-12-30,7.41
2014-12-31,7.57
2015-01-01,8.55
2015-01-02,10.93
2015-01-03,7.69
2015-01-04,7.32
2015-01-05,6.66
2015-01-06,5.68
2015-01-07,6.42
2015-01-08,6.37
2015-01-09,5.4
2015-01-10,5.53
2015-01-11,5.18
2015-01-12,6.04
2015-01-13,5.33
2015-01-14,4.78
2015-01-15,3.57
2015-01-16,3.43
2015-01-17,3.97
2015-01-18,4.57
2015-01-19,5.06
2015-01-20,4.35
2015-01-21,4.22
2015-01-22,4.74
2015-01-23,4.88
2015-01-24,4.96
2015-01-25,6.21
2015-01-26,5.91
2015-01-27,5.04
2015-01-28,5.27
2015-01-29,5.73
2015-01-30,5.05
2015-01-31,5.85
2015-02-01,5.22
2015-02-02,5.83
2015-02-03,5.34
2015-02-04,5.05
2015-02-05,5.14
2015-02-06,5.05
2015-02-07,5.31
2015-02-08,5.36
2015-02-09,5.44
2015-02-10,4.18
2015-02-11,4.29
2015-02-12,4.47
2015-02-13,5.06
2015-02-14,4.11
2015-02-15,5
2015-02-16,5.93
2015-02-17,4.52
2015-02-18,4.62
2015-02-19,4.55
2015-02-20,5.14
2015-02-21,4.89
2015-02-22,5.6
2015-02-23,5.69
2015-02-24,4.55
2015-02-25,4.6
2015-02-26,4.58
2015-02-27,4.66
2015-02-28,4.86
2015-03-01,5.9
2015-03-02,5.82
2015-03-03,4.97
2015-03-04,5.01
2015-03-05,5.58
2015-03-06,5.62
2015-03-07,5.86
2015-03-08,6.1
2015-03-09,6.15
2015-03-10,5.33
2015-03-11,5.72
2015-03-12,5.69
2015-03-13,6.34
2015-03-14,5.94
2015-03-15,6.24
2015-03-16,6.87
2015-03-17,5.47
2015-03-18,5.76
2015-03-19,5.39
2015-03-20,4.8
2015-03-21,5.08
2015-03-22,5.41
2015-03-23,5.94
2015-03-24,5.18
2015-03-25,5.43
2015-03-26,5.01
2015-03-27,4.91
2015-03-28,5.03
2015-03-29,5.72
2015-03-30,5.34
2015-03-31,4.73
2015-04-01,4.21
2015-04-02,3.99
2015-04-03,4.54
2015-04-04,4.76
2015-04-05,5.83
2015-04-06,5.35
2015-04-07,4.83
2015-04-08,4.44
2015-04-09,4.47
2015-04-10,4.08
2015-04-11,4.27
2015-04-12,4.71
2015-04-13,5.52
2015-04-14,3.86
2015-04-15,4.02
2015-04-16,4.08
2015-04-17,4.58
2015-04-18,4.42
2015-04-19,4.57
2015-04-20,4.85
2015-04-21,3.8
2015-04-22,4.13
2015-04-23,4.1
2015-04-24,4.24
2015-04-25,4.32
2015-04-26,4.52
2015-04-27,4.7
2015-04-28,3.92
2015-04-29,3.93
2015-04-30,3.84
2015-05-01,4.21
2015-05-02,4.6
2015-05-03,5.09
2015-05-04,5.82
2015-05-05,4.55
2015-05-06,4.02
2015-05-07,4.15
2015-05-08,4.23
2015-05-09,4.37
2015-05-10,5.04
2015-05-11,5.58
2015-05-12,4.36
2015-05-13,4.37
2015-05-14,4.31
2015-05-15,4.66
2015-05-16,4.53
2015-05-17,5.35
2015-05-18,5.36
2015-05-19,4.85
2015-05-20,4.26
2015-05-21,4.45
2015-05-22,4.81
2015-05-23,4.63
2015-05-24,5.56
2015-05-25,5.31
2015-05-26,4.39
2015-05-27,4.24
2015-05-28,4.44
2015-05-29,4.26
2015-05-30,3.52
2015-05-31,3.76
2015-06-01,4.76
2015-06-02,3.3
2015-06-03,3.51
2015-06-04,3.41
2015-06-05,3.88
2015-06-06,4.11
2015-06-07,4.85
2015-06-08,5.52
2015-06-09,4.05
2015-06-10,3.73
2015-06-11,3.46
2015-06-12,3.75
2015-06-13,3.61
2015-06-14,4.44
2015-06-15,4.42
2015-06-16,3.6
2015-06-17,4.03
2015-06-18,3.7
2015-06-19,3.86
2015-06-20,3.83
2015-06-21,4.86
2015-06-22,5.05
2015-06-23,4.08
2015-06-24,3.78
2015-06-25,4.22
2015-06-26,4.41
2015-06-27,4.06
2015-06-28,4.78
2015-06-29,4.98
2015-06-30,4
2015-07-01,3.24
2015-07-02,3.52
2015-07-03,3.47
2015-07-04,3.91
2015-07-05,4.97
2015-07-06,4.62
2015-07-07,2.85
2015-07-08,2.64
2015-07-09,2.65
2015-07-10,2.61
2015-07-11,2.84
2015-07-12,2.96
2015-07-13,2.77
2015-07-14,3.51
2015-07-15,4.54
2015-07-16,5.08
2015-07-17,4.74
2015-07-18,4.78
2015-07-19,4.01
2015-07-20,4.58
2015-07-21,4.34
2015-07-22,4.03
2015-07-23,4.19
2015-07-24,5.02
2015-07-25,5.25
2015-07-26,5.72
2015-07-27,6.26
2015-07-28,5.06
2015-07-29,4.7
2015-07-30,4.02
2015-07-31,4.53
2015-08-01,3.79
2015-08-02,3.66
2015-08-03,5.39
2015-08-04,4.65
2015-08-05,4.17
2015-08-06,4.2
2015-08-07,4.04
2015-08-08,4.72
2015-08-09,5.29
2015-08-10,6.05
2015-08-11,4.5
2015-08-12,4.56
2015-08-13,4.48
2015-08-14,4.51
2015-08-15,4.76
2015-08-16,5.48
2015-08-17,5.89
2015-08-18,4.11
2015-08-19,4.05
2015-08-20,3.9
2015-08-21,3.85
2015-08-22,4.08
2015-08-23,4.34
2015-08-25,3.33
2015-08-26,3.5
2015-08-27,3.59
2015-08-28,3.81
2015-08-29,3.77
2015-08-30,4.18
2015-08-31,4.73
2015-09-01,3.49
2015-09-02,3.41
2015-09-03,2.93
2015-09-04,3.57
2015-09-05,4.5
2015-09-06,3.59
2015-09-07,4.51
2015-09-08,3.79
2015-09-09,3.73
2015-09-10,3.8
2015-09-11,3.8
2015-09-12,2.49
2015-09-13,3.37
2015-09-14,3.1
2015-09-15,2.6
2015-09-16,2.73
2015-09-17,2.6
2015-09-18,1.68
2015-09-19,2.76
2015-09-20,4.01
2015-09-21,4.27
2015-09-22,3.36
2015-09-23,3.32
2015-09-24,3.39
2015-09-25,3.65
2015-09-26,3.64
2015-09-27,4
2015-09-28,4.25
2015-09-29,3.41
2015-09-30,3.27
2015-10-01,3.27
2015-10-02,3.41
2015-10-03,3.28
2015-10-04,4.09
2015-10-05,4.68
2015-10-06,3.62
2015-10-07,3.29
2015-10-08,3.51
2015-10-09,3.54
2015-10-10,4.02
2015-10-11,3.9
2015-10-12,4.73
2015-10-13,3.55
2015-10-14,3.61
2015-10-15,3.42
2015-10-16,3.25
2015-10-17,3.57
2015-10-18,3.72
2015-10-19,4.62
2015-10-20,3.49
2015-10-21,3.54
2015-10-22,3.63
2015-10-23,3.47
2015-10-24,3.9
2015-10-25,3.79
2015-10-26,4.32
2015-10-27,4.99
2015-10-28,3.69
2015-10-29,3.6
2015-10-30,3.73
2015-10-31,3.82
2015-11-01,4.13
2015-11-02,4.04
2015-11-03,3.81
2015-11-04,4.02
2015-11-05,4.02
2015-11-06,4.11
2015-11-07,4.28
2015-11-08,4.92
2015-11-09,5.46
2015-11-10,4.66
2015-11-11,4.14
2015-11-12,3.72
2015-11-13,3.97
2015-11-14,4.21
2015-11-15,4.32
2015-11-16,4.51
2015-11-17,3.92
2015-11-18,4.06
2015-11-19,3.85
2015-11-20,4.27
2015-11-21,3.92
2015-11-22,4.23
2015-11-23,4.87
2015-11-24,4.25
2015-11-25,4.07
2015-11-26,4.23
2015-11-27,4.07
2015-11-28,4.24
2015-11-29,4.17
2015-11-30,5.49
2015-12-01,3.83
2015-12-02,3.93
2015-12-03,3.72
2015-12-04,4.24
2015-12-05,4.03
2015-12-06,3.89
2015-12-07,4.23
2015-12-08,3.85
2015-12-09,3.84
2015-12-10,3.58
2015-12-11,3.74
2015-12-12,3.96
2015-12-13,3.98
2015-12-14,4.39
2015-12-15,3.56
2015-12-16,3.83
2015-12-17,3.82
2015-12-18,4
2015-12-19,3.98
2015-12-20,4.17
2015-12-21,4.3
2015-12-22,3.49
2015-12-23,3.75
2015-12-24,3.76
2015-12-25,3.99
2015-12-26,4.9
2015-12-27,4.48
2015-12-28,5.03
2015-12-29,4.6
2015-12-30,4.42
2015-12-31,4.6
2016-01-01,5.39
2016-01-02,6.83
2016-01-03,5.66
2016-01-04,5.72
2016-01-05,4.64
2016-01-06,4.47
2016-01-07,4.78
2016-01-08,4.5
2016-01-09,4.8
2016-01-10,4.57
2016-01-11,5.52
2016-01-12,4.39
2016-01-13,4.3
2016-01-14,4.23
2016-01-15,4.35
2016-01-16,4.05
2016-01-17,3.65
2016-01-18,3.69
2016-01-19,3.33
2016-01-20,3.87
2016-01-21,3.67
2016-01-22,3.51
2016-01-23,3.35
2016-01-24,3.94
2016-01-25,3.69
2016-01-26,3.28
2016-01-27,3.21
2016-01-28,3.18
2016-01-29,3.22
2016-01-30,3.17
2016-01-31,3.66
2016-02-01,4.01
2016-02-02,3.07
2016-02-03,2.92
2016-02-04,3.78
2016-02-05,3.6
2016-02-06,3.23
2016-02-07,3.08
2016-02-08,3.36
2016-02-09,3.05
2016-02-10,3
2016-02-11,3.1
2016-02-12,3.21
2016-02-13,3.6
2016-02-14,4.05
2016-02-15,4.04
2016-02-16,3.42
2016-02-17,3.55
2016-02-18,3.49
2016-02-19,3.7
2016-02-20,3.64
2016-02-21,3.8
2016-02-22,3.96
2016-02-23,3.44
2016-02-24,3.15
2016-02-25,3.62
2016-02-26,3.65
2016-02-27,3.97
2016-02-28,4.66
2016-02-29,3.37
2016-03-01,3.05
2016-03-02,2.9
2016-03-03,2.96
2016-03-04,3.44
2016-03-05,3.87
2016-03-06,3.18
2016-03-07,4.86
2016-03-08,4.18
2016-03-09,3.95
2016-03-10,4.2
2016-03-11,4.15
2016-03-12,4.05
2016-03-13,4.75
2016-03-14,5.41
2016-03-15,4.16
2016-03-16,3.84
2016-03-17,3.7
2016-03-18,3.8
2016-03-19,3.78
2016-03-20,4.31
2016-03-21,4.49
2016-03-22,3.9
2016-03-23,3.87
2016-03-24,4.17
2016-03-25,4.17
2016-03-26,4.67
2016-03-27,5.04
2016-03-28,5.14
2016-03-29,3.99
2016-03-30,3.91
2016-03-31,3.94
2016-04-01,3.72
2016-04-02,3.86
2016-04-03,4.19
2016-04-04,4.66
2016-04-05,3.77
2016-04-06,3.61
2016-04-07,3.6
2016-04-08,3.57
2016-04-09,3.75
2016-04-10,4
2016-04-11,4.28
2016-04-12,3.37
2016-04-13,3.39
2016-04-14,3.52
2016-04-15,3.47
2016-04-16,3.78
2016-04-17,4.54
2016-04-18,4.19
2016-04-19,3.61
2016-04-20,3.6
2016-04-21,3.91
2016-04-22,3.9
2016-04-23,4.01
2016-04-24,4.66
2016-04-25,4.78
2016-04-26,3.9
2016-04-27,3.44
2016-04-28,3.4
2016-04-29,3.39
2016-04-30,3.24
2016-05-01,3.87
2016-05-02,4.62
2016-05-03,3.7
2016-05-04,3.6
2016-05-05,3.48
2016-05-06,3.66
2016-05-07,3.55
2016-05-08,4.42
2016-05-09,4.72
2016-05-10,3.75
2016-05-11,3.4
2016-05-12,3.56
2016-05-13,3.73
2016-05-14,3.68
2016-05-15,4.12
2016-05-16,4.2
2016-05-17,3.6
2016-05-18,3.45
2016-05-19,3.6
2016-05-20,3.92
2016-05-21,3.92
2016-05-22,4.52
2016-05-23,4.5
2016-05-24,3.62
2016-05-25,3.45
2016-05-26,3.34
2016-05-27,3.87
2016-05-28,4.17
2016-05-29,5.24
2016-05-30,5.41
2016-05-31,4.89
2016-06-01,4.55
2016-06-02,4.35
2016-06-03,4.31
2016-06-04,4.63
2016-06-05,5.54
2016-06-06,5.77
2016-06-07,4.91
2016-06-08,4.53
2016-06-09,4.69
2016-06-10,4.67
2016-06-11,4.77
2016-06-12,5.34
2016-06-13,5.83
2016-06-14,5.11
2016-06-15,5.22
2016-06-16,4.97
2016-06-17,5.2
2016-06-18,5.55
2016-06-19,5.93
2016-06-20,6.68
2016-06-21,5.36
2016-06-22,4.89
2016-06-23,4.82
2016-06-24,4.96
2016-06-25,5.19
2016-06-26,5.92
2016-06-27,6.72
2016-06-28,5.56
2016-06-29,5.68
2016-06-30,5.32
2016-07-01,5.49
2016-07-02,6.08
2016-07-03,6.78
2016-07-04,6.99
2016-07-05,5.93
2016-07-06,5.86
2016-07-07,5.66
2016-07-08,5.72
2016-07-09,5.86
2016-07-10,6.75
2016-07-11,7.65
2016-07-12,5.53
2016-07-13,5.7
2016-07-14,5.67
2016-07-15,5.52
2016-07-16,5.9
2016-07-17,6.94
2016-07-18,7.6
2016-07-19,5.66
2016-07-20,5.66
2016-07-21,5.52
2016-07-22,5.58
2016-07-23,5.55
2016-07-24,6.28
2016-07-25,6.78
2016-07-26,5.1
2016-07-27,5.12
2016-07-28,5.3
2016-07-29,5.08
2016-07-30,5.34
2016-07-31,6.15
2016-08-01,6.16
2016-08-02,5.1
2016-08-03,4.15
2016-08-04,4.32
2016-08-05,4.61
2016-08-06,4.64
2016-08-07,5.66
2016-08-08,5.87
2016-08-09,4.69
2016-08-10,4.73
2016-08-11,4.4
2016-08-12,4.34
2016-08-13,4.67
2016-08-14,5.02
2016-08-15,5.53
2016-08-16,5.22
2016-08-17,4.16
2016-08-18,4.53
2016-08-19,4.48
2016-08-20,4.34
2016-08-21,5.04
2016-08-22,6.06
2016-08-23,4.89
2016-08-24,4.53
2016-08-25,4.48
2016-08-26,4.62
2016-08-27,4.78
2016-08-28,5.6
2016-08-29,6.33
2016-08-30,4.64
2016-08-31,4.29
2016-09-01,4.73
2016-09-02,4.57
2016-09-03,4.69
2016-09-04,6.31
2016-09-05,6.43
2016-09-06,4.81
2016-09-07,5.01
2016-09-08,4.49
2016-09-09,5.16
2016-09-10,5.36
2016-09-11,5.99
2016-09-12,6.46
2016-09-13,5.36
2016-09-14,4.76
2016-09-15,4.99
2016-09-16,4.83
2016-09-17,5.25
2016-09-18,5.36
2016-09-19,6.03
2016-09-20,5.05
2016-09-21,4.64
2016-09-22,4.66
2016-09-23,4.84
2016-09-24,4.87
2016-09-25,5.57
2016-09-26,5.77
2016-09-27,4.87
2016-09-28,4.61
2016-09-29,4.8
2016-09-30,4.66
2016-10-01,4.54
2016-10-02,5.32
2016-10-03,6.1
2016-10-04,4.29
2016-10-05,4.3
2016-10-06,4.18
2016-10-07,4.15
2016-10-08,4.24
2016-10-09,4.65
2016-10-10,5.39
2016-10-11,5.16
2016-10-12,4.49
2016-10-13,5.08
2016-10-14,5.14
2016-10-15,5
2016-10-16,5.72
2016-10-17,6.07
2016-10-18,4.98
2016-10-19,4.71
2016-10-20,6.14
2016-10-21,4.17
2016-10-22,4.52
2016-10-23,5.6
2016-10-24,6.42
2016-10-25,5.43
2016-10-26,5.13
2016-10-27,5.71
2016-10-28,3.74
2016-10-29,5.26
2016-10-30,5.73
2016-10-31,6.43
2016-11-01,5.35
2016-11-02,5.43
2016-11-03,5.08
2016-11-04,4.7
2016-11-05,5.26
2016-11-06,5.55
2016-11-07,5.91
2016-11-08,4.67
2016-11-09,4.44
2016-11-10,4.88
2016-11-11,4.96
2016-11-12,5.11
2016-11-13,5.66
2016-11-14,6.16
2016-11-15,4.76
2016-11-16,4.71
2016-11-17,4.66
2016-11-18,5
2016-11-19,5.02
2016-11-20,5.54
2016-11-21,5.54
2016-11-22,4.74
2016-11-23,4.81
2016-11-24,5.04
2016-11-25,3.98
2016-11-26,4.25
2016-11-27,4.96
2016-11-28,5.56
2016-11-29,4.51
2016-11-30,4.64
2016-12-01,4.66
2016-12-02,6.01
2016-12-03,4.37
2016-12-04,4.88
2016-12-05,5.78
2016-12-06,4.96
2016-12-07,4.28
2016-12-08,4.52
2016-12-09,4.94
2016-12-10,5.35
2016-12-11,5.81
2016-12-12,6.31
2016-12-13,5.25
2016-12-14,4.82
2016-12-15,4.95
2016-12-16,5.06
2016-12-17,5.14
2016-12-18,6.21
2016-12-19,6.17
2016-12-20,5.09
2016-12-21,4.96
2016-12-22,4.68
2016-12-23,4.98
2016-12-24,5.47
2016-12-25,6.92
2016-12-26,8.56
2016-12-27,6.73
2016-12-28,5.81
2016-12-29,5.78
2016-12-30,5.76
2016-12-31,6.15
2017-01-01,7.28
2017-01-02,10.67
2017-01-03,6.44
2017-01-04,6.13
2017-01-05,5.94
2017-01-06,6.24
2017-01-07,4.71
2017-01-08,5.86
2017-01-09,6.52
2017-01-10,6.01
2017-01-11,5.1
2017-01-12,4.77
2017-01-13,5.11
2017-01-14,5.4
2017-01-15,6.25
2017-01-16,6.68
2017-01-17,5.57
2017-01-18,5.7
2017-01-19,5.35
2017-01-20,5.44
2017-01-21,5.49
2017-01-22,6.56
2017-01-23,7.2
2017-01-24,7.34
2017-01-25,5.84
2017-01-26,5.29
2017-01-27,5.32
2017-01-28,6.48
2017-01-29,6.9
2017-01-30,7.05
2017-01-31,6.73
2017-02-01,5.61
2017-02-02,5.12
2017-02-03,7.21
2017-02-04,5.7
2017-02-05,6.62
2017-02-06,6.31
2017-02-07,8.44
2017-02-08,5.79
2017-02-09,6.21
2017-02-10,5.16
2017-02-11,5.92
2017-02-12,7.17
2017-02-13,7.96
2017-02-14,6.22
2017-02-15,5.79
2017-02-16,6.39
2017-02-17,6.49
2017-02-18,5.98
2017-02-19,6.85
2017-02-20,7.72
2017-02-21,6.98
2017-02-22,7.36
2017-02-23,7.39
2017-02-24,6.43
2017-02-25,6.19
2017-02-26,6.52
2017-02-27,7.95
2017-02-28,7.7
2017-03-01,6.58
2017-03-02,7.08
2017-03-03,6.87
2017-03-04,6.93
2017-03-05,8.72
2017-03-06,8.37
2017-03-07,8.15
2017-03-08,6.87
2017-03-09,7.11
2017-03-10,7.11
2017-03-11,6.91
2017-03-12,7.74
2017-03-13,10.27
2017-03-14,8.39
2017-03-15,7.21
2017-03-16,7.86
2017-03-17,6.66
2017-03-18,6.81
2017-03-19,6.94
2017-03-20,7.11
2017-03-21,6.77
2017-03-22,7.11
2017-03-23,5.96
2017-03-24,6.57
2017-03-25,6.09
2017-03-26,7.12
2017-03-27,8.58
2017-03-28,7.96
2017-03-29,6.46
2017-03-30,6.76
2017-03-31,6.63
2017-04-01,7.47
2017-04-02,7.86
2017-04-03,8.49
2017-04-04,7.18
2017-04-05,8.27
2017-04-06,6.46
2017-04-07,7.5
2017-04-08,7.36
2017-04-09,9.68
2017-04-10,9.51
2017-04-11,8.08
2017-04-12,7.2
2017-04-13,8.09
2017-04-14,9.62
2017-04-15,7.56
2017-04-16,8.11
2017-04-17,10.51
2017-04-18,8.94
2017-04-19,7.29
2017-04-20,7.19
2017-04-21,8.6
2017-04-22,7.03
2017-04-23,8.47
2017-04-24,9.68
2017-04-25,10.25
2017-04-26,7.15
2017-04-27,7.06
2017-04-28,8.15
2017-04-29,7.95
2017-04-30,7.1
2017-05-01,8.97
2017-05-02,8.68
2017-05-03,7.96
2017-05-04,9.28
2017-05-05,7.83
2017-05-06,10.48
2017-05-07,7.8
2017-05-08,8.91
2017-05-09,8.1
2017-05-10,9.37
2017-05-11,10.33
2017-05-12,11.23
2017-05-13,9.78
2017-05-14,9.66
2017-05-15,8.64
2017-05-16,9.45
2017-05-17,14.03
2017-05-18,10.29
2017-05-19,11.82
2017-05-20,11.24
2017-05-21,10.36
2017-05-22,11.55
2017-05-23,11.71
2017-05-24,11.05
2017-05-25,13.12
2017-05-26,12.2
2017-05-27,11.9
2017-05-28,11.27
2017-05-29,12.97
2017-05-30,12.58
2017-05-31,11.4
2017-06-01,13.08
2017-06-02,13.7
2017-06-03,17.3
2017-06-04,15.08
2017-06-05,17.14
2017-06-06,17
2017-06-07,17.5
2017-06-08,14.49
2017-06-09,16.56
2017-06-10,18.43
2017-06-11,21.21
2017-06-12,24.69
2017-06-13,17.7
2017-06-14,17.05
2017-06-15,15.9
2017-06-16,14.97
2017-06-17,16.95
2017-06-18,21.06
2017-06-19,22.74
2017-06-20,17.73
2017-06-21,18.72
2017-06-22,17.52
2017-06-23,18.68
2017-06-24,19.03
2017-06-25,21.84
2017-06-26,25.92
2017-06-27,17.05
2017-06-28,17.78
2017-06-29,16.92
2017-06-30,20.43
2017-07-01,17.17
2017-07-02,20.54
2017-07-03,23.95
2017-07-04,18.87
2017-07-05,18.65
2017-07-06,20.71
2017-07-07,21.12
2017-07-08,19.07
2017-07-09,21.97
2017-07-10,25.75
2017-07-11,17.12
2017-07-12,15.79
2017-07-13,17.26
2017-07-14,17.76
2017-07-15,17.78
2017-07-16,17.48
2017-07-17,17.49
2017-07-18,17.54
2017-07-19,16.49
2017-07-20,16.52
2017-07-21,22.26
2017-07-22,18.13
2017-07-23,24.62
2017-07-24,28.58
2017-07-25,20.95
2017-07-26,19.43
2017-07-27,19.77
2017-07-28,22.24
2017-07-29,20.71
2017-07-30,24.62
2017-07-31,26.74
2017-08-01,24.02
2017-08-02,40.69
2017-08-03,23.65
2017-08-04,24.72
2017-08-05,22.74
2017-08-06,25.94
2017-08-07,30.11
2017-08-08,25.1
2017-08-09,22.8
2017-08-10,24.06
2017-08-11,24.08
2017-08-12,23.91
2017-08-13,27.44
2017-08-14,28.45
2017-08-15,30.67
2017-08-16,24.38
2017-08-17,29.06
2017-08-18,22.17
2017-08-19,24.39
2017-08-20,28.84
2017-08-21,35.61
2017-08-22,31.35
2017-08-23,39.47
2017-08-24,24.12
2017-08-25,40.33
2017-08-26,38.55
2017-08-27,36.2
2017-08-28,31.3
2017-08-29,36
2017-08-30,30.52
2017-08-31,30.59
2017-09-01,30.93
2017-09-02,32.79
2017-09-03,35.37
2017-09-04,44.47
2017-09-05,28.91
2017-09-06,29.22
2017-09-07,30.46
2017-09-08,33.28
2017-09-09,29.18
2017-09-10,36.63
2017-09-11,40.02
2017-09-12,31.14
2017-09-13,30.16
2017-09-14,27.03
2017-09-15,22.11
2017-09-16,23.11
2017-09-17,30.7
2017-09-18,35.68
2017-09-19,33.81
2017-09-20,25.23
2017-09-21,31
2017-09-22,26.4
2017-09-23,29.99
2017-09-24,34.84
2017-09-25,36.47
2017-09-26,32.36
2017-09-27,27.83
2017-09-28,29.11
2017-09-29,28.42
2017-09-30,30.07
2017-10-01,38.5
2017-10-02,40.12
2017-10-03,27.79
2017-10-04,27.89
2017-10-05,32.76
2017-10-06,29.22
2017-10-07,28.05
2017-10-08,36.85
2017-10-09,35.05
2017-10-10,29.45
2017-10-11,28.7
2017-10-12,30.43
2017-10-13,33.95
2017-10-14,33.35
2017-10-15,36.13
2017-10-16,36.26
2017-10-17,33.47
2017-10-18,30.01
2017-10-19,30.13
2017-10-20,28.89
2017-10-21,34.75
2017-10-22,35.4
2017-10-23,37.34
2017-10-24,33.78
2017-10-25,29.08
2017-10-26,33.41
2017-10-27,39.69
2017-10-28,43.41
2017-10-29,51.66
2017-10-30,33.52
2017-10-31,35.19
2017-11-01,41.92
2017-11-02,34.4
2017-11-03,36.9
2017-11-04,47.58
2017-11-05,46.42
2017-11-06,54.57
2017-11-07,47.18
2017-11-08,38.53
2017-11-09,44.26
2017-11-10,38.13
2017-11-11,43.89
2017-11-12,61.96
2017-11-13,60.09
2017-11-14,38.18
2017-11-15,44.6
2017-11-16,41.27
2017-11-17,45.73
2017-11-18,45.98
2017-11-19,53.13
2017-11-20,55.43
2017-11-21,44.77
2017-11-22,39.02
2017-11-23,47.95
2017-11-24,41.1
2017-11-25,48.7
2017-11-26,47.53
2017-11-27,50.92
2017-11-28,45.25
2017-11-29,48.76
2017-11-30,43.72
2017-12-01,45.96
2017-12-02,46.49
2017-12-03,60.8
2017-12-04,59.1
2017-12-05,50.27
2017-12-06,51.59
2017-12-07,53.73
2017-12-08,77.57
2017-12-09,72.66
2017-12-10,64.36
2017-12-11,81.83
2017-12-12,79.99
2017-12-13,83.23
2017-12-14,69.48
2017-12-15,58.2
2017-12-16,78.21
2017-12-17,93.95
2017-12-18,87.22
2017-12-19,84.91
2017-12-20,83.02
2017-12-21,79.95
2017-12-22,84.91
2017-12-23,66.23
2017-12-24,85.6
2017-12-25,93.56
2017-12-26,113.23
2017-12-27,117.29
2017-12-28,89.91
2017-12-29,86.87
2017-12-30,72.84
2017-12-31,67.48
2018-01-01,86.14
2018-01-02,103.4
2018-01-03,77.52
2018-01-04,68.09
2018-01-05,63.28
2018-01-06,89.87
2018-01-07,86.33
2018-01-08,77.45
2018-01-09,78.01
2018-01-10,73.11
2018-01-11,77.2
2018-01-12,71.04
2018-01-13,82.97
2018-01-14,98.96
2018-01-15,107.34
2018-01-16,91.7
2018-01-17,68.46
2018-01-18,63.83
2018-01-19,66.68
2018-01-20,88.41
2018-01-21,100.25
2018-01-22,99.44
2018-01-23,79.93
2018-01-24,75.14
2018-01-25,83.69
2018-01-26,86.82
2018-01-27,95.09
2018-01-28,112.21
2018-01-29,102.45
2018-01-30,90.41
2018-01-31,77.36
2018-02-01,91.65
2018-02-02,65.95
2018-02-03,68.97
2018-02-04,91.06
2018-02-05,91.07
2018-02-06,59.12
2018-02-07,58.6
2018-02-08,69.27
2018-02-09,88.15
2018-02-10,93.08
2018-02-11,91.91
2018-02-12,105.77
2018-02-13,90.88
2018-02-14,85.79
2018-02-15,90.09
2018-02-16,96.71
2018-02-17,103.93
2018-02-18,122.95
2018-02-19,124.65
2018-02-20,110.22
2018-02-21,108.77
2018-02-22,93.83
2018-02-23,101.35
2018-02-24,106.78
2018-02-25,121.39
2018-02-26,128.99
2018-02-27,101.65
2018-02-28,91.96
2018-03-01,102.35
2018-03-02,85.72
2018-03-03,108.18
2018-03-04,120.75
2018-03-05,142.51
2018-03-06,104.12
2018-03-07,96.47
2018-03-08,87.33
2018-03-09,92.94
2018-03-10,86.42
2018-03-11,113.17
2018-03-12,116.71
2018-03-13,93.22
2018-03-14,86.78
2018-03-15,80.46
2018-03-16,77.63
2018-03-17,83.24
2018-03-18,100.08
2018-03-19,96.12
2018-03-20,83.73
2018-03-21,87.21
2018-03-22,84.18
2018-03-23,91.72
2018-03-24,95.71
2018-03-25,102.72
2018-03-26,119.46
2018-03-27,82.44
2018-03-28,79.73
2018-03-29,83.33
2018-03-30,70.8
2018-03-31,70.72
2018-04-01,89.84
2018-04-02,98.99
2018-04-03,80.77
2018-04-04,68.54
2018-04-05,70.03
2018-04-06,70.99
2018-04-07,74.41
2018-04-08,85.13
2018-04-09,97.57
2018-04-10,74.18
2018-04-11,68.73
2018-04-12,73.34
2018-04-13,68.65
2018-04-14,69.21
2018-04-15,93.07
2018-04-16,93.46
2018-04-17,78.28
2018-04-18,72.76
2018-04-19,76.73
2018-04-20,72.07
2018-04-21,78.96
2018-04-22,88.18
2018-04-23,99.42
2018-04-24,73.31
2018-04-25,70.22
2018-04-26,76
2018-04-27,79.91
2018-04-28,78.83
2018-04-29,90.56
2018-04-30,97.03
2018-05-01,80.23
2018-05-02,86.35
2018-05-03,82.06
2018-05-04,79.11
2018-05-05,80.59
2018-05-06,94.63
2018-05-07,106.31
2018-05-08,86.02
2018-05-09,78.16
2018-05-10,85.55
2018-05-11,78.2
2018-05-12,76.48
2018-05-13,88.88
2018-05-14,104.47
2018-05-15,77.14
2018-05-16,76.46
2018-05-17,73.11
2018-05-18,80.08
2018-05-19,71.36
2018-05-20,94.01
2018-05-21,102.35
2018-05-22,78.63
2018-05-23,72.55
2018-05-24,63.1
2018-05-25,70.31
2018-05-26,70.75
2018-05-27,90.47
2018-05-28,99.19
2018-05-29,69.66
2018-05-30,68.49
2018-05-31,67.69
2018-06-01,68.27
2018-06-02,70.15
2018-06-03,82.73
2018-06-04,88.21
2018-06-05,68.56
2018-06-06,66.65
2018-06-07,69.5
2018-06-08,69.67
2018-06-09,72.8
2018-06-10,80.95
2018-06-11,72.22
2018-06-12,60.3
2018-06-13,56.61
2018-06-14,55.61
2018-06-15,58.72
2018-06-16,59.92
2018-06-17,80.08
2018-06-18,85.7
2018-06-19,65.22
2018-06-20,66.09
2018-06-21,63.93
2018-06-22,63.21
2018-06-23,56.37
2018-06-24,74.12
2018-06-25,73.41
2018-06-26,58.19
2018-06-27,60.59
2018-06-28,61.4
2018-06-29,56.52
2018-06-30,60.22
2018-07-01,68.47
2018-07-02,79.67
2018-07-03,60.15
2018-07-04,56.06
2018-07-05,61.42
2018-07-06,60.75
2018-07-07,62.06
2018-07-08,78.62
2018-07-09,81.56
2018-07-10,60.48
2018-07-11,54.81
2018-07-12,59.71
2018-07-13,56.42
2018-07-14,56.66
2018-07-15,67.91
2018-07-16,77.09
2018-07-17,58.97
2018-07-18,58.51
2018-07-19,58.87
2018-07-20,61.91
2018-07-21,60.37
2018-07-22,74.98
2018-07-23,84.41
2018-07-24,62.82
2018-07-25,59.78
2018-07-26,60.79
2018-07-27,64.2
2018-07-28,65.6
2018-07-29,86.06
2018-07-30,90.75
2018-07-31,65.84
2018-08-01,58.89
2018-08-02,59.35
2018-08-03,63.17
2018-08-04,59.35
2018-08-05,68.81
2018-08-06,78.36
2018-08-07,59.32
2018-08-08,52.77
2018-08-09,51.08
2018-08-10,54.49
2018-08-11,51.01
2018-08-12,61.32
2018-08-13,71.64
2018-08-14,53.86
2018-08-15,45.38
2018-08-16,47.19
2018-08-17,50.82
2018-08-18,51.97
2018-08-19,63.76
2018-08-20,77.41
2018-08-21,53.28
2018-08-22,55.19
2018-08-23,52.89
2018-08-24,56.15
2018-08-25,56.39
2018-08-26,65.52
2018-08-27,75.09
2018-08-28,56.52
2018-08-29,55.56
2018-08-30,55.67
2018-08-31,55.62
2018-09-01,54.67
2018-09-02,63.86
2018-09-03,75.08
2018-09-04,60.25
2018-09-05,57.2
2018-09-06,51.84
2018-09-07,47.67
2018-09-08,51.8
2018-09-09,56.83
2018-09-10,62.36
2018-09-11,52.89
2018-09-12,49.63
2018-09-13,50.16
2018-09-14,50.54
2018-09-15,54.43
2018-09-16,58.93
2018-09-17,67.4
2018-09-18,49.64
2018-09-19,48.18
2018-09-20,46.36
2018-09-21,46.86
2018-09-22,45.77
2018-09-23,57.31
2018-09-24,60.77
2018-09-25,52.59
2018-09-26,47.07
2018-09-27,49.08
2018-09-28,49.27
2018-09-29,49.23
2018-09-30,55.17
2018-10-01,61.41
2018-10-02,49.44
2018-10-03,50.23
2018-10-04,49.33
2018-10-05,48.9
2018-10-06,50.75
2018-10-07,58.34
2018-10-08,53.84
2018-10-09,49.36
2018-10-10,54.05
2018-10-11,48.76
2018-10-12,43.23
2018-10-13,47.63
2018-10-14,57.51
2018-10-15,62.1
2018-10-16,43.35
2018-10-17,47.46
2018-10-18,46.86
2018-10-19,45.28
2018-10-20,47.1
2018-10-21,53.22
2018-10-22,59.14
2018-10-23,45.95
2018-10-24,45.7
2018-10-25,47.85
2018-10-26,45.89
2018-10-27,47.09
2018-10-28,51.03
2018-10-29,55.83
2018-10-30,43.09
2018-10-31,39.95
2018-11-01,40.85
2018-11-02,40.52
2018-11-03,40
2018-11-04,47.47
2018-11-05,52.73
2018-11-06,39.58
2018-11-07,41.11
2018-11-08,40.16
2018-11-09,42.58
2018-11-10,41.12
2018-11-11,47.7
2018-11-12,46.82
2018-11-13,38.75
2018-11-14,42.22
2018-11-15,34.44
2018-11-16,35.16
2018-11-17,36.06
2018-11-18,38.99
2018-11-19,43.5
2018-11-20,32.5
2018-11-21,27.57
2018-11-22,32.89
2018-11-23,29.77
2018-11-24,29.03
2018-11-25,27.98
2018-11-26,30.42
2018-11-27,27.11
2018-11-28,26.67
2018-11-29,29.81
2018-11-30,32.18
2018-12-01,29.72
2018-12-02,31.82
2018-12-03,34.71
2018-12-04,29.53
2018-12-05,26.9
2018-12-06,26.74
2018-12-07,22.56
2018-12-08,24.48
2018-12-09,27.53
2018-12-10,27.88
2018-12-11,25.03
2018-12-12,24.29
2018-12-13,24.63
2018-12-14,22.63
2018-12-15,21.13
2018-12-16,22.44
2018-12-17,26.63
2018-12-18,21.73
2018-12-19,25.18
2018-12-20,22.28
2018-12-21,26.49
2018-12-22,25.29
2018-12-23,29.56
2018-12-24,29.57
2018-12-25,26.76
2018-12-26,27.02
2018-12-27,24.89
2018-12-28,21.83
2018-12-29,22.8
2018-12-30,26.11
2018-12-31,27.41
2019-01-01,26.18
2019-01-02,30.36
2019-01-03,26.59
2019-01-04,24.29
2019-01-05,24.86
2019-01-06,26.07
2019-01-07,29.96
2019-01-08,25.58
2019-01-09,22.95
2019-01-10,22.74
2019-01-11,20.52
2019-01-12,21.52
2019-01-13,23.04
2019-01-14,23.68
2019-01-15,20.34
2019-01-16,21.58
2019-01-17,22.01
2019-01-18,22.09
2019-01-19,21.94
2019-01-20,24.41
2019-01-21,21.72
2019-01-22,20.25
2019-01-23,22.33
2019-01-24,22.11
2019-01-25,21.43
2019-01-26,21.65
2019-01-27,22.4
2019-01-28,24.16
2019-01-29,19.95
2019-01-30,19.16
2019-01-31,19.21
2019-02-01,17.38
2019-02-02,18.57
2019-02-03,19.28
2019-02-04,21.14
2019-02-05,18.63
2019-02-06,17.46
2019-02-07,17.45
2019-02-08,17.45
2019-02-09,19.44
2019-02-10,21.24
2019-02-11,22.2
2019-02-12,21.46
2019-02-13,23.6
2019-02-14,18.41
2019-02-15,18.14
2019-02-16,22.3
2019-02-17,19.87
2019-02-18,19.8
2019-02-19,20.66
2019-02-20,20.1
2019-02-21,22.89
2019-02-22,24.24
2019-02-23,20.74
2019-02-24,22.41
2019-02-25,22.04
2019-02-26,20.59
2019-02-27,18.7
2019-02-28,19.76
2019-03-01,19
2019-03-02,19.23
2019-03-03,20.76
2019-03-04,19.31
2019-03-05,22.9
2019-03-06,24.52
2019-03-07,25.7
2019-03-08,25.04
2019-03-09,25.22
2019-03-10,30.17
2019-03-11,34.55
2019-03-12,24.02
2019-03-13,25.07
2019-03-14,24.49
2019-03-15,23.89
2019-03-16,24.09
2019-03-17,28.81
2019-03-18,32.44
2019-03-19,24.65
2019-03-20,24.42
2019-03-21,23.76
2019-03-22,24.43
2019-03-23,24.25
2019-03-24,30.51
2019-03-25,32.98
2019-03-26,21.44
2019-03-27,19.4
2019-03-28,18.8
2019-03-29,18.44
2019-03-30,19.74
2019-03-31,19.35
2019-04-01,19.32
2019-04-02,20.13
2019-04-03,21.29
2019-04-04,25.15
2019-04-05,24.98
2019-04-06,23.07
2019-04-07,25.46
2019-04-08,26.63
2019-04-09,25.48
2019-04-10,27.1
2019-04-11,23.97
2019-04-12,22.59
2019-04-13,24.47
2019-04-14,24.48
2019-04-15,27.52
2019-04-16,23.95
2019-04-17,25.84
2019-04-18,26.93
2019-04-19,24.65
2019-04-20,26.33
2019-04-21,30.53
2019-04-22,24.18
2019-04-23,28.24
2019-04-24,32.58
2019-04-25,23.91
2019-04-26,24.34
2019-04-27,24.53
2019-04-28,26.06
2019-04-29,25.56
2019-04-30,24.96
2019-05-01,28.02
2019-05-02,21.63
2019-05-03,21.42
2019-05-04,26.94
2019-05-05,29.35
2019-05-06,31.81
2019-05-07,27.11
2019-05-08,32.05
2019-05-09,27.03
2019-05-10,30.44
2019-05-11,35.57
2019-05-12,37.12
2019-05-13,38.08
2019-05-14,34.59
2019-05-15,39.19
2019-05-16,39.69
2019-05-17,37.88
2019-05-18,36.49
2019-05-19,36.93
2019-05-20,41.23
2019-05-21,37.21
2019-05-22,37.29
2019-05-23,34.89
2019-05-24,36.13
2019-05-25,38.2
2019-05-26,43.28
