entry_test_price;prediction01;prediction02;prediction03;prediction04;prediction05;prediction06;prediction07;prediction08;prediction09;prediction10;test_price01;test_price02;test_price03;test_price04;test_price05;test_price06;test_price07;test_price08;test_price09;test_price10;timeStamp;volume
4036.7;4366.2001953125;4291.7099609375;4298.240234375;4209.669921875;4311.52978515625;4238.830078125;4405.7001953125;4436.14013671875;4477.0498046875;4351.35009765625;3894.0;3977.3;3830.5;3963.1;4048.8;3924.3;3954.9;3911.3;4171.6;4114.0;1545955200;0.1
3894.0;4128.81982421875;4222.919921875;4254.27978515625;4346.85986328125;4337.509765625;4509.6298828125;4557.33984375;4551.10009765625;4538.14990234375;4637.47021484375;3977.3;3830.5;3963.1;4048.8;3924.3;3954.9;3911.3;4171.6;4114.0;4100.0;1546041600;0.09
3977.3;4188.52001953125;4210.009765625;4368.43994140625;4417.35009765625;4441.0400390625;4548.35986328125;4513.2001953125;4503.58984375;4567.89990234375;4534.4501953125;3830.5;3963.1;4048.8;3924.3;3954.9;3911.3;4171.6;4114.0;4100.0;4083.3;1546128000;0.08
3830.5;4117.60009765625;4311.43994140625;4320.68994140625;4492.580078125;4437.85986328125;4572.52978515625;4520.68017578125;4409.7099609375;4466.10986328125;4395.10986328125;3963.1;4048.8;3924.3;3954.9;3911.3;4171.6;4114.0;4100.0;4083.3;3712.9;1546214400;0.04
3963.1;4364.64990234375;4440.6201171875;4493.39990234375;4513.02001953125;4579.419921875;4542.39013671875;4522.0;4465.509765625;4486.60986328125;4346.16015625;4048.8;3924.3;3954.9;3911.3;4171.6;4114.0;4100.0;4083.3;3712.9;3716.0;1546300800;0.05
4048.8;4511.93017578125;4629.72998046875;4623.4599609375;4675.669921875;4723.68017578125;4726.1201171875;4616.6201171875;4566.259765625;4538.83984375;4532.72021484375;3924.3;3954.9;3911.3;4171.6;4114.0;4100.0;4083.3;3712.9;3716.0;3702.0;1546387200;0.02
3924.3;4662.0400390625;4742.93017578125;4771.169921875;4816.85986328125;4824.77978515625;4850.169921875;4693.06982421875;4635.85009765625;4690.22998046875;4565.2001953125;3954.9;3911.3;4171.6;4114.0;4100.0;4083.3;3712.9;3716.0;3702.0;3591.0;1546473600;0.03
3954.9;4570.580078125;4708.60986328125;4650.240234375;4766.52978515625;4798.509765625;4888.419921875;4705.1201171875;4502.5400390625;4552.6201171875;4517.009765625;3911.3;4171.6;4114.0;4100.0;4083.3;3712.9;3716.0;3702.0;3591.0;3749.3;1546560000;0.04
3911.3;4460.47021484375;4634.509765625;4555.81982421875;4613.02001953125;4698.9599609375;4661.97998046875;4547.56005859375;4344.02978515625;4446.85009765625;4317.0498046875;4171.6;4114.0;4100.0;4083.3;3712.9;3716.0;3702.0;3591.0;3749.3;3654.3;1546646400;0.07
4171.6;4520.580078125;4615.990234375;4556.1298828125;4714.330078125;4701.35009765625;4722.43017578125;4515.33984375;4348.240234375;4442.68017578125;4400.75;4114.0;4100.0;4083.3;3712.9;3716.0;3702.0;3591.0;3749.3;3654.3;3673.6;1546732800;0.02
4114.0;4503.02001953125;4593.85009765625;4621.14990234375;4680.06005859375;4698.7998046875;4725.77978515625;4579.02978515625;4400.2900390625;4561.89013671875;4508.72998046875;4100.0;4083.3;3712.9;3716.0;3702.0;3591.0;3749.3;3654.3;3673.6;3722.5;1546819200;0.06
4100.0;4406.509765625;4503.02978515625;4572.22998046875;4706.68994140625;4681.83984375;4789.89990234375;4595.43017578125;4342.9599609375;4542.31982421875;4588.7099609375;4083.3;3712.9;3716.0;3702.0;3591.0;3749.3;3654.3;3673.6;3722.5;3675.7;1546905600;0.06
4083.3;4219.009765625;4408.7001953125;4375.080078125;4521.43994140625;4534.4599609375;4555.02001953125;4472.9599609375;4222.52978515625;4410.64013671875;4398.830078125;3712.9;3716.0;3702.0;3591.0;3749.3;3654.3;3673.6;3722.5;3675.7;3762.3;1546992000;0.06
3712.9;4154.14990234375;4273.60009765625;4261.009765625;4456.97021484375;4394.56005859375;4433.5;4309.5;4209.81005859375;4288.89013671875;4305.10986328125;3716.0;3702.0;3591.0;3749.3;3654.3;3673.6;3722.5;3675.7;3762.3;3586.1;1547078400;0.03
3716.0;4019.419921875;4163.08984375;4159.27001953125;4281.72021484375;4308.22021484375;4342.169921875;4233.3798828125;4145.330078125;4182.3798828125;4122.58984375;3702.0;3591.0;3749.3;3654.3;3673.6;3722.5;3675.7;3762.3;3586.1;3581.0;1547164800;0.02
3702.0;3930.010009765625;4108.43994140625;4074.929931640625;4272.81005859375;4279.240234375;4361.7998046875;4210.91015625;4066.8798828125;4059.5400390625;4055.10009765625;3591.0;3749.3;3654.3;3673.6;3722.5;3675.7;3762.3;3586.1;3581.0;3639.1;1547251200;0.03
3591.0;3873.510009765625;4041.0;4063.35009765625;4210.56005859375;4230.080078125;4235.31005859375;4082.169921875;3956.52001953125;3930.860107421875;3879.5;3749.3;3654.3;3673.6;3722.5;3675.7;3762.3;3586.1;3581.0;3639.1;3620.8;1547337600;0.04
3749.3;3827.7900390625;3984.25;3990.840087890625;4213.2099609375;4161.97998046875;4124.259765625;3896.010009765625;3838.43994140625;3736.179931640625;3744.159912109375;3654.3;3673.6;3722.5;3675.7;3762.3;3586.1;3581.0;3639.1;3620.8;3652.6;1547424000;0.03
3654.3;3808.06005859375;3991.31005859375;3955.409912109375;4165.009765625;4090.68994140625;3997.639892578125;3796.0;3746.409912109375;3625.02001953125;3656.419921875;3673.6;3722.5;3675.7;3762.3;3586.1;3581.0;3639.1;3620.8;3652.6;3629.0;1547510400;0.03
3673.6;3852.320068359375;4017.590087890625;3985.7900390625;4146.830078125;4048.72998046875;3932.27001953125;3730.169921875;3701.75;3560.219970703125;3631.949951171875;3722.5;3675.7;3762.3;3586.1;3581.0;3639.1;3620.8;3652.6;3629.0;3630.6;1547596800;0.03
3722.5;3842.8701171875;4021.3701171875;3897.47998046875;4026.639892578125;3944.6201171875;3776.080078125;3658.389892578125;3632.409912109375;3442.760009765625;3537.6201171875;3675.7;3762.3;3586.1;3581.0;3639.1;3620.8;3652.6;3629.0;3630.6;3596.2;1547683200;0.01
3675.7;3800.969970703125;3879.159912109375;3771.2099609375;3855.469970703125;3773.1201171875;3564.550048828125;3468.669921875;3487.02001953125;3309.06005859375;3429.0;3762.3;3586.1;3581.0;3639.1;3620.8;3652.6;3629.0;3630.6;3596.2;3501.1;1547769600;0.03
3762.3;3821.719970703125;3857.639892578125;3757.840087890625;3803.889892578125;3753.909912109375;3547.429931640625;3466.5;3495.85009765625;3328.6201171875;3431.5;3586.1;3581.0;3639.1;3620.8;3652.6;3629.0;3630.6;3596.2;3501.1;3478.0;1547856000;0.03
3586.1;3705.68994140625;3727.97998046875;3628.52001953125;3666.9599609375;3602.469970703125;3402.820068359375;3365.469970703125;3381.449951171875;3252.93994140625;3375.5400390625;3581.0;3639.1;3620.8;3652.6;3629.0;3630.6;3596.2;3501.1;3478.0;3529.7;1547942400;0.03
3581.0;3667.489990234375;3670.090087890625;3600.739990234375;3556.97998046875;3515.3798828125;3367.239990234375;3371.5400390625;3385.550048828125;3294.1298828125;3367.169921875;3639.1;3620.8;3652.6;3629.0;3630.6;3596.2;3501.1;3478.0;3529.7;3503.8;1548028800;0.04
3639.1;3653.070068359375;3632.75;3596.320068359375;3522.030029296875;3473.429931640625;3394.0;3399.239990234375;3425.860107421875;3342.030029296875;3379.47998046875;3620.8;3652.6;3629.0;3630.6;3596.2;3501.1;3478.0;3529.7;3503.8;3536.4;1548115200;0.02
3620.8;3677.050048828125;3622.489990234375;3610.68994140625;3505.030029296875;3463.679931640625;3413.179931640625;3429.7099609375;3474.419921875;3403.719970703125;3421.10009765625;3652.6;3629.0;3630.6;3596.2;3501.1;3478.0;3529.7;3503.8;3536.4;3564.3;1548201600;0.03
3652.6;3641.080078125;3582.93994140625;3587.159912109375;3513.10009765625;3474.8701171875;3454.169921875;3437.949951171875;3463.570068359375;3429.10009765625;3465.739990234375;3629.0;3630.6;3596.2;3501.1;3478.0;3529.7;3503.8;3536.4;3564.3;3501.8;1548288000;0.02
3629.0;3633.949951171875;3593.75;3567.969970703125;3498.179931640625;3501.97998046875;3484.610107421875;3484.909912109375;3495.02001953125;3471.47998046875;3500.659912109375;3630.6;3596.2;3501.1;3478.0;3529.7;3503.8;3536.4;3564.3;3501.8;3490.43;1548374400;0.04
3630.6;3631.739990234375;3548.909912109375;3579.3798828125;3546.06005859375;3503.39990234375;3525.35009765625;3516.590087890625;3533.7900390625;3512.800048828125;3518.330078125;3596.2;3501.1;3478.0;3529.7;3503.8;3536.4;3564.3;3501.8;3490.43;3513.0;1548460800;0.02
3596.2;3564.8701171875;3537.239990234375;3571.2900390625;3515.800048828125;3507.969970703125;3510.3798828125;3503.070068359375;3528.719970703125;3503.860107421875;3504.580078125;3501.1;3478.0;3529.7;3503.8;3536.4;3564.3;3501.8;3490.43;3513.0;3452.0;1548547200;0.04
3501.1;3559.989990234375;3538.35009765625;3559.739990234375;3551.260009765625;3537.02001953125;3527.8701171875;3507.9599609375;3514.89990234375;3493.93994140625;3524.64990234375;3478.0;3529.7;3503.8;3536.4;3564.3;3501.8;3490.43;3513.0;3452.0;3438.4;1548633600;0.02
3478.0;3544.739990234375;3547.199951171875;3542.0400390625;3530.199951171875;3532.1298828125;3527.090087890625;3521.3701171875;3514.60009765625;3487.7099609375;3459.47998046875;3529.7;3503.8;3536.4;3564.3;3501.8;3490.43;3513.0;3452.0;3438.4;3724.1;1548720000;0.03
3529.7;3567.47998046875;3540.860107421875;3579.31005859375;3572.110107421875;3555.659912109375;3552.090087890625;3522.4599609375;3526.6298828125;3494.419921875;3496.669921875;3503.8;3536.4;3564.3;3501.8;3490.43;3513.0;3452.0;3438.4;3724.1;3718.4;1548806400;0.02
3503.8;3559.719970703125;3573.610107421875;3580.72998046875;3575.02001953125;3551.449951171875;3545.22998046875;3525.260009765625;3505.39990234375;3498.89990234375;3480.27001953125;3536.4;3564.3;3501.8;3490.43;3513.0;3452.0;3438.4;3724.1;3718.4;3747.7;1548892800;0.03
3536.4;3579.47998046875;3554.27001953125;3588.0400390625;3591.909912109375;3556.330078125;3547.8798828125;3487.510009765625;3496.409912109375;3486.97998046875;3494.889892578125;3564.3;3501.8;3490.43;3513.0;3452.0;3438.4;3724.1;3718.4;3747.7;3681.08;1548979200;0.02
3564.3;3567.0;3582.3701171875;3570.929931640625;3559.56005859375;3540.080078125;3521.02001953125;3506.8701171875;3502.949951171875;3483.0400390625;3464.3701171875;3501.8;3490.43;3513.0;3452.0;3438.4;3724.1;3718.4;3747.7;3681.08;3694.2;1549065600;0.02
3501.8;3563.5;3547.25;3556.199951171875;3535.5;3499.60009765625;3502.570068359375;3482.0;3482.659912109375;3466.909912109375;3455.02001953125;3490.43;3513.0;3452.0;3438.4;3724.1;3718.4;3747.7;3681.08;3694.2;3666.1;1549152000;0.01
3490.43;3538.68994140625;3532.5;3522.9599609375;3485.8798828125;3482.550048828125;3475.169921875;3461.35009765625;3463.7900390625;3435.530029296875;3415.739990234375;3513.0;3452.0;3438.4;3724.1;3718.4;3747.7;3681.08;3694.2;3666.1;3657.2;1549238400;0.01
3513.0;3524.31005859375;3505.6298828125;3485.14990234375;3478.300048828125;3468.7099609375;3461.610107421875;3437.800048828125;3434.429931640625;3408.360107421875;3407.75;3452.0;3438.4;3724.1;3718.4;3747.7;3681.08;3694.2;3666.1;3657.2;3670.1;1549324800;0.02
3452.0;3510.760009765625;3479.510009765625;3478.320068359375;3467.27001953125;3463.31005859375;3447.510009765625;3427.5;3432.219970703125;3403.590087890625;3393.239990234375;3438.4;3724.1;3718.4;3747.7;3681.08;3694.2;3666.1;3657.2;3670.1;3684.1;1549411200;0.01
3438.4;3465.010009765625;3452.75;3451.5;3443.2099609375;3429.97998046875;3413.300048828125;3393.31005859375;3395.659912109375;3365.02001953125;3364.3798828125;3724.1;3718.4;3747.7;3681.08;3694.2;3666.1;3657.2;3670.1;3684.1;3735.3;1549497600;0.09
3724.1;3573.219970703125;3507.919921875;3542.070068359375;3553.110107421875;3528.179931640625;3507.159912109375;3465.27001953125;3483.81005859375;3479.280029296875;3475.9599609375;3718.4;3747.7;3681.08;3694.2;3666.1;3657.2;3670.1;3684.1;3735.3;3978.1;1549584000;0.02
3718.4;3587.93994140625;3592.77001953125;3602.14990234375;3580.330078125;3530.419921875;3528.800048828125;3525.739990234375;3539.7900390625;3560.659912109375;3568.580078125;3747.7;3681.08;3694.2;3666.1;3657.2;3670.1;3684.1;3735.3;3978.1;3989.9;1549670400;0.03
3747.7;3654.81005859375;3602.070068359375;3648.800048828125;3637.47998046875;3574.97998046875;3596.8701171875;3571.219970703125;3593.68994140625;3626.2099609375;3682.419921875;3681.08;3694.2;3666.1;3657.2;3670.1;3684.1;3735.3;3978.1;3989.9;4061.1;1549756800;0.02
3681.08;3601.010009765625;3625.580078125;3588.449951171875;3563.97998046875;3542.909912109375;3567.889892578125;3601.280029296875;3609.300048828125;3629.159912109375;3622.050048828125;3694.2;3666.1;3657.2;3670.1;3684.1;3735.3;3978.1;3989.9;4061.1;4009.7;1549843200;0.03
3694.2;3586.139892578125;3532.97998046875;3546.239990234375;3540.27001953125;3528.68994140625;3544.159912109375;3551.639892578125;3594.14990234375;3615.239990234375;3624.93994140625;3666.1;3657.2;3670.1;3684.1;3735.3;3978.1;3989.9;4061.1;4009.7;4058.3;1549929600;0.02
3666.1;3555.449951171875;3561.320068359375;3543.52001953125;3529.43994140625;3551.550048828125;3573.10009765625;3607.570068359375;3622.909912109375;3638.9599609375;3647.929931640625;3657.2;3670.1;3684.1;3735.3;3978.1;3989.9;4061.1;4009.7;4058.3;4211.8;1550016000;0.02
3657.2;3576.320068359375;3512.4599609375;3568.179931640625;3575.7099609375;3585.169921875;3617.419921875;3616.429931640625;3645.6298828125;3669.85009765625;3696.360107421875;3670.1;3684.1;3735.3;3978.1;3989.9;4061.1;4009.7;4058.3;4211.8;3831.5;1550102400;0.02
3670.1;3581.139892578125;3590.0400390625;3596.5400390625;3616.760009765625;3636.68994140625;3672.27001953125;3693.6298828125;3683.8798828125;3716.280029296875;3711.760009765625;3684.1;3735.3;3978.1;3989.9;4061.1;4009.7;4058.3;4211.8;3831.5;3921.8;1550188800;0.02
3684.1;3566.7900390625;3575.75;3615.179931640625;3635.030029296875;3633.580078125;3654.169921875;3674.93994140625;3693.5;3723.409912109375;3730.22998046875;3735.3;3978.1;3989.9;4061.1;4009.7;4058.3;4211.8;3831.5;3921.8;3900.1;1550275200;0.04
3735.3;3602.1201171875;3613.27001953125;3651.949951171875;3673.2900390625;3658.64990234375;3686.820068359375;3710.06005859375;3737.52001953125;3758.219970703125;3777.340087890625;3978.1;3989.9;4061.1;4009.7;4058.3;4211.8;3831.5;3921.8;3900.1;3901.7;1550361600;0.1
3978.1;3696.389892578125;3639.18994140625;3729.469970703125;3732.469970703125;3729.4599609375;3740.909912109375;3757.25;3794.2099609375;3886.239990234375;3864.219970703125;3989.9;4061.1;4009.7;4058.3;4211.8;3831.5;3921.8;3900.1;3901.7;3895.46;1550448000;0.06
3989.9;3767.110107421875;3780.22998046875;3807.550048828125;3852.47998046875;3789.330078125;3834.830078125;3880.949951171875;3934.469970703125;3974.419921875;3969.070068359375;4061.1;4009.7;4058.3;4211.8;3831.5;3921.8;3900.1;3901.7;3895.46;3917.0;1550534400;0.04
4061.1;3859.47998046875;3842.320068359375;3884.419921875;3898.22998046875;3860.360107421875;3921.3798828125;3979.580078125;4008.60009765625;4042.280029296875;4071.969970703125;4009.7;4058.3;4211.8;3831.5;3921.8;3900.1;3901.7;3895.46;3917.0;3913.1;1550620800;0.03
4009.7;3832.199951171875;3883.780029296875;3851.1201171875;3879.02001953125;3871.8701171875;3952.3701171875;4002.89990234375;4023.409912109375;4029.35009765625;4051.820068359375;4058.3;4211.8;3831.5;3921.8;3900.1;3901.7;3895.46;3917.0;3913.1;3885.0;1550707200;0.04
4058.3;3872.6298828125;3833.820068359375;3867.949951171875;3874.7900390625;3913.97998046875;3924.25;3970.830078125;4017.8798828125;4068.090087890625;4090.14990234375;4211.8;3831.5;3921.8;3900.1;3901.7;3895.46;3917.0;3913.1;3885.0;3800.3;1550793600;0.06
4211.8;3903.429931640625;3882.429931640625;3908.820068359375;3949.080078125;3928.2900390625;3969.1298828125;4048.25;4101.22021484375;4134.2998046875;4187.240234375;3831.5;3921.8;3900.1;3901.7;3895.46;3917.0;3913.1;3885.0;3800.3;3951.7;1550880000;0.08
3831.5;3882.75;3879.22998046875;3923.530029296875;3951.320068359375;3915.31005859375;3979.3798828125;4044.68994140625;4115.5400390625;4162.35009765625;4205.64013671875;3921.8;3900.1;3901.7;3895.46;3917.0;3913.1;3885.0;3800.3;3951.7;3951.5;1550966400;0.03
3921.8;3836.080078125;3928.419921875;3873.2900390625;3933.18994140625;3952.860107421875;4028.280029296875;4084.5400390625;4145.75;4123.16015625;4143.52978515625;3900.1;3901.7;3895.46;3917.0;3913.1;3885.0;3800.3;3951.7;3951.5;3964.7;1551052800;0.01
3900.1;3865.25;3938.860107421875;3899.219970703125;3930.909912109375;4010.580078125;4068.610107421875;4143.509765625;4145.10986328125;4140.2001953125;4183.47998046875;3901.7;3895.46;3917.0;3913.1;3885.0;3800.3;3951.7;3951.5;3964.7;3940.7;1551139200;0.03
3901.7;3926.159912109375;3918.489990234375;3944.280029296875;3942.409912109375;4023.52001953125;4064.77001953125;4113.93994140625;4145.27001953125;4154.8798828125;4173.18994140625;3895.46;3917.0;3913.1;3885.0;3800.3;3951.7;3951.5;3964.7;3940.7;4017.2;1551225600;0.04
3895.46;3901.760009765625;3902.860107421875;3948.429931640625;3968.449951171875;4043.75;4043.449951171875;4076.7099609375;4095.260009765625;4118.18017578125;4124.77001953125;3917.0;3913.1;3885.0;3800.3;3951.7;3951.5;3964.7;3940.7;4017.2;4000.1;1551312000;0.02
3917.0;3888.800048828125;3945.22998046875;3941.81005859375;4008.39990234375;4035.719970703125;4062.06005859375;4088.969970703125;4114.1298828125;4073.969970703125;4062.89990234375;3913.1;3885.0;3800.3;3951.7;3951.5;3964.7;3940.7;4017.2;4000.1;3949.1;1551398400;0.01
3913.1;3898.179931640625;3966.6298828125;3953.7900390625;3987.919921875;4045.60009765625;4087.679931640625;4119.5;4084.2900390625;4029.64990234375;4027.570068359375;3885.0;3800.3;3951.7;3951.5;3964.7;3940.7;4017.2;4000.1;3949.1;3954.1;1551484800;0.01
3885.0;3983.570068359375;4029.469970703125;4026.6298828125;4029.580078125;4112.83984375;4082.14990234375;4091.8798828125;4093.8798828125;4039.139892578125;4047.239990234375;3800.3;3951.7;3951.5;3964.7;3940.7;4017.2;4000.1;3949.1;3954.1;3946.2;1551571200;0.02
3800.3;4018.260009765625;4036.739990234375;4043.0400390625;4065.030029296875;4117.10986328125;4078.0400390625;4062.22998046875;4023.739990234375;4014.77001953125;3980.679931640625;3951.7;3951.5;3964.7;3940.7;4017.2;4000.1;3949.1;3954.1;3946.2;3948.3;1551657600;0.03
3951.7;4000.989990234375;4002.489990234375;4037.60009765625;4045.2900390625;4095.35009765625;4086.4599609375;4034.27001953125;4026.669921875;3977.669921875;3944.989990234375;3951.5;3964.7;3940.7;4017.2;4000.1;3949.1;3954.1;3946.2;3948.3;4003.2;1551744000;0.02
3951.5;3979.510009765625;4038.8701171875;4015.4599609375;4027.530029296875;4039.969970703125;4066.909912109375;4053.77001953125;3983.669921875;3929.070068359375;3944.35009765625;3964.7;3940.7;4017.2;4000.1;3949.1;3954.1;3946.2;3948.3;4003.2;4088.04;1551830400;0.02
3964.7;4051.3798828125;4046.830078125;4079.659912109375;4016.419921875;4060.72998046875;4057.85009765625;4042.2900390625;3989.8701171875;3996.639892578125;3981.929931640625;3940.7;4017.2;4000.1;3949.1;3954.1;3946.2;3948.3;4003.2;4088.04;4068.9;1551916800;0.03
3940.7;4046.72998046875;4021.590087890625;4062.860107421875;4020.75;4044.8798828125;4059.10009765625;4004.22998046875;3979.97998046875;3984.280029296875;3962.6298828125;4017.2;4000.1;3949.1;3954.1;3946.2;3948.3;4003.2;4088.04;4068.9;4073.6;1552003200;0.02
4017.2;4038.3798828125;4037.419921875;4045.429931640625;4016.14990234375;4058.1298828125;4047.06005859375;3999.39990234375;3996.050048828125;3989.5;3957.300048828125;4000.1;3949.1;3954.1;3946.2;3948.3;4003.2;4088.04;4068.9;4073.6;4104.59;1552089600;0.01
4000.1;4010.610107421875;3999.8798828125;4030.679931640625;3967.080078125;3995.760009765625;4059.35009765625;4036.52001953125;3993.7099609375;4006.699951171875;3992.429931640625;3949.1;3954.1;3946.2;3948.3;4003.2;4088.04;4068.9;4073.6;4104.59;4127.16;1552176000;0.02
3949.1;4015.989990234375;3973.6201171875;4013.419921875;3937.52001953125;4010.68994140625;4040.9599609375;4035.260009765625;3994.260009765625;4027.340087890625;3994.6298828125;3954.1;3946.2;3948.3;4003.2;4088.04;4068.9;4073.6;4104.59;4127.16;4044.9;1552262400;0.04
3954.1;3951.780029296875;3938.8701171875;3926.840087890625;3953.52001953125;3979.840087890625;4013.340087890625;3994.739990234375;3951.610107421875;3971.169921875;3951.6298828125;3946.2;3948.3;4003.2;4088.04;4068.9;4073.6;4104.59;4127.16;4044.9;4045.2;1552348800;0.03
3946.2;3919.010009765625;3885.47998046875;3938.85009765625;3949.570068359375;3978.219970703125;4017.639892578125;3984.739990234375;3960.1201171875;3971.669921875;3941.7099609375;3948.3;4003.2;4088.04;4068.9;4073.6;4104.59;4127.16;4044.9;4045.2;4063.2;1552435200;0.03
3948.3;3886.10009765625;3885.14990234375;3947.010009765625;3922.570068359375;3960.219970703125;4004.949951171875;3981.679931640625;3982.580078125;3970.800048828125;3954.60009765625;4003.2;4088.04;4068.9;4073.6;4104.59;4127.16;4044.9;4045.2;4063.2;4041.46;1552521600;0.04
4003.2;3941.080078125;3919.110107421875;3957.360107421875;3952.340087890625;3976.31005859375;3984.510009765625;3988.389892578125;4011.4599609375;3996.64990234375;3989.719970703125;4088.04;4068.9;4073.6;4104.59;4127.16;4044.9;4045.2;4063.2;4041.46;3970.0;1552608000;0.05
4088.04;3945.719970703125;3947.409912109375;3954.85009765625;3998.0;3986.159912109375;3989.489990234375;3976.4599609375;3976.7099609375;3975.510009765625;4000.330078125;4068.9;4073.6;4104.59;4127.16;4044.9;4045.2;4063.2;4041.46;3970.0;3992.7;1552694400;0.02
4068.9;3920.260009765625;3938.75;3957.47998046875;3987.5400390625;3962.929931640625;3977.260009765625;3964.68994140625;3985.090087890625;3992.3798828125;4012.409912109375;4073.6;4104.59;4127.16;4044.9;4045.2;4063.2;4041.46;3970.0;3992.7;4102.6;1552780800;0.01
4073.6;3956.159912109375;3943.35009765625;3980.429931640625;3966.280029296875;3971.760009765625;3992.419921875;4001.72998046875;4040.18994140625;4037.06005859375;4036.25;4104.59;4127.16;4044.9;4045.2;4063.2;4041.46;3970.0;3992.7;4102.6;4092.57;1552867200;0.02
4104.59;3978.669921875;3980.159912109375;3972.760009765625;3990.389892578125;3980.18994140625;4003.60009765625;4028.89990234375;4075.7900390625;4043.050048828125;4032.550048828125;4127.16;4044.9;4045.2;4063.2;4041.46;3970.0;3992.7;4102.6;4092.57;4179.1;1552953600;0.03
4127.16;3998.080078125;3991.0;3995.31005859375;4023.159912109375;4032.18994140625;4026.639892578125;4037.989990234375;4030.8701171875;4051.89990234375;4074.72998046875;4044.9;4045.2;4063.2;4041.46;3970.0;3992.7;4102.6;4092.57;4179.1;4165.1;1553040000;0.03
4044.9;3969.1201171875;3980.989990234375;3984.169921875;4012.199951171875;4012.81005859375;4013.739990234375;4014.860107421875;4024.719970703125;4048.659912109375;4073.090087890625;4045.2;4063.2;4041.46;3970.0;3992.7;4102.6;4092.57;4179.1;4165.1;4167.6;1553126400;0.01
4045.2;3956.8701171875;3964.25;3988.260009765625;3984.419921875;4001.830078125;4027.360107421875;4028.7900390625;4079.760009765625;4069.419921875;4064.929931640625;4063.2;4041.46;3970.0;3992.7;4102.6;4092.57;4179.1;4165.1;4167.6;4196.8;1553212800;0.01
4063.2;3993.909912109375;4010.300048828125;4012.889892578125;4017.510009765625;4028.68994140625;4046.280029296875;4078.6298828125;4108.5400390625;4083.5400390625;4084.949951171875;4041.46;3970.0;3992.7;4102.6;4092.57;4179.1;4165.1;4167.6;4196.8;4927.1;1553299200;0.01
4041.46;4002.679931640625;4047.39990234375;4038.7900390625;4067.800048828125;4069.989990234375;4089.60009765625;4087.43994140625;4099.1201171875;4097.9599609375;4116.33984375;3970.0;3992.7;4102.6;4092.57;4179.1;4165.1;4167.6;4196.8;4927.1;4978.0;1553385600;0.01
3970.0;3996.409912109375;4021.469970703125;4026.659912109375;4052.3701171875;4066.159912109375;4097.31005859375;4083.610107421875;4085.909912109375;4100.39990234375;4086.75;3992.7;4102.6;4092.57;4179.1;4165.1;4167.6;4196.8;4927.1;4978.0;4938.9;1553472000;0.01
3992.7;3990.75;3999.5;4029.8701171875;4049.93994140625;4060.18994140625;4103.990234375;4088.300048828125;4102.75;4099.31005859375;4046.39990234375;4102.6;4092.57;4179.1;4165.1;4167.6;4196.8;4927.1;4978.0;4938.9;5084.3;1553558400;0.02
4102.6;4036.659912109375;4028.360107421875;4066.989990234375;4074.550048828125;4085.97998046875;4117.08984375;4119.06005859375;4122.6201171875;4096.240234375;4074.4599609375;4092.57;4179.1;4165.1;4167.6;4196.8;4927.1;4978.0;4938.9;5084.3;5089.92;1553644800;0.02
4092.57;4057.639892578125;4063.800048828125;4089.81005859375;4096.759765625;4107.18994140625;4127.97021484375;4121.66015625;4101.0;4113.6298828125;4110.7900390625;4179.1;4165.1;4167.6;4196.8;4927.1;4978.0;4938.9;5084.3;5089.92;5238.1;1553731200;0.02
4179.1;4085.800048828125;4083.340087890625;4132.0;4132.14013671875;4142.1201171875;4154.72998046875;4126.9599609375;4117.60986328125;4141.06005859375;4139.6201171875;4165.1;4167.6;4196.8;4927.1;4978.0;4938.9;5084.3;5089.92;5238.1;5312.4;1553817600;0.02
4165.1;4073.580078125;4078.06005859375;4108.3701171875;4111.41015625;4108.66015625;4136.22021484375;4122.06005859375;4130.64990234375;4129.8798828125;4117.02978515625;4167.6;4196.8;4927.1;4978.0;4938.9;5084.3;5089.92;5238.1;5312.4;5214.1;1553904000;0.01
4167.6;4081.429931640625;4088.77001953125;4126.02001953125;4109.330078125;4110.64990234375;4139.72021484375;4137.39013671875;4131.8798828125;4149.259765625;4145.33984375;4196.8;4927.1;4978.0;4938.9;5084.3;5089.92;5238.1;5312.4;5214.1;5310.1;1553990400;0.02
4196.8;4101.25;4112.18017578125;4126.72998046875;4117.25;4126.6201171875;4155.33984375;4149.52978515625;4148.35986328125;4171.759765625;4166.83984375;4927.1;4978.0;4938.9;5084.3;5089.92;5238.1;5312.4;5214.1;5310.1;5065.8;1554076800;0.13
4927.1;4391.240234375;4297.669921875;4293.919921875;4301.85009765625;4239.2900390625;4240.93017578125;4274.10009765625;4326.72021484375;4291.35009765625;4335.81005859375;4978.0;4938.9;5084.3;5089.92;5238.1;5312.4;5214.1;5310.1;5065.8;5116.54;1554163200;0.11
4978.0;4369.60009765625;4340.93994140625;4322.16015625;4340.56982421875;4200.2001953125;4207.81005859375;4246.7099609375;4272.1298828125;4371.06005859375;4501.14013671875;4938.9;5084.3;5089.92;5238.1;5312.4;5214.1;5310.1;5065.8;5116.54;5101.8;1554249600;0.04
4938.9;4301.27001953125;4257.1298828125;4255.9501953125;4239.56982421875;4181.8701171875;4108.77001953125;4139.9599609375;4225.5400390625;4415.6201171875;4525.580078125;5084.3;5089.92;5238.1;5312.4;5214.1;5310.1;5065.8;5116.54;5101.8;5194.4;1554336000;0.03
5084.3;4180.6298828125;4199.72998046875;4085.659912109375;4084.330078125;4068.580078125;4029.010009765625;4112.75;4314.6298828125;4326.2099609375;4553.06982421875;5089.92;5238.1;5312.4;5214.1;5310.1;5065.8;5116.54;5101.8;5194.4;5042.79;1554422400;0.04
5089.92;4185.35009765625;4041.510009765625;4050.159912109375;4012.52001953125;3949.47998046875;3957.260009765625;4103.60986328125;4214.31005859375;4224.60986328125;4344.91015625;5238.1;5312.4;5214.1;5310.1;5065.8;5116.54;5101.8;5194.4;5042.79;5234.4;1554508800;0.03
5238.1;4130.14013671875;3948.800048828125;4060.110107421875;3881.840087890625;3860.699951171875;3757.89990234375;3722.969970703125;3901.1201171875;3938.989990234375;4043.919921875;5312.4;5214.1;5310.1;5065.8;5116.54;5101.8;5194.4;5042.79;5234.4;5254.56;1554595200;0.04
5312.4;4219.81005859375;3998.409912109375;4066.4599609375;3803.0;3736.489990234375;3554.949951171875;3521.760009765625;3607.570068359375;3673.02001953125;3806.2900390625;5214.1;5310.1;5065.8;5116.54;5101.8;5194.4;5042.79;5234.4;5254.56;5310.86;1554681600;0.03
5214.1;4218.080078125;4052.14990234375;3816.97998046875;3484.030029296875;3400.659912109375;3230.110107421875;3283.409912109375;3353.169921875;3471.06005859375;3866.570068359375;5310.1;5065.8;5116.54;5101.8;5194.4;5042.79;5234.4;5254.56;5310.86;5314.09;1554768000;0.04
5310.1;4238.330078125;3764.080078125;3524.18994140625;3231.080078125;3189.050048828125;3110.75;3208.300048828125;3341.14990234375;3631.52001953125;4024.77001953125;5065.8;5116.54;5101.8;5194.4;5042.79;5234.4;5254.56;5310.86;5314.09;5340.04;1554854400;0.05
5065.8;3901.64990234375;3476.18994140625;3245.280029296875;3077.6298828125;3017.18994140625;3002.760009765625;3081.6201171875;3595.080078125;3952.139892578125;4595.1298828125;5116.54;5101.8;5194.4;5042.79;5234.4;5254.56;5310.86;5314.09;5340.04;5322.3;1554940800;0.02
5116.54;3801.3701171875;3442.7099609375;3316.860107421875;3272.659912109375;3218.780029296875;3228.5400390625;3476.050048828125;4018.9599609375;4509.91015625;4773.419921875;5101.8;5194.4;5042.79;5234.4;5254.56;5310.86;5314.09;5340.04;5322.3;5416.6;1555027200;0.02
5101.8;3789.800048828125;3623.97998046875;3516.60009765625;3572.929931640625;3561.760009765625;3728.639892578125;4142.16015625;4599.31005859375;4826.0498046875;5142.2001953125;5194.4;5042.79;5234.4;5254.56;5310.86;5314.09;5340.04;5322.3;5416.6;5550.4;1555113600;0.01
5194.4;3926.35009765625;3722.75;3790.989990234375;3729.2900390625;3999.31005859375;4199.330078125;4666.58984375;4889.759765625;5142.64990234375;5427.330078125;5042.79;5234.4;5254.56;5310.86;5314.09;5340.04;5322.3;5416.6;5550.4;5479.6;1555200000;0.02
5042.79;3802.4599609375;3687.070068359375;3810.610107421875;3892.43994140625;4208.4599609375;4533.47021484375;4818.35986328125;5112.89013671875;5352.3798828125;5544.5;5234.4;5254.56;5310.86;5314.09;5340.04;5322.3;5416.6;5550.4;5479.6;5215.7;1555286400;0.03
5234.4;4036.449951171875;3930.510009765625;4181.580078125;4390.77978515625;4659.47998046875;4813.64013671875;5046.2001953125;5328.93017578125;5506.8798828125;5636.68994140625;5254.56;5310.86;5314.09;5340.04;5322.3;5416.6;5550.4;5479.6;5215.7;5410.9;1555372800;0.03
5254.56;4324.81982421875;4475.43994140625;4727.27001953125;4880.990234375;4993.25;5088.27001953125;5341.35009765625;5442.8798828125;5579.14990234375;5724.85009765625;5310.86;5314.09;5340.04;5322.3;5416.6;5550.4;5479.6;5215.7;5410.9;5401.9;1555459200;0.02
5310.86;4688.2998046875;4916.75;5168.490234375;5121.60009765625;5268.97021484375;5323.81005859375;5484.259765625;5560.47998046875;5660.580078125;5732.41015625;5314.09;5340.04;5322.3;5416.6;5550.4;5479.6;5215.7;5410.9;5401.9;5486.86;1555545600;0.01
5314.09;4825.58984375;5153.1298828125;5251.02978515625;5240.0498046875;5379.919921875;5415.490234375;5599.7001953125;5667.31982421875;5718.3701171875;5744.16015625;5340.04;5322.3;5416.6;5550.4;5479.6;5215.7;5410.9;5401.9;5486.86;5480.1;1555632000;0.01
5340.04;5037.56982421875;5198.2099609375;5338.60986328125;5342.81005859375;5472.16015625;5557.75;5717.7001953125;5772.72998046875;5799.2998046875;5721.990234375;5322.3;5416.6;5550.4;5479.6;5215.7;5410.9;5401.9;5486.86;5480.1;5599.6;1555718400;0.02
5322.3;5047.47998046875;5303.27001953125;5492.759765625;5442.66015625;5656.85986328125;5729.169921875;5861.009765625;5848.5498046875;5824.81982421875;5763.0;5416.6;5550.4;5479.6;5215.7;5410.9;5401.9;5486.86;5480.1;5599.6;5629.6;1555804800;0.03
5416.6;5360.330078125;5597.18017578125;5767.0498046875;5686.830078125;5844.18017578125;5764.14013671875;5879.740234375;5862.5400390625;5783.7998046875;5683.25;5550.4;5479.6;5215.7;5410.9;5401.9;5486.86;5480.1;5599.6;5629.6;5748.0;1555891200;0.05
5550.4;5550.240234375;5767.919921875;5938.43017578125;5836.2998046875;5915.93994140625;5788.509765625;5853.56005859375;5825.2998046875;5743.85986328125;5656.1201171875;5479.6;5215.7;5410.9;5401.9;5486.86;5480.1;5599.6;5629.6;5748.0;6017.0;1555977600;0.04
5479.6;5575.10986328125;5837.5400390625;6024.60009765625;5904.27978515625;5963.5498046875;5771.0400390625;5803.27978515625;5766.4599609375;5728.68017578125;5605.06005859375;5215.7;5410.9;5401.9;5486.86;5480.1;5599.6;5629.6;5748.0;6017.0;6098.3;1556064000;0.05
5215.7;5511.68017578125;5811.1298828125;5987.77978515625;5858.0498046875;5881.7900390625;5665.1201171875;5688.35009765625;5654.580078125;5567.5498046875;5434.91015625;5410.9;5401.9;5486.86;5480.1;5599.6;5629.6;5748.0;6017.0;6098.3;6041.4;1556150400;0.06
