entry_test_price;prediction;test_price;volume
3832.6;3826.360107421875;3830.5;13.69
3830.5;3828.93994140625;3844.8;15.52
3844.8;3846.679931640625;3831.6;54.19
3831.6;3827.43994140625;3824.1;32.93
3824.1;3818.090087890625;3831.6;78.44
3831.6;3826.56005859375;3841.6;43.97
3841.6;3840.219970703125;3825.0;31.61
3825.0;3829.830078125;3833.25;41.32
3831.32;3825.7900390625;3827.9;3.87
3827.9;3830.47998046875;3846.8;72.26
3846.8;3848.050048828125;3859.9;19.67
3859.9;3843.989990234375;3857.7;22.44
3857.7;3854.179931640625;3844.0;8.96
3844.0;3845.56005859375;3854.0;21.96
3854.0;3859.139892578125;3862.3;8.48
3856.13;3856.280029296875;3856.3;5.46
3840.78;3840.10009765625;3855.27;4.9
3855.27;3852.56005859375;3859.0;28.81
3859.0;3847.72998046875;3839.3;39.98
3837.02;3848.56005859375;3830.0;47.84
3841.23;3840.06005859375;3836.3;0.74
3837.77;3844.77001953125;3834.7;10.16
3834.7;3836.280029296875;3820.02;4.12
3828.67;3833.949951171875;3809.94;43.09
3791.91;3800.330078125;3844.4;10.84
3844.4;3841.090087890625;3883.9;58.72
3896.78;3886.199951171875;3879.3;27.51
3879.3;3881.60009765625;3862.2;29.95
3862.2;3876.239990234375;3950.0;35.96
4022.31;3954.52001953125;3974.8;678.48
3999.96;3981.080078125;3948.9;148.61
3948.9;3982.5;3953.0;28.77
3953.0;4024.6201171875;3951.3;9.31
3951.3;3953.75;3959.8;6.35
3959.8;3943.050048828125;3938.8;1.74
3938.8;3947.820068359375;3941.2;12.66
3941.2;3938.85009765625;3940.7;0.64
3940.7;3943.3798828125;3926.0;29.35
3926.0;3931.60009765625;3933.1;1.81
3933.1;3929.389892578125;3942.4;82.19
3942.4;3941.1298828125;3935.3;26.86
3935.3;3939.2099609375;3937.0;20.81
3937.0;3939.300048828125;3956.9;6.69
3956.9;3941.219970703125;3949.09;36.64
3949.09;3949.409912109375;3953.1;26.39
3953.1;3953.1201171875;3975.3;141.62
3980.01;3976.02001953125;3979.1;86.7
4020.32;4022.3701171875;3985.0;67.65
3989.48;3990.02001953125;3975.1;18.42
3983.29;3999.800048828125;4015.2;57.29
4026.57;4008.199951171875;4016.0;392.99
4016.0;4001.8798828125;3992.4;23.36
3993.11;4000.330078125;3979.8;8.85
4000.81;4021.14990234375;3995.24;130.48
3995.24;4004.389892578125;4040.06;40.82
4040.06;4017.280029296875;4046.25;226.28
4046.45;4034.9599609375;4027.36;87.43
4040.93;4025.610107421875;4069.3;52.94
4084.95;4053.9599609375;4048.8;62.3
4053.27;4074.580078125;4022.0;21.05
4022.0;4038.340087890625;4023.9;29.68
4023.9;4021.699951171875;4017.3;1.68
4017.3;4022.909912109375;4024.9;3.14
4026.49;4020.2900390625;4027.6;4.56
4029.06;4028.56005859375;4009.73;12.96
4009.73;4017.60009765625;3999.02;16.52
3999.02;4005.360107421875;3996.0;4.42
4001.48;4006.72998046875;4007.8;2.51
4007.8;4004.909912109375;3996.1;210.79
4005.94;4012.02001953125;3978.76;6.19
3988.23;4005.81005859375;3987.0;64.21
3983.1;3983.800048828125;3979.2;26.17
3979.2;3982.72998046875;3977.6;42.59
3977.6;3979.909912109375;3985.4;8.93
3985.4;3985.510009765625;3986.5;17.1
3986.5;3982.39990234375;3983.7;14.67
3983.7;3987.659912109375;3986.2;87.14
3983.21;3982.280029296875;3970.0;43.85
3970.0;3978.659912109375;3913.9;38.5
3813.57;3887.85009765625;3924.73;0.0
3924.73;3944.949951171875;3920.0;34.91
3920.0;3909.469970703125;3913.8;28.3
3913.8;3910.860107421875;3932.4;57.63
3923.59;3925.56005859375;3935.8;21.94
3929.98;3912.570068359375;3932.4;5.3
3932.4;3930.97998046875;3928.7;1.56
3927.74;3924.139892578125;3915.7;7.25
3915.7;3924.89990234375;3909.1;261.62
3909.04;3906.2900390625;3919.7;9.76
3915.42;3913.7099609375;3919.34;11.85
3919.34;3916.760009765625;3918.92;2.2
3918.92;3914.989990234375;3926.1;4.18
3924.85;3921.47998046875;3930.0;64.08
3927.29;3925.139892578125;3928.1;17.16
3928.1;3930.489990234375;3938.8;1.75
3938.8;3939.7099609375;3946.9;33.97
3946.9;3945.7900390625;3947.4;88.89
3947.4;3949.60009765625;3951.3;228.62
3951.3;3944.1201171875;3927.92;25.59
3924.67;3930.0400390625;3925.99;3.19
3925.99;3925.47998046875;3937.6;23.34
3936.28;3932.080078125;3924.9;82.01
3918.85;3921.159912109375;3916.11;5.66
3921.81;3916.739990234375;3907.0;4.9
3907.0;3913.580078125;3893.1;21.61
3887.99;3901.340087890625;3872.8;48.97
3833.64;3830.14990234375;3885.81;31.5
3885.81;3877.800048828125;3895.0;23.11
3895.0;3892.9599609375;3896.1;8.19
3896.1;3893.010009765625;3888.2;16.93
3888.2;3889.5;3886.7;2.56
3886.7;3889.280029296875;3881.9;15.2
3881.9;3884.3798828125;3925.9;14.73
3925.9;3951.81005859375;3958.2;140.14
3967.72;3952.2099609375;3960.64;91.74
3960.64;3970.31005859375;3959.8;3.08
3959.8;3951.760009765625;3995.6;14.98
4021.72;4009.3798828125;3981.2;69.97
3981.2;3995.89990234375;3985.6;9.44
3985.6;3992.18994140625;3982.0;40.5
3982.0;3983.679931640625;3997.5;211.83
3997.5;3977.0;3997.3;39.6
3997.3;3995.43994140625;4005.0;123.41
4007.35;3995.93994140625;3985.8;7.76
3987.52;4007.050048828125;3979.3;12.22
3979.3;3976.570068359375;3965.2;4.26
3965.2;3966.989990234375;3965.3;12.06
3965.3;3965.93994140625;3963.9;42.96
3963.9;3963.340087890625;3959.2;41.74
3959.2;3958.260009765625;3964.42;1.18
3970.58;3969.110107421875;3970.9;1.58
3973.52;3967.85009765625;3958.91;10.83
3958.91;3964.97998046875;3960.1;34.47
3960.1;3957.580078125;3953.2;15.99
3953.2;3959.429931640625;3978.5;22.88
3978.5;3971.969970703125;3974.0;52.86
3974.45;3960.590087890625;3969.6;129.19
3984.64;3980.360107421875;3963.9;16.94
3968.55;3976.52001953125;3971.0;10.59
3971.0;3968.3798828125;3966.9;6.25
3966.9;3971.06005859375;3960.8;264.94
3960.8;3963.300048828125;3961.2;3.9
3961.2;3961.469970703125;3904.6;7.2
3861.13;3912.68994140625;3921.9;397.56
3921.9;3920.320068359375;3911.3;28.0
3911.3;3893.949951171875;3931.2;194.84
3931.2;3921.610107421875;3930.1;2.16
3930.1;3931.659912109375;3914.6;2.66
3901.9;3903.64990234375;3913.4;5.51
3912.3;3908.239990234375;3915.4;6.5
3915.4;3918.580078125;3917.0;7.05
3917.0;3914.93994140625;3916.8;5.15
3916.8;3919.22998046875;3915.9;4.48
3915.9;3918.469970703125;3890.2;5.84
3889.9;3907.449951171875;3897.5;124.45
3894.83;3895.52001953125;3912.3;34.72
3912.3;3903.0400390625;3901.7;26.64
3901.7;3904.4599609375;3935.8;27.27
3935.8;3918.0;3937.0;43.0
3937.0;3925.219970703125;3939.8;14.57
3939.8;3950.969970703125;3927.2;38.67
3927.2;3929.699951171875;3928.3;5.74
3928.3;3928.0;3934.8;8.54
3934.8;3928.580078125;3951.9;7.92
3946.7;3945.02001953125;3949.8;51.97
3948.1;3939.6201171875;4183.3;7.7
5016.16;4326.93017578125;4180.0;1650.06
4196.85;4455.3798828125;4170.0;86.88
4170.0;4337.31982421875;4178.7;551.94
4178.7;4192.72998046875;4170.0;5.42
4170.0;4309.97021484375;4153.5;15.75
4153.5;4216.47021484375;4161.0;80.82
4161.0;4507.02978515625;4187.9;15.39
4187.9;4164.43994140625;4193.0;594.9
4193.0;4365.330078125;4179.7;63.08
4179.7;4348.009765625;4154.9;13.47
4154.9;4424.9501953125;4145.4;17.5
4145.4;4304.3798828125;4154.7;2.79
4154.7;4399.27001953125;4151.7;6.42
4153.71;4124.43994140625;4136.0;30.1
4136.36;4168.580078125;4153.9;44.82
4153.9;4188.7001953125;4150.4;7.96
4154.87;4160.580078125;4153.4;181.81
4153.4;4146.7998046875;4152.2;8.02
4152.2;4181.41015625;4120.2;38.78
4120.2;4183.919921875;4106.7;297.19
4106.7;4099.02001953125;4106.7;0.0
4112.19;4185.2099609375;4106.7;0.0
4107.76;4137.31982421875;4106.7;0.0
4111.62;4123.509765625;4107.7;0.0
4146.81;4137.64013671875;4107.7;0.0
4100.37;4090.699951171875;4111.0;0.0
4111.0;4109.830078125;4106.7;0.1
4106.7;4101.64990234375;4106.7;0.0
4106.7;4116.66015625;4111.6;0.0
4111.6;4135.85986328125;4145.8;0.0
4145.8;4137.97998046875;4142.3;291.15
4141.79;4117.4501953125;4135.8;39.8
4133.41;4130.81982421875;4109.9;4.8
4105.2;4129.830078125;4121.8;27.3
4121.8;4131.22021484375;4105.9;84.64
4105.9;4114.2998046875;4114.4;13.77
4114.4;4134.9501953125;4119.4;3.87
4119.4;4114.89990234375;4114.6;121.53
4114.6;4110.02001953125;4111.0;12.23
4111.0;4096.77001953125;4081.9;17.96
4081.9;4082.389892578125;4090.0;91.97
4090.0;4107.31982421875;4090.0;5.59
4090.0;4102.83984375;4095.5;3.89
4088.94;4103.68017578125;4088.9;280.09
4095.92;4087.719970703125;4099.9;7.79
4099.9;4098.14990234375;4104.9;54.02
4104.9;4110.4501953125;4107.4;12.53
4107.4;4108.330078125;4109.0;35.54
4109.0;4108.89990234375;4098.7;106.1
4098.7;4101.81005859375;4099.9;83.41
4099.9;4097.68994140625;4143.4;77.57
4143.4;4127.18994140625;4130.9;28.4
4130.9;4132.02001953125;4160.18;243.03
4160.18;4144.330078125;4161.71;184.95
4170.96;4171.9501953125;4170.3;4.82
4170.3;4164.7099609375;4146.5;155.94
4178.56;4214.08984375;4131.5;129.07
4131.5;4138.22998046875;4136.0;38.42
4136.0;4152.43017578125;4133.0;31.38
4133.0;4143.77001953125;4133.3;7.03
4133.3;4136.35009765625;4121.2;3.2
4121.2;4134.7900390625;4110.6;16.59
4110.6;4117.669921875;4104.97;10.23
4104.97;4120.89013671875;4116.6;115.68
4132.55;4122.64013671875;4099.3;25.14
4099.3;4138.22021484375;4109.6;77.7
4113.24;4113.43994140625;4111.3;7.14
4100.33;4094.909912109375;4153.3;8.61
4153.3;4120.7099609375;4135.5;37.2
4135.5;4131.6201171875;4140.0;5.62
4140.0;4139.27978515625;4146.9;30.7
4146.9;4144.7900390625;4136.87;2.07
4136.87;4146.27978515625;4132.5;10.22
4132.5;4138.18994140625;4146.45;8.11
4146.45;4148.1298828125;4135.42;8.76
4135.42;4144.7001953125;4147.8;108.78
4147.8;4143.16015625;4148.1;92.25
4148.1;4146.02978515625;4139.5;14.23
4139.5;4141.990234375;4146.5;6.77
4146.5;4142.8798828125;4134.2;38.57
4114.04;4133.509765625;4117.6;7.44
4117.6;4112.89013671875;4107.0;26.37
4107.0;4102.5400390625;4083.6;34.77
4083.6;4083.64990234375;4076.3;105.34
4015.95;4025.409912109375;4084.0;97.32
4084.0;4063.909912109375;4073.1;67.49
4073.1;4073.580078125;4085.0;7.24
4085.0;4067.659912109375;4085.8;22.29
4085.8;4078.10009765625;4080.2;2.95
4080.2;4077.080078125;4094.26;7.17
4094.26;4087.2099609375;4095.5;22.33
4095.5;4082.360107421875;4087.5;173.45
4087.5;4083.030029296875;4079.5;34.31
4079.5;4085.81005859375;4083.9;176.59
4083.9;4083.5;4101.8;8.18
4101.8;4093.10009765625;4114.3;16.73
4114.3;4109.7099609375;4100.0;52.86
4100.0;4110.72998046875;4112.4;266.26
4112.4;4106.85986328125;4110.0;6.26
4110.0;4112.990234375;4118.1;24.54
4118.1;4115.5;4131.7;13.35
4131.7;4129.41015625;4096.0;38.36
4096.0;4118.56005859375;3901.0;55.03
3648.94;3679.159912109375;3894.9;109.48
3875.61;3836.93994140625;3885.6;57.66
3885.6;3798.1298828125;3873.1;61.05
3873.1;3866.68994140625;3876.6;45.32
3876.6;3861.760009765625;3877.3;5.05
3877.3;3869.449951171875;3878.3;60.04
3878.3;3882.919921875;3870.0;161.19
3870.0;3877.889892578125;3869.6;15.55
3869.6;3858.580078125;3869.4;19.46
3869.4;3864.179931640625;3869.5;14.18
3869.5;3878.679931640625;3698.0;47.59
3469.22;3843.550048828125;3712.1;112.43
3712.1;3704.27001953125;3711.04;262.24
3711.04;3708.830078125;3707.9;35.02
3707.9;3661.820068359375;3718.36;44.25
3718.36;3702.02001953125;3725.6;59.5
3725.6;3658.550048828125;3714.2;10.03
3714.2;3634.2900390625;3711.1;6.6
3711.1;3724.070068359375;3712.7;5.68
3712.7;3714.93994140625;3712.8;43.51
3712.8;3706.699951171875;3725.8;14.41
3725.8;3715.8701171875;3725.9;35.76
3725.11;3715.72998046875;3723.6;106.03
3720.55;3734.719970703125;3715.9;1.38
3703.18;3718.1201171875;3704.0;30.45
3703.41;3712.47998046875;3698.6;41.88
3698.25;3698.1201171875;3704.6;9.09
3704.6;3706.389892578125;3720.8;3.6
3720.8;3724.739990234375;3722.8;7.18
3722.8;3732.510009765625;3742.6;39.93
3738.83;3736.090087890625;3744.4;34.29
3744.4;3741.75;3730.3;94.04
3730.3;3737.4599609375;3714.4;49.61
3714.4;3734.919921875;3727.76;92.94
3725.85;3732.52001953125;3723.8;6.42
3704.72;3707.989990234375;3730.1;6.37
3730.1;3726.969970703125;3727.5;32.31
3727.5;3722.31005859375;3729.1;55.45
3729.1;3731.929931640625;3729.7;22.16
3731.72;3731.159912109375;3732.2;25.57
3732.2;3732.02001953125;3738.0;20.73
3738.0;3742.090087890625;3727.86;18.89
3727.86;3734.52001953125;3729.9;11.71
3729.9;3728.159912109375;3734.9;8.94
3734.9;3733.22998046875;3728.8;14.66
3728.8;3733.4599609375;3727.75;3.79
3727.75;3734.239990234375;3716.5;55.98
3716.5;3718.989990234375;3696.9;8.32
3695.32;3706.18994140625;3705.9;73.0
3687.46;3687.510009765625;3717.4;3.77
3717.4;3718.280029296875;3709.9;17.14
3709.9;3711.3798828125;3705.4;7.74
3705.4;3706.52001953125;3715.1;6.57
3715.1;3713.0400390625;3718.31;2.48
3718.31;3716.5400390625;3716.59;10.21
3710.61;3707.929931640625;3713.0;5.84
3713.0;3710.090087890625;3699.4;12.43
3699.4;3707.47998046875;3698.9;3.24
3698.9;3698.0;3705.3;19.38
3705.3;3700.489990234375;3694.4;18.2
3694.4;3698.2900390625;3696.6;22.75
3696.6;3693.39990234375;3693.2;9.5
3693.2;3696.989990234375;3688.6;5.96
3688.6;3691.85009765625;3697.2;19.74
3697.2;3693.199951171875;3705.4;3.78
3705.4;3704.300048828125;3712.1;1.45
3712.1;3708.43994140625;3709.02;10.91
3709.02;3710.030029296875;3707.95;7.32
3707.95;3708.02001953125;3712.2;3.39
3712.2;3713.97998046875;3719.8;4.4
3705.24;3698.860107421875;3719.0;5.52
3719.0;3708.340087890625;3709.8;2.64
3709.8;3712.929931640625;3714.9;4.05
3709.67;3708.159912109375;3715.5;1.83
3711.64;3710.159912109375;3713.8;3.6
3715.42;3718.35009765625;3723.35;3.59
3729.93;3724.81005859375;3702.4;15.96
3702.4;3707.1201171875;3694.2;13.22
3694.2;3700.110107421875;3684.54;6.76
3684.54;3693.389892578125;3681.0;17.39
3681.0;3684.89990234375;3693.65;23.5
3693.65;3687.840087890625;3703.3;2.4
3703.3;3703.22998046875;3706.3;2.45
3706.3;3706.909912109375;3703.51;2.27
3703.51;3706.409912109375;3696.44;63.72
3696.44;3700.639892578125;3695.6;98.88
3695.6;3693.64990234375;3697.09;71.31
3697.09;3696.830078125;3688.61;1.4
3694.13;3701.800048828125;3690.8;96.09
3690.8;3688.93994140625;3700.2;6.9
3700.2;3699.550048828125;3699.8;0.84
3699.8;3700.360107421875;3700.1;2.42
3700.1;3699.070068359375;3709.1;4.55
3707.5;3698.300048828125;3705.2;23.28
3705.2;3704.739990234375;3697.6;6.06
3697.6;3703.8701171875;3688.5;15.97
3688.5;3688.969970703125;3599.4;3.28
3397.71;3607.989990234375;3583.2;1573.43
3576.88;3394.159912109375;3605.8;70.19
3605.8;3602.1201171875;3596.9;103.17
3596.08;3595.97998046875;3586.0;11.53
3586.0;3589.449951171875;3585.01;6.55
3585.01;3571.090087890625;3575.9;12.09
3575.9;3576.35009765625;3595.45;97.97
3595.45;3597.669921875;3588.13;38.66
3588.13;3589.699951171875;3581.82;2.12
3581.82;3580.320068359375;3580.0;24.99
3580.0;3585.550048828125;3603.1;46.2
3603.1;3579.06005859375;3610.0;12.39
3610.0;3601.530029296875;3607.9;165.16
3607.9;3610.360107421875;3608.3;11.51
3608.3;3615.10009765625;3612.0;4.99
3612.0;3607.6298828125;3615.0;2.59
3615.0;3613.75;3620.2;106.53
3620.2;3618.530029296875;3631.2;12.24
3631.2;3629.469970703125;3623.9;17.64
3623.9;3626.610107421875;3621.5;24.77
3615.05;3617.06005859375;3624.65;52.24
3623.59;3611.510009765625;3623.0;14.33
3619.58;3623.0400390625;3621.3;42.03
3619.57;3609.889892578125;3611.5;23.53
3602.98;3603.820068359375;3624.6;6.69
3624.82;3614.2099609375;3629.0;13.53
3629.0;3627.780029296875;3616.1;21.42
3616.1;3618.14990234375;3629.1;6.34
3629.1;3621.909912109375;3745.0;5.12
3980.27;3997.330078125;3754.8;100.25
3754.8;3773.909912109375;3757.8;11.19
3757.8;3752.8701171875;3766.2;37.97
3766.2;3765.8798828125;3764.05;4.84
3765.44;3825.75;3766.4;3.13
3766.48;3762.77001953125;3750.1;10.11
3753.99;3753.929931640625;3754.1;8.6
3755.42;3758.800048828125;3745.6;2.01
3746.53;3743.85009765625;3749.67;3.92
3749.67;3751.840087890625;3754.9;2.55
3754.9;3743.409912109375;3768.3;1.19
3768.3;3755.510009765625;3758.1;29.57
3758.1;3756.35009765625;3752.7;1.14
3752.7;3752.1201171875;3750.7;12.74
3750.7;3749.409912109375;3751.8;4.41
3751.8;3754.330078125;3743.0;6.77
3743.0;3755.510009765625;3741.4;6.49
3741.4;3741.639892578125;3745.0;6.77
3745.0;3739.2900390625;3748.9;12.25
3750.16;3747.110107421875;3744.4;18.58
3745.19;3745.75;3715.3;24.71
3715.3;3727.39990234375;3727.45;53.42
3727.45;3720.330078125;3738.9;83.89
3743.76;3738.389892578125;3740.8;32.96
3765.23;3766.60009765625;3732.6;8.15
3732.6;3735.280029296875;3750.0;7.9
3750.0;3740.080078125;3745.6;6.29
3745.6;3738.35009765625;3724.9;25.35
3724.9;3738.14990234375;3730.7;21.65
3725.33;3723.409912109375;3713.5;13.21
3713.5;3711.159912109375;3726.0;75.4
3726.0;3722.3701171875;3706.17;7.33
3700.82;3708.56005859375;3710.6;19.32
3710.6;3703.030029296875;3634.0;16.6
3523.67;3625.93994140625;3648.6;453.82
3639.54;3573.10009765625;3650.18;64.71
3649.51;3616.530029296875;3651.18;9.77
3651.18;3630.56005859375;3654.3;14.7
3654.3;3659.239990234375;3660.1;20.81
3660.1;3653.889892578125;3664.9;21.64
3664.9;3654.56005859375;3658.0;13.49
3658.0;3662.010009765625;3670.0;36.61
3670.0;3664.550048828125;3678.0;17.36
3678.0;3671.050048828125;3673.0;150.75
3673.0;3678.679931640625;3677.92;5.14
3677.92;3674.1201171875;3669.5;14.21
3669.5;3676.35009765625;3653.99;12.81
3653.99;3667.06005859375;3658.2;528.05
3658.2;3655.7099609375;3688.9;34.56
3688.9;3672.840087890625;3677.78;127.4
3675.57;3682.800048828125;3688.5;233.3
3688.5;3687.300048828125;3691.1;8.44
3678.39;3677.330078125;3720.6;13.47
3743.8;3726.5400390625;3709.1;4.32
3709.1;3712.64990234375;3698.09;61.64
3698.09;3701.77001953125;3699.5;7.08
3699.5;3703.02001953125;3691.5;28.44
3691.5;3679.9599609375;3679.5;18.92
3679.5;3694.530029296875;3690.0;140.47
3696.08;3692.919921875;3697.4;72.02
3701.08;3697.2900390625;3683.0;6.1
3683.0;3690.02001953125;3671.4;3.56
3671.4;3667.77001953125;3659.3;17.33
3663.62;3664.580078125;3672.89;11.56
3672.89;3670.949951171875;3665.8;5.29
3665.8;3672.2099609375;3662.5;13.42
3662.5;3665.75;3676.52;59.15
3676.52;3673.830078125;3673.7;37.62
3673.7;3669.75;3679.0;2.43
3679.0;3676.7900390625;3668.9;38.42
3668.9;3674.6201171875;3644.6;3.1
3626.77;3633.7900390625;3650.5;3.78
3650.5;3634.780029296875;3648.6;15.02
3648.6;3649.820068359375;3648.8;1.3
3648.8;3652.449951171875;3652.0;10.07
3652.0;3654.429931640625;3656.3;59.38
3656.3;3653.43994140625;3653.8;9.92
3647.02;3647.10009765625;3661.0;106.91
3658.03;3649.080078125;3647.3;37.56
3647.3;3653.219970703125;3649.6;8.97
3631.35;3630.5;3650.2;34.52
3648.02;3648.89990234375;3642.5;5.45
3642.5;3648.25;3644.2;18.96
3644.2;3643.080078125;3642.9;70.69
3642.54;3641.81005859375;3652.0;8.07
3652.0;3649.7099609375;3683.0;11.75
3683.0;3668.070068359375;3672.8;134.21
3684.11;3699.580078125;3682.34;28.46
3682.34;3679.820068359375;3710.32;13.63
3710.32;3695.8798828125;3695.42;156.12
3695.42;3698.7900390625;3697.33;4.96
3697.33;3698.389892578125;3700.2;232.21
3700.2;3694.0;3699.1;11.55
3699.18;3702.699951171875;3699.1;25.99
3699.1;3697.8798828125;3721.7;9.18
3721.7;3712.3798828125;3714.9;150.45
3714.9;3719.360107421875;3713.9;43.57
3713.9;3710.860107421875;3704.6;2.75
3704.6;3707.02001953125;3712.2;5.42
3712.2;3708.1201171875;3707.4;3.12
3707.4;3708.9599609375;3705.2;5.04
3705.2;3705.81005859375;3698.9;4.27
3698.9;3698.43994140625;3698.2;2.81
3698.2;3697.659912109375;3706.65;13.77
3710.55;3707.8701171875;3700.2;8.4
3700.2;3703.31005859375;3707.2;15.55
3707.2;3701.679931640625;3705.5;12.68
3705.5;3702.830078125;3700.0;15.08
3702.78;3706.550048828125;3683.7;50.25
3687.82;3699.6201171875;3684.9;72.9
3694.86;3695.3701171875;3675.6;11.54
3665.24;3671.43994140625;3671.4;17.51
3671.4;3668.77001953125;3669.6;7.02
3669.6;3671.25;3683.1;5.22
3683.1;3672.0;3689.2;29.69
3689.2;3692.830078125;3672.48;22.41
3672.48;3675.68994140625;3668.2;2.77
3668.2;3669.31005859375;3664.6;7.39
3661.15;3658.330078125;3660.0;2.01
3660.0;3662.679931640625;3672.6;4.58
3669.43;3667.929931640625;3671.1;17.03
3671.1;3666.2900390625;3678.8;1.58
3678.21;3674.3701171875;3674.3;4.52
3674.3;3672.780029296875;3677.4;8.63
3676.22;3677.199951171875;3680.9;17.2
3680.9;3678.969970703125;3681.16;5.56
3681.16;3680.429931640625;3692.6;1.97
3692.6;3688.860107421875;3708.0;20.36
3717.73;3709.6201171875;3706.1;18.03
3706.1;3706.530029296875;3706.49;22.06
3706.49;3703.639892578125;3712.9;28.1
3712.9;3713.389892578125;3703.7;10.68
3703.7;3706.449951171875;3698.56;2.92
3698.56;3702.43994140625;3702.7;26.22
3702.7;3701.580078125;3710.3;4.93
3710.3;3702.760009765625;3710.7;31.9
3710.7;3707.239990234375;3832.6;2.88
4256.35;4025.02001953125;3827.87;145.76
3827.87;3796.199951171875;3808.9;31.24
3808.9;3891.840087890625;3808.7;5.86
3808.7;3826.3701171875;3796.6;33.22
3796.6;3900.179931640625;3790.4;140.06
3790.4;3948.39990234375;3791.9;45.14
3791.9;3787.080078125;3791.7;20.75
3798.28;3766.340087890625;3795.0;0.61
3795.76;3789.419921875;3796.2;18.91
3796.96;3805.3701171875;3778.96;19.44
3779.48;3758.830078125;3781.1;13.09
3781.1;3795.969970703125;3777.14;7.99
3779.66;3789.25;3775.8;42.55
3776.96;3766.760009765625;3777.9;18.61
3783.86;3779.409912109375;3773.1;9.6
3775.63;3791.780029296875;3768.2;2.02
3768.2;3770.2099609375;3765.0;3.21
3765.0;3761.93994140625;3785.1;3.5
3785.1;3773.080078125;3780.4;11.7
3780.4;3784.179931640625;3777.2;5.26
3778.79;3778.780029296875;3775.0;8.23
3775.65;3787.639892578125;3773.5;6.94
3776.02;3745.06005859375;3769.9;2.16
3772.88;3775.52001953125;3770.3;0.19
3781.86;3786.550048828125;3769.4;121.79
3767.74;3767.18994140625;3764.5;5.48
3760.81;3764.39990234375;3767.2;6.11
3766.48;3761.030029296875;3775.3;2.08
3772.51;3767.949951171875;3768.2;22.7
3767.51;3768.070068359375;3717.0;27.17
3661.76;3735.949951171875;3578.5;590.94
3114.85;3144.47998046875;3582.0;1767.8
3582.0;3488.340087890625;3590.3;139.62
3590.3;3585.219970703125;3590.7;47.82
3590.09;3606.280029296875;3586.88;11.12
3586.88;3585.93994140625;3587.34;120.68
3587.34;3565.97998046875;3575.4;17.48
3575.4;3409.360107421875;3580.5;644.75
3580.5;3574.0;3571.5;8.05
3571.5;3564.8701171875;3564.59;61.08
3564.59;3576.199951171875;3569.84;325.96
3569.84;3566.090087890625;3587.6;13.87
3587.6;3536.639892578125;3596.03;45.23
3593.04;3420.39990234375;3589.4;54.76
3589.4;3561.320068359375;3586.1;2.17
3586.1;3520.800048828125;3590.9;3.24
3590.9;3645.1201171875;3587.8;15.59
3587.8;3600.780029296875;3596.1;1.51
3596.1;3685.7900390625;3579.8;24.82
3579.8;3581.760009765625;3577.2;189.9
3577.2;3496.169921875;3575.1;56.21
3575.1;3575.81005859375;3579.2;10.58
3578.08;3593.68994140625;3580.6;10.6
3579.92;3588.610107421875;3575.4;14.44
3567.73;3640.4599609375;3577.86;6.2
3564.07;3568.219970703125;3576.6;3.8
3576.6;3575.2900390625;3573.2;11.33
3573.2;3572.9599609375;3582.0;41.58
3582.0;3579.8798828125;3580.9;39.35
3580.9;3577.639892578125;3588.02;62.95
3588.02;3588.699951171875;3595.1;4.15
3594.32;3583.360107421875;3583.4;18.06
3595.91;3584.570068359375;3577.8;31.98
3577.8;3588.760009765625;3587.2;27.25
3587.2;3605.070068359375;3585.5;7.12
3585.5;3602.169921875;3584.46;14.08
3584.46;3587.39990234375;3581.5;8.84
3581.5;3587.260009765625;3588.4;10.05
3588.4;3576.330078125;3586.1;54.84
3586.1;3585.27001953125;3590.1;8.72
3590.1;3589.2900390625;3580.1;98.03
3580.1;3588.449951171875;3557.1;59.37
3550.3;3561.330078125;3581.3;315.72
3581.3;3566.75;3582.0;14.63
3582.0;3582.179931640625;3588.3;14.45
3588.3;3587.139892578125;3591.1;1.03
3591.1;3592.169921875;3598.0;5.71
3598.0;3588.75;3585.3;59.57
3585.3;3583.580078125;3587.5;12.56
3587.5;3596.219970703125;3582.8;0.36
3582.8;3589.929931640625;3583.2;5.73
3583.2;3586.030029296875;3574.88;19.89
3574.88;3584.889892578125;3569.0;22.94
3569.0;3570.860107421875;3577.91;332.58
3577.91;3567.360107421875;3576.8;12.45
3576.8;3582.2099609375;3576.0;4.93
3573.47;3572.169921875;3572.2;17.15
3572.2;3571.56005859375;3552.6;7.27
3472.22;3493.43994140625;3598.91;204.84
3599.0;3580.760009765625;3599.06;52.45
3628.3;3628.4599609375;3636.9;15.59
3636.9;3607.760009765625;3625.3;217.92
3625.66;3627.739990234375;3644.6;66.47
3654.07;3637.780029296875;3643.92;30.22
3646.88;3655.489990234375;3648.8;3.11
3648.8;3647.219970703125;3644.0;64.36
3647.57;3651.06005859375;3657.1;5.37
3679.36;3678.570068359375;3649.9;50.04
3649.9;3663.219970703125;3653.1;5.67
3653.1;3654.3798828125;3638.3;3.85
3638.3;3643.580078125;3638.8;24.68
3638.8;3635.1298828125;3641.0;6.78
3641.0;3639.72998046875;3641.73;1.22
3641.73;3639.1298828125;3638.7;1.97
3638.7;3640.699951171875;3643.5;5.59
3643.5;3641.639892578125;3659.87;3.05
3659.87;3649.8701171875;3651.81;10.67
3651.81;3654.360107421875;3639.5;7.17
3639.5;3647.719970703125;3639.4;31.03
3639.4;3638.3798828125;3641.5;0.93
3641.5;3640.530029296875;3646.0;13.14
3646.0;3647.159912109375;3634.9;5.2
3653.93;3656.22998046875;3641.18;5.54
3654.98;3660.6201171875;3634.6;13.35
3635.64;3641.580078125;3633.0;5.13
3646.32;3651.280029296875;3638.5;3.63
3638.5;3643.219970703125;3649.0;12.47
3649.0;3647.64990234375;3642.0;13.51
3642.0;3641.469970703125;3653.9;25.31
3653.9;3645.25;3640.7;31.48
3640.7;3657.489990234375;3637.7;98.1
3628.58;3626.47998046875;3631.7;6.27
3631.7;3629.919921875;3639.4;25.79
3639.4;3635.489990234375;3638.2;6.34
3638.2;3636.010009765625;3628.63;13.57
3628.63;3633.6201171875;3636.2;11.91
3636.2;3635.449951171875;3606.39;2.96
3598.77;3611.7099609375;3599.9;27.89
3588.8;3583.989990234375;3607.2;206.73
3607.2;3596.969970703125;3620.5;5.54
3620.5;3617.070068359375;3617.69;14.9
3617.69;3615.139892578125;3616.2;0.34
3616.2;3620.8798828125;3614.9;12.49
3614.9;3621.0400390625;3599.98;2.62
3599.98;3611.610107421875;3610.0;259.86
3610.0;3610.929931640625;3596.2;8.33
3596.2;3601.469970703125;3600.9;53.76
3599.66;3599.260009765625;3594.6;10.85
3594.6;3599.2099609375;3596.0;4.29
3596.0;3597.449951171875;3596.52;11.67
3596.19;3598.280029296875;3604.7;1.71
3604.7;3593.330078125;3602.0;21.77
3602.0;3606.419921875;3603.5;7.3
3603.5;3605.389892578125;3603.04;18.06
3597.51;3600.5400390625;3620.0;10.94
3619.94;3610.080078125;3630.18;42.85
3643.37;3645.219970703125;3642.6;117.31
3642.6;3640.8798828125;3634.0;9.62
3634.0;3628.919921875;3636.0;10.43
3636.0;3639.2099609375;3626.4;16.9
3626.4;3633.72998046875;3627.97;9.66
3627.97;3632.669921875;3632.3;11.14
3632.3;3633.219970703125;3624.0;1.99
3624.0;3630.169921875;3631.1;17.06
3631.1;3629.300048828125;3649.7;1.63
3658.39;3656.969970703125;3657.9;24.71
3660.86;3663.010009765625;3647.0;19.81
3647.0;3652.969970703125;3656.4;15.6
3656.4;3652.14990234375;3640.08;15.54
3640.08;3652.02001953125;3645.07;61.38
3645.07;3651.2900390625;3655.6;10.69
3655.6;3650.39990234375;3652.4;4.47
3652.4;3646.31005859375;3658.4;2.14
3658.4;3660.4599609375;3655.4;2.64
3656.78;3654.860107421875;3647.0;11.72
3647.06;3654.090087890625;3646.4;2.95
3646.4;3649.60009765625;3637.7;8.78
3637.7;3640.050048828125;3642.67;9.48
3642.67;3641.5;3631.8;6.36
3644.15;3645.199951171875;3629.5;2.57
3630.23;3640.800048828125;3611.41;12.87
3562.83;3586.0400390625;3623.2;148.9
3623.2;3594.6201171875;3609.5;5.61
3609.5;3614.550048828125;3609.0;11.27
3609.0;3611.489990234375;3607.0;57.21
3607.0;3597.22998046875;3613.7;28.24
3613.7;3610.159912109375;3611.46;7.24
3611.46;3614.830078125;3620.9;7.69
3620.9;3618.1201171875;3624.8;25.7
3624.8;3624.5;3619.8;68.78
3616.36;3618.97998046875;3621.6;2.26
3621.6;3616.47998046875;3618.1;18.66
3618.1;3621.340087890625;3606.7;8.89
3606.7;3610.7099609375;3610.6;18.64
3610.6;3610.179931640625;3614.2;1.98
3614.2;3613.070068359375;3630.0;4.64
3630.0;3623.31005859375;3628.32;12.88
3628.32;3627.60009765625;3630.1;0.78
3625.3;3622.5400390625;3628.9;7.38
3626.11;3623.449951171875;3628.8;0.62
3627.63;3628.02001953125;3625.93;0.06
3625.93;3625.43994140625;3630.2;0.67
3624.85;3622.9599609375;3636.2;12.32
3644.89;3643.2099609375;3642.7;3.14
3642.7;3657.0;3640.9;4.34
3642.98;3643.219970703125;3644.8;0.96
3644.8;3643.02001953125;3649.3;6.79
3649.3;3645.360107421875;3646.8;31.02
3653.48;3656.639892578125;3706.3;0.45
3858.02;3839.72998046875;3687.8;231.47
3687.8;3728.06005859375;3678.2;117.46
3678.2;3681.070068359375;3678.79;11.29
3678.79;3697.389892578125;3671.3;57.5
3671.3;3697.27001953125;3657.3;25.01
3657.3;3680.35009765625;3660.7;1.35
3660.7;3660.919921875;3657.6;1.95
3657.6;3657.590087890625;3659.3;76.17
3659.3;3660.3701171875;3635.0;5.35
3642.34;3652.3701171875;3633.5;43.6
3636.51;3637.2900390625;3644.1;90.24
3650.88;3669.580078125;3643.5;6.74
3643.5;3666.5400390625;3642.0;10.79
3642.0;3637.1298828125;3636.76;1.5
3636.76;3640.0400390625;3637.2;27.17
3637.2;3649.949951171875;3638.7;47.43
3638.7;3637.550048828125;3641.09;3.28
3641.09;3633.590087890625;3638.0;2.18
3638.0;3648.320068359375;3630.1;1.85
3630.1;3639.199951171875;3629.9;5.97
3603.44;3617.239990234375;3628.6;2.28
3628.6;3622.320068359375;3637.0;3.2
3637.0;3635.68994140625;3637.2;32.76
3637.2;3636.949951171875;3632.6;7.6
3622.88;3629.10009765625;3626.2;0.55
3621.17;3623.969970703125;3626.0;1.47
3624.68;3622.93994140625;3627.2;5.52
3624.52;3623.610107421875;3620.9;3.96
3619.25;3618.110107421875;3627.1;0.46
3625.1;3622.5;3624.9;27.16
3624.9;3626.6201171875;3598.9;1.09
3598.87;3614.3798828125;3594.1;84.87
3589.24;3592.860107421875;3599.1;21.48
3591.37;3591.419921875;3601.1;6.55
3601.1;3601.10009765625;3597.2;1.7
3596.53;3599.820068359375;3579.9;8.57
3571.74;3582.840087890625;3609.4;71.31
3591.87;3564.85009765625;3608.94;39.05
3608.94;3601.840087890625;3611.8;1.82
3611.8;3609.93994140625;3617.0;0.86
3617.0;3615.39990234375;3611.9;13.42
3611.9;3613.5400390625;3613.9;13.23
3613.69;3612.219970703125;3625.4;0.6
3625.4;3617.3798828125;3623.6;33.13
3623.6;3621.68994140625;3604.28;3.27
3604.28;3609.22998046875;3600.4;2.54
3600.4;3601.5;3599.0;3.76
3599.0;3600.1298828125;3593.0;8.38
3586.49;3589.7099609375;3593.7;9.15
3592.49;3588.889892578125;3570.1;0.93
3570.1;3587.10009765625;3571.3;186.88
3571.3;3571.27001953125;3550.7;1.55
3550.7;3558.4599609375;3541.7;17.16
3518.28;3518.050048828125;3522.4;11.68
3518.38;3521.7900390625;3477.2;474.08
3413.25;3445.64990234375;3502.6;522.01
3502.6;3466.60009765625;3513.1;19.3
3513.1;3512.14990234375;3500.9;44.39
3500.9;3499.610107421875;3505.9;32.59
3505.9;3495.5;3505.3;63.81
3505.3;3506.5;3498.9;13.51
3498.9;3501.719970703125;3485.5;34.01
3485.5;3493.919921875;3490.3;128.28
3490.3;3490.85009765625;3493.76;168.6
3493.76;3494.449951171875;3491.4;19.89
3491.4;3488.280029296875;3481.9;15.87
3481.9;3484.449951171875;3497.4;46.5
3481.54;3465.93994140625;3483.3;65.41
3482.9;3482.7099609375;3489.3;52.83
3484.61;3487.340087890625;3489.5;9.14
3488.75;3490.64990234375;3483.3;5.9
3483.28;3487.139892578125;3490.1;17.92
3488.98;3486.080078125;3491.1;6.73
3489.84;3491.39990234375;3491.2;6.5
3486.1;3487.85009765625;3502.4;5.62
3500.15;3488.56005859375;3506.6;78.27
3496.29;3495.43994140625;3507.6;4.41
3502.34;3496.77001953125;3500.1;25.42
3493.91;3496.360107421875;3491.94;90.73
3491.94;3492.219970703125;3491.0;22.21
3491.0;3491.570068359375;3478.4;3.0
3478.4;3485.389892578125;3476.4;5.27
3476.4;3477.18994140625;3459.0;6.05
3456.86;3466.25;3463.3;29.67
3461.05;3451.6201171875;3451.0;105.59
3451.0;3452.7900390625;3430.1;22.29
3406.51;3417.889892578125;3449.4;272.18
3449.4;3430.4599609375;3458.6;25.36
3458.6;3454.909912109375;3455.0;11.38
3455.0;3457.18994140625;3450.02;11.8
3450.02;3454.080078125;3447.4;15.06
3447.4;3450.320068359375;3457.8;25.28
3457.8;3454.719970703125;3470.1;13.68
3470.1;3470.64990234375;3473.3;74.03
3473.3;3472.389892578125;3473.9;5.21
3473.9;3476.830078125;3489.0;4.67
3489.0;3479.56005859375;3472.2;26.59
3472.2;3481.2099609375;3476.0;13.02
3476.0;3476.280029296875;3471.3;79.97
3471.3;3470.139892578125;3479.8;10.81
3479.8;3475.8701171875;3494.79;22.2
3488.01;3482.2900390625;3483.2;30.95
3480.23;3477.179931640625;3481.3;15.51
3481.3;3480.199951171875;3478.12;4.37
3478.12;3481.760009765625;3478.8;10.41
3478.8;3477.110107421875;3463.1;7.76
3463.1;3466.5400390625;3467.8;137.59
3467.8;3465.43994140625;3466.8;50.84
3466.8;3467.06005859375;3494.5;16.6
3498.9;3481.080078125;3492.68;334.74
3493.75;3494.919921875;3499.8;6.01
3507.82;3511.530029296875;3505.0;16.99
3505.56;3507.919921875;3502.3;11.75
3510.43;3515.39990234375;3495.97;14.8
3495.97;3498.6201171875;3499.9;88.27
3499.9;3497.68994140625;3503.4;24.03
3504.65;3504.0400390625;3500.6;5.27
3500.6;3501.840087890625;3511.9;27.12
3511.9;3502.43994140625;3501.78;75.26
3501.78;3509.610107421875;3513.0;35.94
3513.0;3504.5400390625;3531.2;20.78
3556.03;3552.080078125;3525.6;32.04
3525.6;3532.25;3525.3;8.2
3525.3;3522.3701171875;3526.8;30.09
3526.8;3526.3798828125;3533.8;56.49
3533.8;3532.75;3532.8;12.7
3532.8;3531.5;3537.82;11.9
3537.82;3534.719970703125;3538.9;42.29
3538.9;3538.429931640625;3530.3;3.07
3530.3;3534.989990234375;3528.1;25.4
3530.72;3530.429931640625;3524.8;15.5
3525.87;3530.260009765625;3530.73;22.51
3530.74;3526.199951171875;3533.3;15.89
3537.04;3536.179931640625;3529.6;7.65
3531.9;3534.7900390625;3550.69;19.55
3551.36;3540.22998046875;3553.9;140.31
3579.19;3579.949951171875;3550.6;4.49
3550.6;3554.409912109375;3550.9;7.62
3550.9;3550.0;3543.7;3.98
3544.93;3552.469970703125;3542.6;40.5
3542.98;3542.949951171875;3546.9;21.08
3546.9;3549.35009765625;3546.0;28.42
3546.0;3545.989990234375;3547.7;17.86
3547.7;3548.6201171875;3515.1;17.27
3523.08;3546.8701171875;3516.9;85.55
3514.49;3519.14990234375;3507.4;10.99
3492.72;3494.090087890625;3502.41;20.38
3501.0;3499.169921875;3503.0;18.95
3503.0;3496.18994140625;3500.0;32.94
3500.0;3496.419921875;3499.0;65.66
3499.0;3496.06005859375;3503.6;7.26
3503.6;3508.610107421875;3491.8;7.02
3491.8;3493.909912109375;3502.3;245.27
3502.3;3497.4599609375;3499.6;6.24
3499.6;3498.409912109375;3493.9;8.4
3485.21;3488.1201171875;3492.7;1.84
3492.7;3493.9599609375;3487.2;18.0
3487.2;3485.7099609375;3501.8;2.12
3501.8;3498.429931640625;3508.6;34.78
3508.6;3508.0400390625;3505.3;5.77
3500.57;3502.639892578125;3507.4;8.79
3506.64;3504.489990234375;3502.4;4.55
3502.34;3508.0400390625;3508.3;2.01
3508.3;3502.81005859375;3496.0;14.97
3496.0;3496.7900390625;3476.3;4.83
3454.96;3469.0400390625;3480.0;603.76
3480.0;3452.050048828125;3479.8;85.21
3479.8;3479.93994140625;3480.0;0.53
3474.23;3475.070068359375;3478.7;5.87
3477.31;3473.77001953125;3480.2;58.79
3479.05;3478.39990234375;3480.9;1.3
3480.79;3478.330078125;3469.4;1.02
3467.47;3474.02001953125;3476.9;36.8
3476.9;3471.39990234375;3486.1;2.56
3486.1;3484.52001953125;3487.3;26.33
3487.3;3487.68994140625;3494.3;8.14
3494.3;3487.60009765625;3514.4;91.61
3526.73;3524.469970703125;3527.8;18.05
3535.78;3532.7900390625;3522.6;41.58
3522.6;3525.5400390625;3529.8;5.52
3529.8;3527.0400390625;3527.0;16.01
3527.0;3525.949951171875;3521.3;12.72
3521.3;3520.8701171875;3511.54;4.68
3511.54;3513.169921875;3525.0;10.05
3525.0;3519.070068359375;3522.1;39.81
3522.1;3522.3701171875;3546.5;2.66
3574.18;3559.9599609375;3546.4;12.62
3546.4;3561.239990234375;3542.7;26.46
3542.7;3543.889892578125;3541.4;11.99
3541.4;3536.469970703125;3539.9;7.07
3539.9;3543.02001953125;3547.4;6.91
3547.4;3543.3701171875;3536.8;43.26
3536.8;3538.679931640625;3529.8;8.47
3529.8;3532.47998046875;3525.46;33.32
3525.46;3527.050048828125;3529.84;3.01
3529.84;3527.360107421875;3530.4;17.59
3531.82;3531.360107421875;3530.2;52.8
3533.84;3534.7099609375;3521.8;6.57
3524.24;3531.0400390625;3520.07;17.56
3520.07;3520.0400390625;3507.3;1.92
3515.43;3520.3701171875;3510.9;11.02
3517.31;3520.719970703125;3509.5;3.86
3509.5;3510.820068359375;3510.3;1.82
3510.3;3508.010009765625;3528.6;2.15
3528.6;3517.010009765625;3525.3;33.31
3525.3;3522.8701171875;3531.8;13.03
3531.8;3532.719970703125;3527.7;5.44
3527.7;3527.47998046875;3525.6;2.85
3525.6;3528.080078125;3515.5;2.95
3515.5;3520.219970703125;3517.5;1.05
3515.55;3514.169921875;3511.8;2.75
3511.64;3509.080078125;3510.68;1.7
3507.38;3502.919921875;3512.0;42.76
3512.0;3511.889892578125;3515.9;31.52
3515.41;3513.030029296875;3519.7;2.24
3519.37;3518.760009765625;3527.8;2.81
3537.68;3537.159912109375;3523.9;3.6
3523.9;3526.89990234375;3524.0;19.25
3524.0;3524.860107421875;3512.58;7.4
3512.58;3517.489990234375;3549.9;6.58
3549.9;3528.2099609375;3549.9;31.01
3560.22;3569.090087890625;3542.3;57.54
3542.3;3553.06005859375;3543.6;9.26
3543.6;3543.300048828125;3539.0;3.63
3539.0;3542.969970703125;3535.04;13.46
3535.04;3536.25;3539.4;4.47
3539.4;3538.489990234375;3532.49;0.44
3532.49;3533.739990234375;3531.4;0.45
3531.4;3534.3701171875;3517.0;23.55
3517.0;3526.60009765625;3515.0;14.17
3515.0;3517.25;3502.77;5.9
3495.39;3497.81005859375;3507.0;129.11
3507.0;3501.0400390625;3513.6;2.27
3513.6;3506.419921875;3510.79;29.23
3510.79;3514.409912109375;3507.8;12.17
3507.8;3508.510009765625;3505.8;4.38
3505.8;3506.889892578125;3511.9;2.13
3511.9;3509.469970703125;3510.3;1.12
3510.3;3510.580078125;3507.5;2.78
3507.5;3505.760009765625;3508.9;45.95
3508.9;3507.550048828125;3510.3;2.54
3510.3;3509.969970703125;3504.7;6.36
3504.7;3507.510009765625;3504.9;16.79
3504.9;3505.68994140625;3497.9;1.9
3497.9;3505.219970703125;3480.8;62.45
3464.73;3470.989990234375;3476.9;8.2
3476.64;3481.06005859375;3471.9;204.88
3468.0;3470.52001953125;3487.1;11.73
3485.46;3480.25;3499.0;2.21
3499.0;3494.080078125;3506.3;23.63
3506.25;3504.3701171875;3506.28;9.38
3505.5;3505.2900390625;3499.96;0.87
3497.41;3500.929931640625;3498.2;15.02
3492.72;3489.389892578125;3495.78;101.35
3493.52;3490.919921875;3496.9;0.02
3496.9;3496.110107421875;3496.2;7.58
3496.2;3496.489990234375;3497.5;1.83
3497.5;3496.550048828125;3499.53;0.18
3497.98;3497.989990234375;3502.49;2.56
3502.49;3498.02001953125;3500.6;8.24
3507.24;3511.85009765625;3489.0;113.0
3489.0;3498.75;3487.58;2.23
3487.58;3487.18994140625;3486.7;1.44
3486.7;3486.47998046875;3482.8;21.59
3482.8;3482.60009765625;3487.2;7.27
3487.2;3484.919921875;3486.0;7.86
3486.0;3485.1298828125;3490.0;2.93
3490.0;3489.409912109375;3488.0;6.6
3488.0;3487.070068359375;3494.26;0.41
3494.26;3492.679931640625;3494.8;7.68
3494.8;3494.800048828125;3494.6;5.48
3495.56;3494.389892578125;3499.9;13.7
3501.43;3501.1298828125;3502.0;5.43
3502.0;3499.27001953125;3503.1;1.85
3503.1;3503.25;3503.1;3.34
3503.1;3503.1298828125;3501.9;0.5
3501.9;3502.469970703125;3489.3;2.93
3489.3;3490.419921875;3490.47;0.92
3490.47;3490.070068359375;3487.2;2.9
3487.2;3487.070068359375;3484.6;1.67
3484.6;3486.77001953125;3492.78;3.73
3492.66;3485.830078125;3492.3;10.29
3492.3;3490.8701171875;3494.8;0.21
3494.8;3493.5400390625;3498.7;0.9
3490.72;3489.6201171875;3496.7;2.04
3496.01;3490.0400390625;3496.9;0.15
3496.9;3496.889892578125;3495.6;0.69
3495.6;3495.8798828125;3496.4;0.24
3496.4;3496.35009765625;3497.0;3.5
3497.0;3496.550048828125;3512.84;14.75
3524.37;3509.280029296875;3507.3;137.26
3509.4;3515.75;3502.2;11.38
3502.2;3503.27001953125;3502.9;3.84
3502.9;3502.18994140625;3502.3;27.04
3502.3;3502.669921875;3506.0;3.79
3506.0;3504.429931640625;3501.0;1.68
3501.0;3504.010009765625;3500.6;24.32
3500.6;3499.199951171875;3501.3;2.99
3501.3;3500.820068359375;3504.01;3.48
3504.01;3501.919921875;3509.14;0.14
3509.14;3505.43994140625;3504.5;28.6
3504.5;3507.77001953125;3507.7;11.73
3507.7;3506.89990234375;3505.0;4.83
3505.0;3505.3798828125;3507.2;5.38
3507.2;3505.77001953125;3507.3;6.9
3510.69;3510.6201171875;3507.69;5.11
3508.76;3510.10009765625;3505.7;0.71
3508.73;3513.5400390625;3500.6;61.31
3500.76;3503.389892578125;3450.0;2.86
3284.23;3312.840087890625;3456.4;32.95
3456.4;3428.360107421875;3461.07;3.76
3461.07;3456.929931640625;3450.0;17.28
3450.0;3459.56005859375;3449.1;3.85
3449.1;3448.02001953125;3448.96;45.35
3448.96;3447.27001953125;3453.0;4.79
3453.0;3442.27001953125;3456.9;2.7
3456.9;3455.3701171875;3451.8;35.18
3451.8;3451.949951171875;3449.8;28.99
3449.8;3448.02001953125;3446.5;8.04
3446.5;3448.570068359375;3442.7;10.27
3442.7;3440.239990234375;3439.3;6.06
3439.3;3455.909912109375;3445.7;4.54
3445.7;3453.919921875;3440.92;4.25
3440.92;3441.4599609375;3443.6;11.41
3443.6;3441.110107421875;3440.1;7.63
3440.1;3443.5400390625;3453.4;10.15
3445.6;3435.659912109375;3442.9;34.8
3442.9;3450.6201171875;3441.44;348.72
3441.44;3444.489990234375;3433.9;65.4
3416.81;3418.179931640625;3446.2;33.34
3446.2;3434.43994140625;3442.2;39.78
3437.36;3437.1201171875;3444.6;1.81
3444.05;3439.449951171875;3444.72;6.94
3432.79;3432.39990234375;3452.55;5.33
3445.3;3440.2099609375;3452.7;115.1
3452.7;3450.2900390625;3448.5;13.13
3448.5;3450.139892578125;3449.7;2.45
3449.7;3448.669921875;3450.46;24.31
3450.46;3449.89990234375;3452.5;0.47
3452.5;3451.89990234375;3450.6;2.29
3450.6;3451.260009765625;3451.82;8.1
3451.82;3451.050048828125;3451.7;1.09
3451.7;3451.3798828125;3454.0;8.59
3454.0;3452.159912109375;3445.6;9.66
3445.6;3451.0400390625;3447.66;41.29
3447.66;3446.27001953125;3447.8;5.42
3447.8;3447.239990234375;3453.3;0.89
3453.3;3450.14990234375;3459.5;2.67
3459.5;3454.989990234375;3461.5;10.95
3461.5;3459.449951171875;3454.52;5.79
3454.52;3458.64990234375;3445.09;5.58
3444.07;3448.429931640625;3453.5;21.85
3453.5;3448.89990234375;3447.5;1.5
3454.9;3456.1298828125;3452.5;49.25
3453.77;3456.5400390625;3452.1;2.87
3453.0;3450.409912109375;3446.5;6.52
3446.29;3451.6201171875;3442.0;157.17
3422.23;3417.75;3440.8;12.38
3440.8;3440.35009765625;3439.0;22.47
3439.0;3439.81005859375;3437.2;7.45
3437.2;3438.0400390625;3435.8;6.05
3435.8;3437.530029296875;3435.1;189.28
3435.1;3436.360107421875;3439.82;11.07
3439.82;3437.510009765625;3438.5;1.83
3438.5;3439.469970703125;3437.7;19.98
3437.7;3437.72998046875;3437.6;4.1
3437.6;3437.56005859375;3437.4;0.19
3437.4;3437.830078125;3443.6;14.16
3443.6;3437.68994140625;3448.72;238.22
3448.72;3445.510009765625;3447.7;21.84
3447.7;3446.489990234375;3455.4;3.54
3455.4;3450.5400390625;3456.77;9.45
3456.77;3455.639892578125;3455.14;0.76
3455.14;3455.97998046875;3447.5;35.99
3444.98;3448.489990234375;3452.93;2.19
3452.93;3449.85009765625;3486.0;0.75
3564.55;3555.909912109375;3486.5;53.71
3486.5;3503.330078125;3496.7;6.7
3496.7;3490.9599609375;3499.5;68.64
3499.5;3493.360107421875;3502.8;134.82
3502.8;3499.639892578125;3501.4;33.83
3501.81;3500.320068359375;3507.2;9.27
3519.31;3520.929931640625;3523.4;13.33
3541.77;3531.840087890625;3556.0;320.74
3700.52;3736.050048828125;3753.1;75.32
3957.02;3801.5400390625;3742.6;219.82
3742.6;3738.14990234375;3726.9;89.61
3726.9;3749.719970703125;3732.6;229.11
3732.6;3840.169921875;3729.8;14.02
3729.8;3720.81005859375;3721.9;18.86
3721.9;3773.739990234375;3704.8;74.39
3704.8;3701.360107421875;3691.0;14.7
3696.27;3732.81005859375;3714.0;90.84
3714.53;3733.780029296875;3715.9;9.32
3716.28;3679.35009765625;3711.0;16.38
3711.0;3716.219970703125;3707.9;10.86
3707.9;3715.949951171875;3710.9;9.11
3710.9;3716.81005859375;3704.9;8.3
3704.95;3706.4599609375;3710.7;4.99
3712.12;3711.239990234375;3709.4;31.4
3716.23;3721.330078125;3710.0;0.3
3710.0;3709.56005859375;3709.8;2.41
3711.92;3711.590087890625;3719.4;15.11
3721.12;3719.389892578125;3719.4;0.0
3720.29;3721.5400390625;3719.4;0.0
3720.6;3720.5400390625;3719.4;0.0
3720.32;3720.889892578125;3727.2;0.0
3731.79;3730.6201171875;3725.52;48.42
3732.79;3737.2900390625;3719.9;6.03
3720.65;3721.6201171875;3722.6;8.43
3712.34;3706.39990234375;3719.0;1.25
3711.6;3715.510009765625;3703.99;1.67
3703.99;3710.530029296875;3701.2;39.0
3701.2;3700.219970703125;3696.9;7.27
3696.9;3699.830078125;3699.6;50.73
3718.48;3716.719970703125;3698.9;10.3
3702.8;3705.429931640625;3701.2;1.18
3701.2;3708.85009765625;3706.29;1.19
3706.29;3708.52001953125;3712.4;1.11
3712.4;3709.010009765625;3715.0;8.2
3715.0;3713.3701171875;3715.3;1.86
3715.3;3713.1201171875;3718.3;7.11
3718.3;3719.0400390625;3720.0;3.07
3720.0;3723.330078125;3710.0;2.75
3710.0;3709.070068359375;3709.9;20.13
3709.9;3709.820068359375;3709.9;2.7
3709.9;3709.320068359375;3708.63;0.56
3708.63;3709.10009765625;3710.0;4.19
3710.0;3710.25;3708.4;6.18
3708.4;3709.510009765625;3694.7;48.55
3694.7;3699.570068359375;3680.0;7.31
3673.7;3678.929931640625;3691.5;92.64
3683.42;3669.590087890625;3692.8;6.62
3692.8;3694.10009765625;3692.9;7.89
3692.9;3693.419921875;3695.5;10.25
3690.98;3694.510009765625;3685.0;5.42
3685.0;3691.449951171875;3686.0;95.99
3686.0;3687.31005859375;3677.0;8.71
3677.0;3681.780029296875;3685.7;107.46
3685.7;3683.080078125;3669.2;3.08
3662.41;3674.9599609375;3689.1;210.18
3687.72;3662.699951171875;3696.6;25.57
3696.6;3691.669921875;3689.7;35.47
3689.7;3697.699951171875;3691.0;104.34
3691.0;3689.409912109375;3694.8;3.09
3694.8;3692.469970703125;3692.0;5.56
3692.0;3693.239990234375;3693.4;10.97
3689.75;3688.72998046875;3692.6;27.56
3688.48;3687.010009765625;3725.1;9.76
3747.17;3713.889892578125;3720.9;507.29
3720.9;3736.080078125;3715.3;11.34
3733.69;3765.3798828125;3708.3;917.66
3708.3;3710.260009765625;3700.0;3.64
3700.0;3700.1298828125;3704.2;1.33
3704.2;3706.330078125;3697.1;6.37
3697.1;3707.050048828125;3689.1;4.17
3689.1;3695.2099609375;3695.3;5.11
3695.3;3693.669921875;3681.9;21.21
3681.9;3687.340087890625;3692.87;73.93
3692.87;3690.469970703125;3694.3;29.35
3694.3;3694.8701171875;3690.0;2.66
3690.0;3694.0;3687.7;16.83
3687.7;3689.139892578125;3689.1;12.13
3689.1;3688.93994140625;3685.1;9.15
3685.1;3687.06005859375;3688.9;65.62
3699.86;3698.360107421875;3688.9;28.19
3688.9;3692.489990234375;3690.8;5.61
3690.8;3688.409912109375;3703.7;39.16
3703.7;3693.639892578125;3693.11;6.37
3693.11;3694.85009765625;3696.3;14.23
3696.3;3697.219970703125;3682.1;12.19
3677.73;3685.0400390625;3683.2;9.62
3683.2;3680.199951171875;3685.0;4.76
3685.0;3689.489990234375;3695.3;8.13
3695.3;3688.72998046875;3699.0;24.59
3686.38;3684.3701171875;3694.4;34.36
3691.1;3683.97998046875;3679.95;0.81
3679.95;3685.169921875;3691.4;55.83
3691.4;3686.35009765625;3685.8;3.97
3685.28;3687.280029296875;3646.0;4.53
3599.28;3650.969970703125;3656.0;313.13
3656.0;3649.64990234375;3660.9;9.6
3660.9;3653.489990234375;3663.0;18.16
3663.0;3642.889892578125;3668.68;5.88
3668.68;3662.530029296875;3672.5;13.92
3672.5;3670.510009765625;3677.01;4.24
3677.01;3672.9599609375;3673.07;4.05
3673.07;3675.719970703125;3675.6;18.89
3675.6;3674.510009765625;3677.3;27.31
3677.3;3674.969970703125;3667.9;11.03
3667.9;3674.77001953125;3670.0;9.44
3668.93;3667.6298828125;3664.93;79.64
3664.93;3669.43994140625;3676.6;120.71
3676.12;3670.550048828125;3673.0;87.16
3673.0;3667.06005859375;3690.0;18.81
3690.0;3676.02001953125;3683.0;88.07
3683.0;3683.719970703125;3681.76;9.27
3681.76;3686.739990234375;3673.1;22.21
3673.1;3682.070068359375;3679.9;526.08
3676.94;3672.81005859375;3671.8;42.48
3669.57;3675.919921875;3686.95;2.62
3687.39;3685.330078125;3704.0;27.03
3725.56;3703.969970703125;3704.9;680.15
3717.79;3748.10009765625;3712.9;15.97
3713.08;3707.1298828125;3716.0;21.44
3717.51;3710.5400390625;3684.8;17.48
3685.22;3705.260009765625;3687.98;138.65
3688.18;3692.3701171875;3699.3;7.51
3699.3;3694.909912109375;3704.0;27.58
3704.0;3698.050048828125;3705.0;18.78
3705.0;3693.510009765625;3700.8;44.49
3700.8;3705.679931640625;3706.5;56.4
3706.5;3703.860107421875;3701.0;13.41
3701.0;3701.449951171875;3700.8;30.51
3700.8;3702.219970703125;3696.92;13.11
3696.92;3696.969970703125;3707.7;8.49
3708.49;3701.760009765625;3699.9;2.9
3711.07;3719.60009765625;3700.1;68.83
3700.1;3710.919921875;3687.0;4.28
3687.0;3698.9599609375;3680.5;7.5
3680.5;3686.050048828125;3686.0;23.9
3686.0;3691.340087890625;3661.9;11.05
3623.94;3649.64990234375;3665.01;1514.36
3665.01;3648.320068359375;3673.9;419.99
3673.9;3665.330078125;3670.0;48.95
3670.0;3678.60009765625;3670.1;51.2
3670.1;3671.72998046875;3659.5;16.87
3659.5;3662.5400390625;3660.6;12.83
3660.6;3656.43994140625;3662.2;11.53
3662.2;3664.6201171875;3662.0;29.67
3662.0;3665.2099609375;3674.8;26.21
3674.8;3666.949951171875;3667.0;30.22
3667.0;3670.449951171875;3662.7;29.39
3662.7;3659.679931640625;3657.9;1.98
3657.9;3659.0;3659.9;5.4
3659.9;3657.840087890625;3661.8;7.5
3661.8;3663.659912109375;3665.1;0.99
3665.1;3662.080078125;3676.3;124.14
3676.3;3670.4599609375;3672.7;12.63
3672.7;3676.469970703125;3675.0;15.24
3675.0;3675.550048828125;3669.5;0.9
3658.96;3660.340087890625;3665.0;6.71
3660.08;3658.60009765625;3675.8;14.09
3671.85;3665.06005859375;3668.2;3.44
3668.2;3669.35009765625;3672.3;105.86
3672.3;3668.969970703125;3661.0;0.44
3660.17;3664.830078125;3670.0;4.2
3670.0;3665.68994140625;3662.4;24.78
3667.46;3672.080078125;3669.7;3.56
3669.7;3670.47998046875;3662.3;14.98
3662.3;3665.590087890625;3660.3;5.21
3653.16;3654.02001953125;3651.8;4.91
3651.8;3649.030029296875;3657.0;23.92
3657.0;3654.429931640625;3658.6;6.51
3658.6;3658.0400390625;3657.7;27.76
3657.7;3658.080078125;3669.1;5.97
3669.1;3666.0400390625;3669.0;10.26
3669.0;3666.050048828125;3669.9;23.15
3669.9;3668.25;3675.2;6.83
3675.2;3673.360107421875;3674.6;89.34
3674.6;3676.010009765625;3676.97;9.96
3676.97;3676.14990234375;3666.1;1.74
3666.1;3669.0;3662.7;4.65
3662.7;3664.219970703125;3665.8;0.84
3665.8;3663.550048828125;3657.6;13.64
3657.6;3656.81005859375;3656.7;13.06
3656.7;3657.56005859375;3658.36;18.98
3658.36;3658.139892578125;3662.8;2.37
3662.28;3658.7099609375;3664.7;18.3
3664.7;3665.219970703125;3671.1;1.04
3671.1;3666.639892578125;3675.1;16.06
3675.1;3673.580078125;3682.8;1.63
3696.9;3695.8701171875;3680.6;2.92
3680.6;3682.010009765625;3682.5;19.23
3682.5;3679.68994140625;3675.03;3.43
3676.03;3678.60009765625;3680.2;36.5
3680.2;3678.6298828125;3665.8;46.5
3665.8;3676.780029296875;3670.4;400.7
3670.4;3668.739990234375;3675.7;18.5
3675.7;3671.590087890625;3673.5;12.16
3673.5;3679.659912109375;3680.5;3.91
3680.5;3674.7099609375;3680.5;7.4
3680.5;3681.110107421875;3688.1;26.98
3688.1;3683.070068359375;3656.2;15.85
3662.13;3687.530029296875;3647.2;33.38
3647.2;3654.47998046875;3663.3;11.25
3663.3;3657.429931640625;3670.01;13.35
3670.01;3660.780029296875;3666.35;11.96
3666.41;3668.699951171875;3670.3;3.1
3670.3;3670.52001953125;3661.3;2.4
3661.3;3669.169921875;3666.3;1.99
3666.3;3664.389892578125;3671.0;0.81
3671.0;3666.3701171875;3662.88;14.96
3662.88;3664.93994140625;3663.1;30.55
3663.1;3662.889892578125;3667.3;1.61
3667.3;3665.530029296875;3682.4;6.19
3682.4;3674.6201171875;3681.3;114.51
3681.3;3684.35009765625;3677.7;20.46
3677.7;3678.550048828125;3685.4;2.44
3685.4;3685.280029296875;3695.1;5.29
3695.1;3691.010009765625;3690.1;14.84
3690.1;3690.860107421875;3689.2;46.45
3689.2;3691.840087890625;3687.5;0.98
3687.5;3691.449951171875;3689.3;22.3
3689.3;3688.64990234375;3695.0;26.44
3695.0;3694.169921875;3695.3;15.8
3695.3;3695.68994140625;3696.6;7.85
3696.6;3696.0400390625;3693.56;3.89
3684.23;3685.4599609375;3694.4;0.87
3695.24;3693.070068359375;3693.28;0.29
3696.47;3698.89990234375;3704.01;4.62
3706.88;3704.93994140625;3712.0;124.29
3717.51;3715.7900390625;3710.4;29.14
3722.03;3717.22998046875;3705.9;4.39
3705.9;3701.31005859375;3698.4;3.32
3698.53;3698.030029296875;3692.9;1.11
3692.9;3706.330078125;3696.3;2.23
3696.3;3697.080078125;3702.9;0.52
3703.54;3698.239990234375;3700.0;3.38
3701.02;3704.780029296875;3708.53;1.78
3712.12;3703.780029296875;3696.3;6.59
3696.3;3700.679931640625;3694.6;1.28
3695.43;3703.320068359375;3679.3;3.02
3666.14;3683.3701171875;3681.52;62.66
3681.52;3680.199951171875;3679.26;2.19
3672.36;3677.77001953125;3687.5;28.88
3687.5;3673.360107421875;3691.9;1.47
3691.9;3688.610107421875;3692.6;6.72
3692.6;3691.860107421875;3689.6;0.49
3689.6;3690.570068359375;3706.2;0.35
3706.2;3697.260009765625;3705.1;0.37
3705.1;3701.97998046875;3703.6;58.87
3703.6;3696.27001953125;3710.56;31.55
3710.56;3703.419921875;3705.6;3.49
3705.6;3705.070068359375;3707.2;1.74
3707.2;3706.0;3717.4;0.26
3717.4;3710.280029296875;3702.1;161.09
3743.68;3776.77001953125;3691.4;106.82
3691.4;3687.419921875;3682.7;87.39
3682.7;3674.780029296875;3681.9;35.02
3681.9;3677.52001953125;3683.1;15.16
3683.1;3694.389892578125;3683.9;274.49
3683.9;3694.39990234375;3677.12;2.03
3677.12;3687.820068359375;3677.1;4.74
3677.1;3670.56005859375;3683.6;24.93
3683.6;3677.3701171875;3676.9;14.06
3676.9;3684.6201171875;3677.58;13.28
3677.58;3677.780029296875;3681.2;12.93
3681.2;3677.219970703125;3683.9;9.32
3693.79;3693.330078125;3689.79;3.36
3689.79;3682.010009765625;3706.9;29.66
3706.9;3714.260009765625;3730.06;59.42
3730.06;3710.219970703125;3742.1;95.71
3742.1;3736.300048828125;3755.0;107.1
3807.84;3820.050048828125;3764.8;206.47
3764.8;3795.43994140625;3793.6;9.78
3793.6;3785.719970703125;3814.4;187.54
3814.4;3813.2099609375;3798.7;66.46
3798.7;3799.60009765625;3783.0;29.08
3783.0;3782.929931640625;3800.6;5.47
3800.6;3792.60009765625;3816.6;35.22
3816.6;3811.47998046875;3805.6;121.24
3805.6;3804.60009765625;3820.0;29.4
3820.0;3816.81005859375;3814.0;130.18
3814.0;3811.2099609375;3800.0;32.24
3800.0;3816.10009765625;3806.7;307.45
3806.7;3803.81005859375;3813.1;85.9
3813.1;3813.6298828125;3852.0;61.84
3852.0;3823.239990234375;3905.0;222.34
3966.53;3921.330078125;3908.0;347.85
3923.07;3939.280029296875;3909.6;280.72
3910.01;3897.639892578125;3943.6;95.12
3962.63;3967.760009765625;3959.4;283.87
4034.53;4065.889892578125;3972.3;271.32
3973.88;3975.699951171875;3999.0;265.27
4000.2;3992.639892578125;3985.1;20.13
3986.9;3987.669921875;3970.0;24.15
3972.9;3975.179931640625;3980.0;56.23
3980.56;3973.739990234375;3960.5;12.92
3963.3;3970.239990234375;3972.0;158.32
3975.27;3969.5400390625;3970.0;112.43
3970.0;3978.18994140625;4025.0;57.21
4049.39;4032.0;3983.3;677.42
3986.83;4031.570068359375;3975.9;26.29
3977.69;3967.840087890625;3964.4;11.01
3964.4;3955.89990234375;3963.9;109.89
3963.9;3964.409912109375;3965.6;27.28
3965.6;3973.330078125;3966.2;25.67
3966.2;3972.739990234375;3978.4;15.08
3979.77;3974.1298828125;3991.8;4.66
3995.05;3985.860107421875;3991.87;72.02
3993.38;3993.969970703125;3992.3;12.88
3996.83;3996.4599609375;3968.3;20.45
3986.58;4002.31005859375;3967.6;69.99
3967.6;3973.85009765625;3976.6;134.9
3984.24;3984.3701171875;4003.5;31.11
4009.97;3995.360107421875;3997.9;165.97
4003.78;4012.7900390625;4062.8;23.96
4094.11;4060.510009765625;4025.3;387.06
4030.31;4061.949951171875;4037.6;26.97
4037.6;4056.989990234375;4039.2;16.36
4039.2;4050.60009765625;4032.6;585.6
4032.6;4039.739990234375;4030.7;310.39
4030.7;4030.6201171875;4030.1;7.53
4030.1;4025.860107421875;4041.1;22.83
4041.1;4041.239990234375;4029.22;9.49
4029.22;4038.719970703125;4030.8;569.69
4030.8;4030.739990234375;3999.9;26.86
4006.36;4007.75;4001.5;81.36
4004.57;4011.6201171875;3989.9;2.95
3991.69;3996.2099609375;3973.7;24.89
3973.7;3981.739990234375;3989.8;99.81
3989.8;3982.389892578125;3982.7;6.08
3982.7;3989.7900390625;4005.5;3.81
4005.5;4006.659912109375;4002.2;21.15
4002.2;4013.22998046875;3990.2;5.05
3990.2;4001.550048828125;3993.0;7.17
3993.0;3988.239990234375;3991.72;3.32
3997.43;3999.25;4005.0;52.84
4005.0;4003.85009765625;4004.72;5.88
4004.72;4006.159912109375;4024.0;2.54
4024.0;4021.679931640625;4024.0;29.09
4024.0;4019.4599609375;4051.2;19.54
4041.98;4035.5400390625;4035.0;25.94
4035.0;4038.780029296875;4040.0;14.97
4036.72;4033.889892578125;4042.6;16.85
4045.45;4052.429931640625;4021.5;629.01
4021.5;4029.830078125;4022.9;56.21
4022.9;4020.489990234375;4014.8;21.95
4014.8;4019.840087890625;4033.2;47.01
4033.2;4024.81005859375;4034.0;18.92
4034.0;4029.949951171875;4024.9;23.83
4024.9;4024.239990234375;4021.4;56.84
4021.4;4022.110107421875;4025.6;40.23
4025.6;4024.2900390625;4041.2;16.33
4041.2;4036.090087890625;4035.3;25.41
4039.45;4042.739990234375;4034.0;156.53
4034.0;4032.89990234375;4034.3;0.37
4034.3;4035.3798828125;4030.0;2.97
4030.0;4044.550048828125;4035.9;97.16
4035.9;4035.510009765625;4023.9;3.91
4029.87;4034.889892578125;4024.9;60.17
4026.0;4029.830078125;4025.5;7.57
4029.89;4031.35009765625;4045.7;9.89
4047.99;4041.679931640625;4042.8;4.72
4043.38;4042.090087890625;4064.0;123.36
4064.0;4051.469970703125;4040.8;200.75
4081.53;4090.9599609375;4046.6;39.75
4046.6;4035.919921875;4036.4;30.76
4036.4;4037.409912109375;4022.3;15.86
3944.92;3946.320068359375;3998.7;27.87
3998.7;3988.6201171875;4002.6;27.33
4002.6;3994.550048828125;3997.1;31.14
3997.1;3975.010009765625;3999.3;7.08
3999.3;4000.260009765625;4008.4;16.28
4008.4;4000.2900390625;4003.4;25.34
4003.4;4012.4599609375;4004.4;8.21
4004.4;4007.47998046875;4003.7;18.2
4003.7;4001.530029296875;3991.9;6.0
3991.9;3992.330078125;3991.4;16.12
3991.4;3993.0400390625;3996.8;5.46
3996.8;4000.06005859375;3990.0;6.87
3990.0;3991.7900390625;4006.8;29.35
4006.8;3996.97998046875;3996.0;53.17
3996.0;4001.5400390625;4006.8;1.74
4006.8;4003.75;3996.9;8.97
3996.9;4003.18994140625;3997.0;7.59
3997.0;3995.97998046875;4010.1;8.2
4010.1;4004.02001953125;4012.7;45.58
4012.7;4011.639892578125;4015.3;27.65
4015.3;4015.179931640625;4019.0;69.15
3976.85;3979.830078125;4025.97;17.38
4023.11;4016.030029296875;4022.9;12.97
4021.68;4018.760009765625;4030.3;12.74
4030.24;4026.97998046875;4026.0;3.44
4026.0;4027.780029296875;4015.1;25.21
4015.1;4023.679931640625;4002.8;15.06
4007.57;4007.6201171875;4027.7;55.55
4047.75;4026.81005859375;4034.8;165.68
4034.8;4054.739990234375;4042.4;113.48
4042.4;4050.43994140625;4041.1;47.41
4041.1;4034.110107421875;4036.3;2.87
4036.3;4042.090087890625;4046.9;68.78
4047.57;4042.139892578125;4063.61;37.67
4065.55;4053.800048828125;4054.9;11.94
4063.82;4072.949951171875;4055.1;6.31
4055.19;4059.489990234375;4044.7;4.56
4044.7;4039.969970703125;4044.4;22.94
4044.4;4045.89990234375;4045.0;2.28
4045.0;4039.510009765625;4054.2;2.33
4054.2;4054.3701171875;4060.6;7.46
4060.6;4056.090087890625;4049.7;1.77
4049.7;4053.550048828125;4048.71;60.1
4048.71;4045.389892578125;4055.0;3.63
4055.0;4050.860107421875;4058.9;14.68
4058.9;4058.68994140625;4065.9;8.45
4065.9;4062.7900390625;4053.4;22.86
4053.4;4057.18994140625;4053.3;10.77
4053.3;4053.409912109375;4060.9;14.05
4060.9;4058.93994140625;4057.8;2.18
4057.8;4059.110107421875;4053.58;9.86
4055.3;4055.60009765625;4039.4;7.21
4050.8;4058.18994140625;4026.9;35.25
4024.42;4039.080078125;4032.2;12.64
4032.2;4033.0400390625;4032.2;11.5
4032.2;4031.14990234375;4034.4;61.61
4034.4;4033.93994140625;4023.0;4.68
4023.0;4028.260009765625;4027.0;16.87
4026.58;4027.469970703125;4041.0;16.31
4038.51;4035.719970703125;4050.4;2.85
4050.4;4041.75;4045.7;30.08
4045.7;4048.590087890625;4041.3;9.64
4041.3;4039.56005859375;4034.9;37.67
4034.9;4035.8701171875;4036.0;6.03
4036.0;4034.889892578125;4029.9;8.18
4029.9;4033.330078125;4029.8;21.97
4026.92;4022.949951171875;4094.9;208.09
4197.85;4107.33984375;4189.4;1556.3
4264.56;4302.3701171875;4203.0;410.03
4252.07;4199.8798828125;4202.9;129.15
4202.9;4210.56982421875;4230.0;31.93
4230.0;4320.97021484375;4220.9;85.14
4239.63;4254.68994140625;4214.4;39.5
4214.4;4222.47998046875;4222.4;22.86
4222.4;4224.06005859375;4210.2;4.36
4210.2;4220.14013671875;4231.9;15.41
4231.9;4218.259765625;4233.9;36.16
4233.9;4235.68994140625;4239.0;37.35
4239.0;4233.009765625;4260.0;9.53
4275.31;4261.08984375;4258.5;25.29
4270.34;4275.330078125;4243.1;104.06
4243.1;4252.1201171875;4249.7;1729.94
4249.7;4259.91015625;4259.1;98.17
4259.1;4310.85009765625;4251.7;26.0
4251.7;4233.81005859375;4258.0;23.51
4258.0;4249.740234375;4225.5;28.44
4225.5;4250.64990234375;4223.0;254.79
4223.0;4223.9599609375;4232.7;84.35
4232.7;4232.85009765625;4232.6;56.77
4232.6;4228.419921875;4197.05;26.82
4202.13;4217.89990234375;4203.51;388.2
4206.48;4214.22021484375;4173.8;10.46
4224.41;4245.169921875;3906.0;242.88
2956.01;3446.0;3856.7;732.84
3856.7;3642.0400390625;3846.7;472.82
3846.7;3813.64990234375;3860.0;78.77
3847.99;3958.590087890625;3860.0;59.64
3860.0;3955.93994140625;3878.0;40.9
3878.0;3888.52001953125;3870.5;7.89
3870.5;3859.14990234375;3873.8;14.09
3873.8;3874.35009765625;3891.5;8.22
3891.5;3891.56005859375;3867.0;107.7
3867.0;3893.47998046875;3858.3;13.46
3858.3;3857.8798828125;3831.4;12.14
3830.75;3868.7099609375;3859.0;84.16
3858.73;3844.89990234375;3862.0;71.56
3862.0;3862.0400390625;3865.5;33.95
3864.92;3862.800048828125;3879.4;22.44
3879.34;3863.8701171875;3879.2;8.26
3879.2;3889.330078125;3886.2;7.45
3882.43;3896.3798828125;3885.63;6.12
3885.63;3891.3798828125;3889.75;7.09
3889.75;3886.580078125;3865.5;9.97
3865.5;3880.85009765625;3869.1;14.41
3866.27;3867.85009765625;3877.5;13.66
3876.69;3865.7900390625;3875.7;10.03
3870.23;3876.1298828125;3886.3;10.2
3832.32;3839.830078125;3880.0;8.64
3872.14;3860.800048828125;3890.3;50.14
3890.3;3878.889892578125;3881.6;11.31
3884.32;3889.60009765625;3877.1;43.91
3877.1;3885.070068359375;3878.92;22.51
3878.92;3878.43994140625;3889.3;0.46
3889.3;3885.610107421875;3919.3;2.15
3958.57;3933.10009765625;3930.3;136.25
3952.37;3977.179931640625;3945.0;4.84
3945.0;3938.52001953125;3956.1;3.52
3969.36;3968.550048828125;3945.9;13.14
3946.63;3954.64990234375;3925.3;6.45
3929.83;3944.4599609375;3926.9;56.76
3926.9;3931.3798828125;3926.3;1.73
3926.3;3921.320068359375;3932.9;1.94
3932.9;3930.159912109375;3923.7;0.75
3923.7;3927.419921875;3924.1;4.03
3924.1;3923.7099609375;3924.1;29.53
3924.1;3924.85009765625;3928.0;6.04
3928.0;3927.030029296875;3931.1;5.91
3931.1;3929.0;3932.0;1.93
3932.0;3931.4599609375;3895.2;0.23
3895.2;3924.030029296875;3898.5;92.61
3898.5;3895.239990234375;3882.0;2.83
3895.91;3900.570068359375;3890.0;1.18
3890.0;3892.610107421875;3895.1;9.4
3895.1;3892.330078125;3893.3;2.36
3893.3;3889.18994140625;3900.0;3.39
3900.0;3893.530029296875;3906.0;8.95
3906.0;3904.840087890625;3897.4;9.74
3897.4;3903.219970703125;3892.7;2.44
3892.7;3895.25;3885.0;9.51
3885.0;3888.2099609375;3900.0;14.4
3900.0;3890.2900390625;3909.2;44.01
3904.67;3904.89990234375;3911.9;2.73
3908.76;3907.43994140625;3899.0;9.61
3893.84;3895.85009765625;3891.4;6.4
3890.3;3893.659912109375;3912.5;3.2
3912.5;3904.22998046875;3908.9;2.71
3908.9;3903.719970703125;3905.8;1.5
3905.8;3907.929931640625;3904.4;8.58
3904.4;3908.510009765625;3907.1;1.69
3907.1;3906.68994140625;3899.9;4.37
3899.9;3899.10009765625;3896.6;1.0
3896.11;3900.2099609375;3891.5;1.54
3891.37;3896.110107421875;3885.94;4.11
3886.8;3888.719970703125;3884.0;0.19
3884.0;3886.0;3903.1;0.92
3903.1;3890.840087890625;3904.1;6.62
3904.1;3903.52001953125;3906.6;10.7
3906.6;3907.39990234375;3905.0;0.73
3905.0;3906.0;3911.1;0.62
3911.1;3909.75;3901.2;7.07
3901.2;3907.929931640625;3917.6;6.15
3917.6;3907.429931640625;3929.95;18.6
3938.12;3930.77001953125;3920.8;37.99
3922.53;3929.68994140625;3926.45;9.96
3926.45;3922.080078125;3922.2;59.65
3922.2;3922.25;3926.2;38.38
3926.2;3924.080078125;3919.34;74.31
3919.95;3923.840087890625;3927.3;0.47
3927.3;3925.18994140625;3909.02;1.59
3909.41;3918.830078125;3909.8;10.16
3909.8;3914.5400390625;3904.9;7.53
3904.9;3910.22998046875;3906.5;1.3
3906.5;3909.02001953125;3907.8;9.04
3907.8;3905.9599609375;3901.0;11.19
3901.0;3906.469970703125;3906.15;6.1
3906.15;3904.610107421875;3897.8;1.32
3897.8;3903.89990234375;3825.0;3.88
3594.32;3642.2099609375;3852.8;45.64
3852.8;3781.64990234375;3847.2;107.57
3847.2;3839.889892578125;3901.0;14.19
3901.0;3887.02001953125;3892.1;21.94
3892.1;3896.89990234375;3909.3;33.09
3909.3;3905.7099609375;3916.49;2.44
3916.49;3910.43994140625;3905.6;4.51
3905.6;3907.989990234375;3904.6;5.91
3904.6;3906.830078125;3911.8;10.65
3911.8;3907.39990234375;3916.8;0.27
3916.8;3913.219970703125;3917.03;10.2
3917.03;3919.93994140625;3908.3;0.38
3908.3;3913.81005859375;3915.28;1.87
3915.28;3911.840087890625;3923.9;5.48
3923.9;3920.47998046875;3934.0;18.76
3956.6;3955.489990234375;3929.8;163.3
3929.8;3931.85009765625;3930.3;1.13
3930.3;3926.719970703125;3936.0;29.51
3936.0;3934.419921875;3931.5;1.96
3931.5;3932.52001953125;3929.65;25.79
3929.65;3930.02001953125;3928.3;5.05
3928.3;3929.889892578125;3930.07;34.62
3930.07;3930.389892578125;3951.4;56.06
3981.96;3983.580078125;3908.22;19.33
3930.52;3945.27001953125;3902.0;24.97
3909.54;3922.89990234375;3910.59;0.91
3914.42;3916.3701171875;3900.0;2.16
3917.45;3930.550048828125;3900.2;7.67
3900.2;3904.27001953125;3904.5;0.67
3904.5;3904.949951171875;3901.4;0.25
3901.4;3905.179931640625;3899.7;3.23
3899.7;3897.159912109375;3896.1;2.08
3896.1;3899.219970703125;3901.0;1.65
3901.0;3897.85009765625;3897.6;0.03
3897.6;3897.340087890625;3904.5;0.15
3904.5;3904.340087890625;3903.1;2.53
3903.1;3903.760009765625;3902.88;0.19
3902.88;3906.1298828125;3901.97;5.17
3901.97;3902.590087890625;3902.9;0.19
3902.9;3903.6298828125;3907.4;2.72
3907.4;3905.330078125;3907.0;31.72
3907.0;3906.969970703125;3915.8;2.38
3915.8;3911.679931640625;3919.2;13.69
3919.2;3919.679931640625;3925.7;0.11
3925.7;3927.22998046875;3919.3;0.83
3919.3;3920.340087890625;3909.0;0.82
3909.0;3918.889892578125;3913.7;0.11
3908.2;3908.25;3914.9;1.49
3906.98;3903.75;3924.9;0.07
3924.9;3914.360107421875;3926.0;14.11
3926.0;3924.110107421875;3923.2;0.64
3923.2;3926.43994140625;3931.85;2.12
3931.85;3925.449951171875;3939.0;0.5
3942.05;3937.8798828125;3940.2;6.23
3949.6;3955.159912109375;3939.0;13.32
3940.18;3942.050048828125;3938.4;2.88
3939.16;3942.52001953125;3940.0;1.58
3940.71;3939.389892578125;3941.0;0.4
3941.0;3940.02001953125;3932.0;16.51
3933.44;3938.35009765625;3917.5;25.96
3917.5;3925.35009765625;3917.0;30.75
3917.0;3921.7900390625;3922.5;22.25
3922.54;3919.409912109375;3919.4;0.08
3919.42;3920.110107421875;3919.4;0.24
3919.4;3919.35009765625;3923.54;5.78
3923.81;3922.35009765625;3919.79;0.31
3923.75;3926.52001953125;3905.2;0.14
3882.32;3888.7099609375;3908.1;6.22
3908.1;3896.9599609375;3909.55;6.89
3909.55;3909.070068359375;3902.6;7.0
3902.6;3906.860107421875;3871.6;6.04
3813.04;3844.239990234375;3897.4;11.86
3897.4;3855.219970703125;3893.85;30.92
3893.85;3898.77001953125;3897.7;4.93
3897.7;3896.39990234375;3915.3;0.8
3915.3;3908.1201171875;3908.9;19.3
3908.9;3911.9599609375;3916.3;5.17
3916.3;3912.43994140625;3912.6;0.22
3912.6;3914.860107421875;3904.8;1.17
3904.8;3908.889892578125;3910.5;1.09
3910.31;3905.780029296875;3909.3;6.03
3909.3;3902.679931640625;3899.08;2.07
3899.08;3906.090087890625;3904.0;0.77
3895.84;3893.800048828125;3908.0;5.28
3904.93;3895.780029296875;3910.0;2.59
3905.07;3902.659912109375;3906.0;0.26
3906.0;3904.97998046875;3910.0;3.53
3910.0;3907.840087890625;3911.2;1.07
3911.2;3910.409912109375;3913.5;0.17
3913.15;3911.2900390625;3925.0;0.73
3926.42;3915.97998046875;3920.27;61.37
3920.27;3919.199951171875;3919.6;2.6
3919.6;3920.530029296875;3921.27;1.08
3921.27;3920.639892578125;3915.1;0.61
3915.1;3916.889892578125;3919.2;0.02
3921.09;3918.43994140625;3912.0;0.01
3917.56;3921.469970703125;3913.8;0.06
3914.07;3917.169921875;3914.1;0.27
3914.52;3915.47998046875;3915.24;0.05
3915.24;3914.9599609375;3911.7;1.74
3911.7;3915.27001953125;3908.98;7.64
3908.98;3907.080078125;3912.8;2.33
3912.8;3910.820068359375;3912.5;0.04
3912.5;3912.22998046875;3914.2;3.61
3914.2;3914.260009765625;3911.82;1.41
3912.87;3913.530029296875;3911.4;1.75
3911.4;3910.419921875;3913.42;0.67
3906.7;3900.360107421875;3901.9;0.48
3901.9;3908.780029296875;3889.98;1.34
3889.98;3896.409912109375;3889.2;131.26
3883.76;3884.469970703125;3891.23;0.34
3891.23;3891.93994140625;3891.1;2.67
3891.1;3892.260009765625;3890.0;1.03
3890.0;3891.0;3891.2;0.57
3891.2;3890.139892578125;3891.5;4.75
3891.5;3891.610107421875;3891.2;34.31
3891.2;3891.97998046875;3881.7;0.28
3881.16;3886.719970703125;3874.2;3.64
3857.75;3869.260009765625;3898.4;28.17
3898.24;3875.320068359375;3904.3;68.24
3904.14;3901.43994140625;3904.8;4.79
3904.8;3903.719970703125;3895.4;0.06
3895.4;3902.0400390625;3883.29;2.61
3883.29;3885.989990234375;3840.0;11.35
3816.69;3859.580078125;3799.5;18.32
3723.56;3742.2099609375;3805.1;29.78
3805.1;3785.4599609375;3820.3;9.4
3820.3;3819.340087890625;3820.6;0.31
3820.13;3825.1298828125;3815.1;3.72
3815.1;3813.10009765625;3817.1;5.95
3817.1;3812.06005859375;3785.8;76.21
3774.85;3789.77001953125;3785.1;25.78
3773.6;3767.010009765625;3798.1;1.7
3798.1;3780.929931640625;3789.8;3.3
3789.8;3804.97998046875;3798.8;12.9
3798.8;3783.60009765625;3800.3;3.34
3800.3;3785.820068359375;3806.1;48.27
3806.1;3814.7900390625;3802.98;12.07
3802.98;3799.1201171875;3813.26;17.97
3813.26;3807.699951171875;3813.0;1.17
3813.0;3807.780029296875;3806.3;2.2
3806.3;3805.830078125;3799.93;0.82
3799.93;3803.260009765625;3809.7;0.67
3809.7;3803.169921875;3797.7;4.86
3796.68;3805.159912109375;3792.4;2.66
3792.06;3794.659912109375;3790.18;4.83
3788.69;3792.8798828125;3797.59;0.14
3795.31;3788.679931640625;3800.1;0.25
3791.65;3791.8798828125;3801.72;0.32
3792.35;3786.169921875;3798.3;0.99
3798.3;3794.360107421875;3786.9;1.8
3786.9;3790.7900390625;3794.49;0.87
3789.88;3790.10009765625;3799.1;0.08
3798.92;3794.06005859375;3803.0;2.99
3803.0;3802.820068359375;3810.1;0.13
3810.1;3806.090087890625;3805.4;9.79
3807.87;3809.679931640625;3812.9;0.22
3812.9;3810.820068359375;3825.0;35.19
3830.2;3822.330078125;3821.3;57.88
3821.7;3827.919921875;3816.1;10.32
3816.1;3819.5400390625;3820.3;3.34
3820.3;3819.820068359375;3825.0;7.02
3825.0;3821.550048828125;3833.2;59.92
3862.89;3865.47998046875;3907.79;6.98
4015.51;3962.31005859375;3910.2;123.9
3942.54;4014.699951171875;3929.5;25.48
3929.5;3918.47998046875;3959.1;14.57
3988.69;3956.510009765625;3932.1;68.3
3933.56;3950.669921875;3934.03;7.91
3934.03;3935.679931640625;3940.0;8.79
3940.0;3934.969970703125;3942.0;3.36
3942.7;3942.360107421875;3946.0;4.55
3946.0;3944.739990234375;3927.94;1.36
3927.94;3945.409912109375;3938.2;2.3
3938.2;3931.919921875;3936.8;6.1
3936.92;3931.389892578125;3943.2;0.42
3943.68;3943.360107421875;3915.1;3.29
3917.76;3945.679931640625;3921.5;5.64
3922.54;3927.72998046875;3928.4;0.0
3928.99;3928.320068359375;3929.1;0.24
3929.1;3928.75;3917.0;3.57
3919.1;3921.830078125;3920.3;9.06
3920.51;3918.679931640625;3921.2;2.8
3921.2;3921.9599609375;3927.9;5.31
3927.9;3922.6201171875;3933.1;17.45
3933.91;3936.64990234375;3932.6;0.27
3934.68;3936.39990234375;3932.6;0.0
3933.84;3933.8798828125;3944.8;4.82
3956.0;3952.219970703125;3959.0;2.99
3960.99;3956.75;3940.75;67.22
3950.49;3962.110107421875;3946.3;1.1
3946.3;3945.719970703125;3947.3;0.27
3947.3;3947.719970703125;3941.3;1.14
3941.3;3943.260009765625;3938.0;70.09
3938.0;3935.06005859375;3950.75;2.98
3950.75;3940.68994140625;3943.8;1.82
3943.8;3944.239990234375;3950.9;2.27
3950.9;3951.469970703125;3948.22;53.6
3948.22;3952.43994140625;3948.9;0.84
3948.9;3945.6298828125;3945.0;21.94
3945.0;3948.31005859375;3948.3;0.09
3948.3;3947.889892578125;3943.6;0.0
3943.6;3945.1201171875;3948.3;0.51
3948.3;3948.1298828125;3951.31;5.13
3951.31;3952.389892578125;3951.5;0.38
3951.5;3953.739990234375;3959.64;0.02
3961.88;3964.110107421875;3975.48;3.43
3984.86;3980.43994140625;3962.1;5.82
3965.31;3975.840087890625;3967.9;1.32
3967.9;3965.739990234375;3984.5;14.97
3984.5;3976.340087890625;3985.6;2.21
3985.6;3985.300048828125;3962.3;6.74
3962.35;3970.97998046875;3963.82;2.9
3963.82;3964.340087890625;3964.6;0.05
3964.6;3961.330078125;3958.1;0.64
3958.1;3962.409912109375;3946.05;1.56
3946.05;3951.409912109375;3946.97;1.41
3946.97;3949.1201171875;3941.8;5.68
3947.6;3946.3701171875;3950.0;5.29
3950.0;3952.6201171875;3954.51;57.35
3954.51;3953.110107421875;3969.1;3.76
3969.1;3964.2099609375;3951.3;1.96
3951.3;3959.75;3976.6;2.43
3976.6;3965.3701171875;3976.9;41.36
3976.9;3970.9599609375;3971.3;1.86
3971.3;3972.590087890625;3967.5;0.0
3967.5;3965.300048828125;3963.6;0.61
3963.6;3964.9599609375;3974.5;2.23
3974.5;3969.77001953125;3968.2;0.22
3968.2;3975.2900390625;3976.1;0.84
3976.1;3973.3701171875;3972.3;0.67
3968.77;3970.300048828125;3966.0;0.14
3966.0;3969.5;3967.1;0.16
3967.1;3967.429931640625;3968.9;0.95
3968.9;3963.9599609375;3968.0;9.04
3966.81;3964.639892578125;3960.0;14.19
3960.0;3967.8701171875;3964.8;10.58
3964.8;3962.639892578125;3960.05;0.2
3960.05;3963.68994140625;3966.0;0.07
3966.0;3961.719970703125;3969.1;1.05
3969.1;3970.179931640625;3982.07;1.63
3982.07;3976.2099609375;4004.89;5.05
4031.01;4015.5400390625;3975.1;32.47
3979.23;3996.409912109375;3977.92;3.82
3978.24;3978.35009765625;3968.5;0.06
3968.5;3970.739990234375;3973.0;2.11
3973.0;3970.110107421875;3987.9;14.25
3989.15;3982.590087890625;3976.54;21.26
3976.54;3980.050048828125;3979.8;0.57
3979.8;3975.4599609375;3977.3;1.07
3977.3;3977.070068359375;3983.29;0.3
3983.29;3983.199951171875;3990.9;7.7
3990.9;3989.2900390625;3988.4;1.88
3988.4;3990.02001953125;3988.1;0.13
3988.1;3988.840087890625;3994.09;10.28
3994.09;3989.56005859375;3991.9;11.65
3991.9;3997.7900390625;3994.4;5.84
3994.4;3994.659912109375;4003.4;0.47
4011.07;4008.800048828125;4006.1;22.64
4007.43;4006.8701171875;3979.9;20.64
3979.9;3997.75;3925.2;26.17
3754.54;3765.409912109375;3933.2;25.4
3933.2;3886.489990234375;3937.1;7.34
3937.1;3937.330078125;3955.2;0.15
3955.2;3952.080078125;3954.1;1.91
3954.1;3956.0;3960.5;0.05
3960.5;3955.800048828125;3955.51;0.03
3955.51;3958.080078125;3950.2;0.02
3950.2;3949.43994140625;3962.0;2.36
3962.0;3953.469970703125;3971.0;0.92
3971.0;3960.260009765625;3987.5;1.13
3987.5;3978.7099609375;3993.9;238.25
3993.9;3999.659912109375;3999.0;0.2
3999.0;3995.489990234375;3998.1;5.47
3998.1;3999.25;4004.1;2.04
4004.1;3999.360107421875;3996.1;19.23
3996.1;3998.090087890625;3996.0;2.78
