1503187200,4145.1,4199.9,3991,4060,12513.633129660022
1503273600,4063.5,4094.7,3956.1,3998.2,14573.41058055997
1503360000,3997.6,4141.9,3600.1,4083.7,30665.878024569985
1503446400,4088.4,4255.2,4053.1,4132,13680.02569573
1503532800,4134.8,4381,4090,4324.4,13113.328332820012
1503619200,4322.1,4464.2,4259.9,4351.5,13655.05803338001
1503705600,4351.4,4364,4243.5,4341.1,6820.094414010005
1503792000,4341.6,4406.7,4305,4335.2,5547.351128690006
1503878400,4335.4,4395.5,4175.1,4385.4,10839.826716649992
1503964800,4385.2,4648.8,4336.5,4587.1,17434.08220088999
1504051200,4587.1,4643,4481.1,4568,7263.174580680003
1504137600,4568,4749.9,4567.9,4718.3,10015.507971819994
1504224000,4718.3,4936.9,4660.1,4912.4,14061.840105829984
1504310400,4914.9,4970,4400.2,4532.3,22470.40771848004
1504396800,4534.3,4699.9,4331.1,4598.5,15556.104155079998
1504483200,4598,4611.6,4055,4207.5,25125.30106212001
1504569600,4207.8,4471,3925.2,4375,29796.93317958999
1504656000,4375,4633.7,4359.8,4593.1,22725.07726073997
1504742400,4595.8,4675,4463.3,4613.6,11990.691322769992
1504828800,4613.7,4694.9,4106.1,4304.9,26514.39754922996
1504915200,4304.4,4395.2,4157.8,4319.4,14766.556840810003
1505001600,4315.2,4330,3974.7,4233.9,20817.02256871
1505088000,4233.9,4383.2,4123.1,4203,16604.606664510007
1505174400,4201.8,4379,4053,4149.5,20265.96558939004
1505260800,4155.08491271,4160,3731.8,3849.7,35099.69949592001
1505347200,3850,3917.2,3206.2,3236.1,51957.938771379995
1505433600,3235.4,3809,2980.7,3697.1,93710.74529576024
1505520000,3698,3875,3512.6,3681.5,29481.843667859957
1505606400,3680.1,3782,3471.9,3666.6,17773.239200230033
1505692800,3667,4119,3666.9,4085,33914.892774939966
1505779200,4085,4114,3837.2,3898.1,22057.77533379999
1505865600,3895.4,4049,3829.8,3872.7,16032.82332443999
1505952000,3874.8,3905,3562,3603.9,23871.696919429993
1506038400,3603.3,3748,3490.5,3602.3,24880.91170083001
1506124800,3599,3808.7,3556,3779.6,14650.183520300003
1506211200,3779.6,3783,3618.5,3654.7,9966.827233110002
1506297600,3654.4,3977,3653.7,3930.1,22372.27554752
1506384000,3930.1,3985,3847,3881.5,9816.924349089984
1506470400,3881.6,4229.5,3877.7,4209.7,28899.51780926999
1506556800,4210.8,4269,4125,4190.7,17732.83375443
1506643200,4190.7,4245,4024.7,4168,18576.007840720013
1506729600,4168,4397,4160.1,4367.1,18104.093841320006
1506816000,4367.1,4424,4249.7,4404.3,13178.227915360001
1506902400,4404.3,4482,4359.5,4401.1,14690.552185309984
1506988800,4400.9,4439.9,4217.5,4310.4,12942.56487381001
1507075200,4315,4359.2,4176.2,4215.8,12875.951450079998
1507161600,4214.4,4372.3,4133.1,4312,13604.11787352999
1507248000,4312,4425.8,4284.9,4370.2,14018.571095890002
1507334400,4370.1,4505,4314.9,4437.5,10394.494626229996
1507420800,4435.9,4632.4,4417.5,4611.9,18328.57688299997
1507507200,4611.8,4879.8,4554.5,4782.3,27231.00801500999
1507593600,4782.3,4940,4716.9,4777.7,22280.47306752
1507680000,4777.1,4881.4,4715.4,4824.9,14451.065940580009
1507766400,4824.9,5445,4815.1,5440,44309.71336053
1507852800,5440,5899.9,5374.8,5636.8,49113.14243645998
1507939200,5636.8,5857.4,5568,5834.8,20636.95708582002
1508025600,5834.9,5877,5450.1,5713.9,25087.353029260037
1508112000,5712,5810,5570.2,5764.8,15390.106794150011
1508198400,5764.8,5779,5512.4,5597,14022.729923070001
1508284800,5597.8,5597.9,5114.1,5568,33027.15817617998
1508371200,5572,5744,5505.8,5694.2,20274.435323760023
1508457600,5694,6088.4,5603.4,5983.8,35129.73161551997
1508544000,5983.8,6199.9,5873.4,6005.1,27232.807687060038
1508630400,6005.9,6075,5708.5,5982.7,23288.192037639994
1508716800,5982.4,6055,5625,5907,31140.714853900023
1508803200,5907,5907,5457.6,5510,26464.19820900998
1508889600,5510,5746.9,5367.9,5724.3,22263.91264761001
1508976000,5724.3,5966.6,5670,5889.9,21812.078162729988
1509062400,5890,6020,5682,5759.7,17669.715068509988
1509148800,5759.8,5864,5633,5720.4,13129.118977399987
1509235200,5719.7,6345,5662.9,6152.1,32877.19121561
1509321600,6150,6239,6009.9,6128.2,15760.002239020001
1509408000,6129.9,6481.5,6083.5,6455.1,20359.40845936004
1509494400,6450.2,6739.9,6348.2,6739.6,30692.586836280007
1509580800,6739.4,7350,6719.9,7018.9,49562.74439144993
1509667200,7018.9,7448,6920.2,7132,30518.68166242999
1509753600,7132.1,7530,6932,7369,25062.001016910028
1509840000,7370,7598,7272.1,7370.5,22711.32282987002
1509926400,7370.3,7440,6914.9,6956.5,28901.318497329947
1510012800,6958.6,7220,6950,7104,18631.82946454002
1510099200,7102.1,7899.9,6986.3,7446.3,47103.52352785998
1510185600,7446,7450,7013.8,7126.2,21443.47438845996
1510272000,7125.9,7324,6405.1,6548,37652.99873086
1510358400,6542.2,6789,6165.4,6302.7,32186.45917058998
1510444800,6299.8,6469.6,5449.9,5819.4,82347.53718587004
1510531200,5810,6682,5780.2,6479.6,62086.21896813999
1510617600,6476.6,6689.5,6303.8,6590,24872.544604169983
1510704000,6590,7319,6590,7267.3,39539.29742207998
1510790400,7272.2,8020,7094.4,7865.2,44234.80656694999
1510876800,7865.2,8040,7509.5,7675.9,35126.18190379998
1510963200,7674.1,7867.8,7413.1,7773.3,19676.96892908999
1511049600,7773.3,8130,7650.9,8052.7,20836.803097819975
1511136000,8052.6,8315,7939,8248.8,21511.14005485
1511222400,8248.9,8380,7760,8096.9,32667.222943470002
1511308800,8094.9,8310,8065.6,8230.1,15503.85882134997
1511395200,8230.1,8268,7975.8,7977.7,13890.637412559987
1511481600,7977.73459081,8352.1,7872.9,8191.7,21589.600781020028
1511568000,8191.7,8770,8132.2,8759.7,23614.692284509998
1511654400,8759.2,9495,8746.9,9302.4,37956.45356997998
1511740800,9306.6,9771,9254,9723.6,33914.164395619955
1511827200,9723,9999,9583,9892,25123.189338600052
1511913600,9895.2,11441,9001.1,9771.85883453,90368.40944612
1512000000,9771.5,10542,8822,9907.1,61389.95451573994
1512086400,9907.1,10950,9371.3,10861,42372.60026204999
1512172800,10861,11190,10627,10881,23841.809596400017
1512259200,10880,11874,10249,11162,48335.681614910034
1512345600,11162,11600,10746,11599,29421.02184676001
1512432000,11599,11961,11415,11592,24786.808873150003
1512518400,11592,13599,11591,13507,47271.66232611008
1512604800,13517,16649,13145,16609,76424.73182901018
1512691200,16606,17171,13726,15851,60384.18672432009
1512777600,15843,16300,13020,14661,37215.97023601997
1512864000,14687,15741,12731,14901,53266.92468272998
1512950400,14943,17450,14901,16754,39690.301074660034
1513036800,16754,17579,16230,16969,25033.949081239996
1513123200,16972,17293,15652,16175,27130.833093829984
1513209600,16173,16999,15870,16385,20294.896532310053
1513296000,16385,18111,16349,17524,33469.88399459996
1513382400,17569.54956141,19550,17080,19210,26323.89564651001
1513468800,19210,19891,18623,18970,24056.375607530023
1513555200,18969,19175,18011,18933,24049.524266349963
1513641600,18925,18987,16450,17345,29756.379096999968
1513728000,17340,17709,15516,16433,38958.20590849002
1513814400,16427,17333,14815,15650,30311.598899960012
1513900800,15649,15842.42999525,10707,13171,80051.06337217991
1513987200,13174,14999,12530,14036,29267.467967189998
1514073600,14036,14050,11619,13502,33918.128008779946
1514160000,13543,14278,12676,13634,21302.84901185993
1514246400,13634,16060,13549,15680,37179.15217969003
1514332800,15680,16494,14459,15375,26450.355132660025
1514419200,15388,15468,13217,14324,33640.79986657006
1514505600,14325,15131,13836,14308,21467.658646650005
1514592000,14305,14417,11656,12379,33694.72941522
1514678400,12395,14210,12170,13766,22180.66645979996
1514764800,13769,13893,12777,13377,29390.53043138003
1514851200,13374,15500,12800,14713,55269.217383900024
1514937600,14723.09574779,15428.83091885,14500,15151,38162.56381560993
1515024000,15140,15422.15785315,14061,15159,45995.532798940025
1515110400,15160,17105,14725,16911,53888.926367470034
1515196800,16912,17252,16251,17163,29351.168900779976
1515283200,17165,17178,15712,16215.35727958,30596.304540249992
1515369600,16215.35727958,16329,13755,14907,64298.00030326999
1515456000,14906,15355,14122,14425,43248.57161568998
1515542400,14426,14900,13300,14898,56613.72384521995
1515628800,14900,14999,12639,13253,71324.73242623998
1515715200,13254,14100,12751,13794,36984.91179393004
1515801600,13790,14580,13750,14190,28865.093426140025
1515888000,14199,14393,12874.34212454,13558,35337.44837508001
1515974400,13551,14356,13300,13600,33324.46661355001
1516060800,13602,13617,9940,11063,130285.82839561996
1516147200,11064.56025403,11497,9231.1,11108,131259.33846779997
1516233600,11112,11904,10515,11030,84815.55658717999
1516320000,11032,11900,10647,11477,47963.45857958007
1516406400,11476,13017,11407,12732,46074.36492408
1516492800,12731,12732,11015,11514,53252.14832951998
1516579200,11514,11900,10009,10779,65769.39823082987
1516665600,10779,11427,9900,10811,63206.900276939916
1516752000,10832,11557.88958366,10430,11396,43451.17351185998
1516838400,11391,11734,10845,11147,34175.32783723004
1516924800,11148,11684,10276,11069,56034.317605860015
1517011200,11069,11689,10800,11458,34202.67873777006
1517097600,11458,12190,11390,11829,29235.423343760005
1517184000,11835,11975,11070,11217.81768538,25403.56266513996
1517270400,11217.81768538,11250,9860.4,10170,60668.15211536998
1517356800,10171,10414,9760,10271.97762274,42970.307686670014
1517443200,10267,10336,8941,9181.1,77923.49012585006
1517529600,9181,9213,7960,8890.9,122295.12274689991
1517616000,8890,9499,8180,9225,51633.014415469996
1517702400,9223.9,9410,7809,8185.2,73358.09185083993
1517788800,8185.2,8380,6651,6947.2,129713.79449911989
1517875200,6948,7880,6000,7678.8,191261.95386058002
1517961600,7677.1,8488.9,7175.1,7586.9,105883.86386266009
1518048000,7583.3,8648.9,7565,8239.7,76191.68962304006
1518134400,8239,8750,7724.9,8678.1,62039.53456946002
1518220800,8679.1,9074.6,8151.3,8563,67444.63307500994
1518307200,8563,8570,7851,8070.5,51989.70323504993
1518393600,8070.7,9000,8069.57681296,8902.9,50745.709953200065
1518480000,8910.8,8952.9,8313.52192073,8511,39110.353332079896
1518566400,8511.6,9489,8511.6,9455.4,49578.42762162012
1518652800,9452.8,10176,9338,9996,66764.46435944992
1518739200,9996,10271,9670,10162,43335.14947531004
1518825600,10161,11084,10049,11062,52340.57952875009
1518912000,11062,11250,10122,10400,69450.26585963
1518998400,10400,11250,10308,11172,50106.91726164003
1519084800,11172,11788,11100,11211,60463.93141601002
1519171200,11210,11239,10200,10451,75544.55880297012
1519257600,10450,10915,9740,9826.5,70614.43883877997
1519344000,9826.4,10395,9583.1,10144,58205.62056589003
1519430400,10143,10500,9350.3,9666.3,55041.80148448997
1519516800,9667,9840,9280.4,9578,30452.990618160067
1519603200,9575,10439,9359.9,10320,45305.41087494992
1519689600,10321,10888,10125,10576,39266.87027743005
1519776000,10582,11065,10265,10315,43015.185115720065
1519862400,10314,11095,10210,10923,33265.5002738
1519948800,10920,11189,10762,11024,28507.94379743001
1520035200,11028,11530,11025,11454.95955159,30272.248147060032
1520121600,11454,11549,11050,11500,27830.100925649993
1520208000,11500,11700,11356,11402,27312.885195180053
1520294400,11401,11411,10567,10720,43518.949204889985
1520380800,10719,10899,9400,9910.6,74235.20667292998
1520467200,9902.5,10112,9025,9300,66904.25245925001
1520553600,9300,9428,8342,9216.2,96622.37180080995
1520640000,9216.1,9506.4,8670.9,8769.9,51491.275059389984
1520726400,8772.5,9729,8428,9527.7,69398.46430967988
1520812800,9527,9898.3,8770,9130.2,66568.94947384992
1520899200,9130.2,9482.4,8822,9135.2,60898.77992379004
1520985600,9136,9439.6,7916,8181.1,76878.4538595301
1521072000,8176,8418,7665.1,8250,81846.53024794003
1521158400,8251,8604.5,7902,8251,55777.66030171006
1521244800,8247,8367,7728.1,7846.2,48020.07400871996
1521331200,7838.6,8300,7240,8200.2,87487.95555123997
1521417600,8200.3,8717,8085.7,8600.2,72255.07275697004
1521504000,8600.1,9040,8305.1,8899.7,53806.437532309945
1521590400,8900,9177.5,8752,8888.2,42505.71364214992
1521676800,8888.3,9095.92211691,8450,8701.6,53359.58709631993
1521763200,8696,8917.6,8271.1,8916.37001879,44305.4917892699
1521849600,8914.4,9050.3,8463,8524.1,42645.86293295998
1521936000,8522.6,8674.4,8364.8,8445,30471.017123810016
1522022400,8445.3,8499.1,7835.9,8139.2,55257.33640831004
1522108800,8131.12312438,8210,7716.6,7784.6,49911.05238213005
1522195200,7785.1,8120.2,7702.1,7936.1,34530.58710711001
1522281600,7936,7973,6883,7094,75979.84662823005
1522368000,7094,7269,6533,6840.4,107146.2726202501
1522454400,6839.9,7222,6780.06217933,6925.4,67542.20200145003
1522540800,6925.3,7035.1,6425.1,6812.9,54554.31660677002
1522627200,6816.7,7129.8,6769.4,7053.4,44737.515583059976
1522713600,7053.3,7509.7,7019.9,7405.6,48600.270972000086
1522800000,7405.6,7422,6670,6785.9,52963.27069886999
1522886400,6785.9,6938,6564.9,6768.6,45399.14731776012
1522972800,6769,6864,6500.2,6611,41713.44588074
1523059200,6610.3,7080,6599.9,6892.6,39624.961498590026
1523145600,6892.6,7127,6883,7023.9,29068.363136419983
1523232000,7023.9,7189,6611,6770,74708.95708647012
1523318400,6773.7,6897.4,6650,6837.1,25719.722431310005
1523404800,6836,7017.4,6794,6943.1,28376.768294349997
1523491200,6943.1,8087,6753,7912,92459.52198166007
1523577600,7911.9,8240,7739.1,7886.9,59543.01215043009
1523664000,7886.9,8185,7820.5,8005,26308.686490459917
1523750400,8007.13719858,8450,7997.2,8357.5,31430.90745018999
1523836800,8357.4,8415.5,7900.3,8056.2,36752.27355105997
1523923200,8056.2,8185,7823,7888.9,27687.120434550015
1524009600,7888.9,8237.2,7870.5,8171.1,29073.81473686001
1524096000,8175.8,8297.4,8033.5,8273,28842.352128859966
1524182400,8273.8,8937.5,8219,8865.4,50425.51545875992
1524268800,8863.3,9063.8,8616,8912.5,39028.737425830026
1524355200,8912.4,9048.2,8751.08522139,8791.4,30556.186839940026
1524441600,8791.4,9011,8769,8940,23143.50873956001
1524528000,8940.6,9745,8929.9,9646.8,59439.56292896001
1524614400,9646.8,9767.4,8765.1,8867.5,74068.77358157009
1524700800,8867.4,9308,8652.2,9276.7,42931.552284189966
1524787200,9268.9,9381.1,8888.6,8920.1,29727.74460041998
1524873600,8920.1,9500,8750,9345.7,43106.98340456007
1524960000,9345.3,9565.1,9180,9400,27121.97521840998
1525046400,9401.2,9450,9100,9240.6,23173.119487409964
1525132800,9240.6,9247.3,8817.97469512,9066.8,25164.655846769976
1525219200,9068.2,9279.9,8968.3,9236.4,20115.95196490997
1525305600,9236.4,9875,9161,9759,36109.93740295996
1525392000,9759,9848,9542.5,9702.9,24027.45728119
1525478400,9703,9990,9685,9861.2,28877.536221890005
1525564800,9861.3,9964,9454,9658.7,26773.261255789992
1525651200,9658.6,9677.9,9182.7,9370,25441.21252348005
1525737600,9370,9471,9045.3,9184.7,25540.938718310037
1525824000,9184.8,9375.8,8980,9318.2,22482.287455180005
1525910400,9318.2,9393.9,9003,9018.1,23544.370648590026
1525996800,9018,9018.1,8333.8,8412.4,53054.66149844999
1526083200,8412.4,8631.7,8204.40576219,8466.9,36491.47613492998
1526169600,8471.4,8760,8318.3,8683.6,22781.88960907998
1526256000,8683.5,8884.5,8271,8670.8,36589.70302115999
1526342400,8670.1,8855.7,8415,8467.5,26072.961939909994
1526428800,8468.3,8492.7,8100,8336.1,32241.14284723999
1526515200,8336,8480.1,7982.5,8053.9,24896.691838920022
1526601600,8054.3,8277.2,7925,8238.9,23011.733643670024
1526688000,8239,8468,8140.2,8231,13886.559674760001
1526774400,8230.9,8597.9,8171.5,8523.6,15400.805703509996
1526860800,8522.6,8644,8309.1,8393.4,16919.08711708002
1526947200,8393.4,8408.28483299,7943.3,7977.3,20299.58111844998
1527033600,7977.2,8020,7404,7494.8,41101.13074868002
1527120000,7494.75035778,7729.83193573,7260,7576.7,38504.43958874
1527206400,7576.7,7654.1,7318.2,7456.7,25542.598908009986
1527292800,7457,7624.1,7281,7327.7,13769.639372369988
1527379200,7328.3,7425.4,7213.6,7339.7,15828.76623101001
1527465600,7339.6,7437.7,7062.4,7097.9,26122.17960057006
1527552000,7097.8,7536,7048.5,7465.2,27660.782548420008
1527638400,7465.3,7560,7270.5,7375.12085307,21849.20672701
1527724800,7375.2,7599.7,7338,7485.8,18973.550468520014
1527811200,7485.9,7599.8,7329.18847938,7521,18803.740460250014
1527897600,7521.1,7698.8,7441.5,7638.1,17039.907420980016
1527984000,7638,7779,7600,7718,13646.755621140013
1528070400,7718.1,7764,7451.1,7488.3,17915.365480299995
1528156800,7488.5,7675,7372,7621.9,16484.173325599975
1528243200,7622.2,7700,7491.7,7654,18185.80527041997
1528329600,7654,7756.3,7624.7,7688.9,10619.38083851001
1528416000,7689,7697,7543.6,7615.1,11938.685904679987
1528502400,7615.2,7685,7450,7498.5,7203.25936168998
1528588800,7498.5,7498.6,6618.9,6758,56593.872982819914
1528675200,6758,6899,6629.7,6873.3,22216.443959830023
1528761600,6873.4,6873.4,6436.1,6543.9,31715.018228120003
1528848000,6543.4,6611.7,6107.87718467,6295.1,45148.455176740004
1528934400,6295,6736.52103872,6269.5,6633.7,31988.24626938999
1529020800,6633.8,6659,6304,6385,20720.444042070027
1529107200,6386,6559.7,6330,6485.9,13583.71598914002
1529193600,6489,6573,6424.8,6438.4,9359.66962542
1529280000,6443.6,6849.7,6370.76958739,6709.2,25494.052569309966
1529366400,6709.2,6848.2,6655,6735.5,17341.07562713001
1529452800,6732.4,6821.2,6560,6760.4,18445.855755460016
1529539200,6760.3,6788.8,6679.3,6715.2,10613.56140079
1529625600,6715.2,6731,5910.8,6042.6,54663.33640578006
1529712000,6042.6,6259,6013,6151.92764906,20390.37767863999
1529798400,6152.3,6249.7,5755,6148.0390596,45131.309429999994
1529884800,6148,6341,6068.5,6246.6,27728.35492443003
1529971200,6249.1,6280.8,6050.2,6073.4,18770.170544780016
1530057600,6073.4,6192.7,5984.9,6133.08668215,17954.536099540037
1530144000,6133.1,6170.9,5822.3,5848.1,17658.98488139997
1530230400,5850,6302,5780,6208.1,32719.619906059936
1530316800,6208.1,6545.5,6195.2,6391.5,23441.39573307
1530403200,6391.5,6439.9,6260,6349.7,11313.202873760003
1530489600,6349.3,6681.1,6275,6617.6,26550.456217880015
1530576000,6617.8,6675.2,6470.5,6509,17192.400053780002
1530662400,6509.1,6784.9,6414.1,6590,22122.80640525998
1530748800,6589.9,6704.7,6423.4,6532.3,22781.85237791998
1530835200,6532.4,6641.78437543,6451.9,6602.2,14866.610865359997
1530921600,6602.8,6839.4,6511,6761.8,14855.332266249998
1531008000,6761.8,6790.8,6668.9,6707,13062.43776850999
1531094400,6707,6820,6616.6,6666.9,16262.462808209984
1531180800,6666.9,6685.8,6260.1,6301.8,27510.167467539995
1531267200,6301.9,6407.9,6286.3,6377.8,16361.57942002001
1531353600,6377.7,6377.7,6079.9,6249,24459.28346032996
1531440000,6248.7,6339.9,6125,6220,19848.06548231003
1531526400,6219.7,6320,6179.2,6250,8887.601859599985
1531612800,6250,6389,6230.3,6347.2,10883.058763050001
1531699200,6347.2,6750,6327.1,6729.3,30881.813130379956
1531785600,6729.2,7483.9,6666,7319.8,47033.992900469966
1531872000,7319.8,7587,7246.5,7379.4,39480.19052816
1531958400,7379.9,7560,7281.4,7473.5,22043.49842958996
1532044800,7473.5,7685.2,7273.1,7333.1,32069.67171002998
1532131200,7333.1,7459,7221,7403.4,11225.280405919997
1532217600,7403.3,7575,7329.1,7400,17013.67000033001
1532304000,7398.7,7820,7374,7718.9,46360.41590998996
1532390400,7718.9,8506.7,7690,8391.8751732,63235.758945689915
1532476800,8389.9,8488.1,8073,8178.4,36317.66205339997
1532563200,8175.6,8323.1,7869.6,7939,32297.572175799978
1532649600,7939,8285.9,7815.08505617,8188,33595.65160773
1532736000,8188,8262,8055,8235.7,12964.138117810004
1532822400,8235.6,8313.3,8123,8221,10080.39124819002
1532908800,8218.5,8301.7283857,7861.2,8179.5,37313.37447304001
1532995200,8178.9,8178.9,7664.8977045,7731.3,43358.726761029975
1533081600,7731.3,7756.1,7440.2,7606,30445.037117940017
1533168000,7606.6,7713,7450,7535.2,17561.52020778
1533254400,7533.2,7533.3,7282.1,7420,30674.144212349973
1533340800,7420.3,7492.2,6928.8,7013.21565493,30842.377208559967
1533427200,7013.21567835,7090,6890,7025.8,17526.669118559996
1533513600,7025.2,7153.6,6847,6941.2,18037.54576638002
1533600000,6941.2,7150,6677,6716.1,31771.15688667995
1533686400,6718.8,6720.1,6128.2,6280.7,52336.46785462999
1533772800,6280.7,6628,6187.3,6533.6,32854.36756183998
1533859200,6534.5,6573.8,6010,6146.7,42831.74630789008
1533945600,6147.1,6499.5,6008.1,6233.1,36739.56398819994
1534032000,6230.8,6499,6162,6313.9,22599.89169239995
1534118400,6313.9,6548.3,6137.6,6251.9,32079.798947669926
1534204800,6251.9,6251.9,5858.6,6189,52350.24163020003
1534291200,6189,6647.6,6180.00532947,6270.2,65791.12186091
1534377600,6270.2,6476.7,6212.9,6315.6,24925.886086879967
1534464000,6314.7,6592.9,6290,6584.6,26509.53545292994
1534550400,6584.7,6619.5,6300,6391.2,19622.05909627004
1534636800,6390.1,6550.3,6309.3,6485.1,15259.364984450001
1534723200,6485.1,6524,6230,6255.9,31101.472069509975
1534809600,6255.9,6524,6245,6479.1,27335.198432539968
1534896000,6480.6,6899,6250.3,6363.10430948,56790.80519440992
1534982400,6363.8,6566.63554152,6350,6527.2,19794.755282159986
1535068800,6527.2,6728.6,6451,6693.6,19880.28319540997
1535155200,6693.3,6799.7,6670,6732.9,16758.985225120025
1535241600,6732.9,6789,6557,6707,16456.004837899964
1535328000,6707,6942.2,6652.7,6909.4,23456.90730556999
1535414400,6909.5,7127.9,6872,7079.9,29305.197504920012
1535500800,7079.7,7139.4,6924.26926081,7039,19896.768829400007
1535587200,7039.0020077,7060,6802.1,6986,24252.01180047997
1535673600,6986.1,7100,6881.6,7013.3,18892.6995576
1535760000,7011.3,7269.9,7011.3,7197.4,21098.238099360005
1535846400,7197.5,7429.2,7135.3,7300,44105.22259503993
1535932800,7300.1,7369,7200,7267.8,22133.766946709955
1536019200,7267.6,7414.7,7246.2,7358.9,20212.951120770016
1536105600,7358.9,7404,6700,6704,54970.15569210996
1536192000,6704,6728.7,6302.2,6516.1,52327.263072639966
1536278400,6516,6549.5,6322.8,6397,20483.91726489004
1536364800,6397,6475.5,6119.5,6184.944416,21262.845477200015
1536451200,6185,6458.9,6140.5,6239.9,16218.45545642996
1536537600,6240,6373.6771888,6219,6314.9,14482.895873989995
1536624000,6314.9,6399.6,6170,6290.9,16490.25073728998
1536710400,6292.3,6355,6202.8,6332.41672182,16129.245112249997
1536796800,6334.2,6528.4,6333.4,6489,19078.850981189957
1536883200,6489.1,6596.5,6355.2,6480.1,16230.566983589997
1536969600,6480.2,6572.2,6465.6,6514.9,8336.453105199995
1537056000,6512.8,6520.6,6370.2,6498.4,8642.54413475002
1537142400,6499.9,6543.3,6202.8,6252,22979.618314530017
1537228800,6251.9,6384,6228.1,6335.4,16001.875996720006
1537315200,6334.5,6549.9,6100,6390.9,29385.056250999984
1537401600,6392.7,6584,6340,6493.9074816,16255.110142600006
1537488000,6493.94240058,6790.5,6493.94240058,6762.1,36170.738417359986
1537574400,6761.9,6840.9,6502.2,6723,17397.031437910024
1537660800,6723.1,6785.9,6661.5,6710,8492.647986720003
1537747200,6710.03023581,6721.7,6555,6585.1,17523.90747826002
1537833600,6585,6585.1,6328,6442.8,20030.230687499992
1537920000,6442.70984901,6558,6382.5,6462.4,13649.437780279992
1538006400,6462.3,6745,6436.7,6691.2,18178.48716718002
1538092800,6691.4,6826.41966538,6541.9,6635.2,27474.652460689987
1538179200,6635.1,6635.1,6454.2,6597.3,16915.98292033
1538265600,6597.2,6662.8,6529.6,6622.4,8406.63184455
1538352000,6622.3,6660,6500,6601.9,10289.549989880024
1538438400,6602,6644.7,6467.9,6531.8,11956.687298520015
1538524800,6530.1,6555.1,6424.6,6503.2,14482.236101060013
1538611200,6503.1,6648.8,6495.2,6590.4,11336.834698030005
1538697600,6591.1,6741.4366438,6506.6,6639.9,12061.787218219983
1538784000,6639.9,6648.2,6563.8,6595.2,5758.418509990001
1538870400,6595.1,6640.4,6525,6609.4,5782.739585759994
1538956800,6609.4,6730,6585.9,6673.2,12626.585763460023
1539043200,6673.3,6682,6605,6663,8032.8698908900005
1539129600,6663,6663.1,6513.52952635,6630.07445752,13789.179112459986
1539216000,6630,6630.07445752,6220.4,6251.8,40844.29145680001
1539302400,6251.9,6353.4,6220.3,6291.9,10396.82225318
1539388800,6292,6333.7,6280.3,6326.5,5814.939879079985
1539475200,6326.4,6399.3,6302.5,6336.4,11198.447954500005
1539561600,6336.4,7788,6294.6,6742,83966.00278071995
1539648000,6742,6897.6,6669.1,6754.2,15623.159807720005
1539734400,6754.2,6794,6674.3,6736,8843.353592269992
1539820800,6735.6,6779.9,6566.7,6613.2,12356.642685569985
1539907200,6613.3,6639.5,6518.2,6525.1,11182.597294330002
1539993600,6524.3,6611,6511,6586.7,4675.901825250009
1540080000,6583.6,6660.8,6581.2,6590.9,4365.456392150005
1540166400,6590.053594,6627.9,6537.5,6567.3,5965.710975430002
1540252800,6567.3,6591.6,6525.3,6550,8848.642708269997
1540339200,6550,6626.3,6536,6554.1,8413.352625930007
1540425600,6554.09671891,6567.8,6462.9,6528,8330.379783229995
1540512000,6528.1,6597.4,6511,6531.5,7421.817063929998
1540598400,6531.5,6560,6476.9,6500.2,6855.711166589998
1540684800,6500.1,6513.88357334,6451,6490.1,6840.128040109991
1540771200,6490.17717293,6512,6320.8,6346.5,19372.472154119958
1540857600,6353.3,6383.6,6302,6330.1,10698.567072029997
1540944000,6330.1,6419.8,6242.1,6368.3871592,9849.645517610008
1541030400,6378,6443.9,6352.90247884,6406.1,9148.000563819998
1541116800,6406.2,6456.1,6389.9,6427,8065.462486909994
1541203200,6427,6432.4,6323,6389.1,11184.298673460009
1541289600,6389.2,6527,6357.9,6491.7,8826.370030009995
1541376000,6492.1,6500.6,6435.3,6470.2,4791.346954729995
1541462400,6470.10159871,6527.7,6447.4,6518.7,7258.168545900003
1541548800,6520.1,6615,6511,6572.9,10699.552922689998
1541635200,6573,6585,6460,6479.5,11145.72022912999
1541721600,6479.5,6504.4,6385,6418.65716276,10382.260195589985
1541808000,6417.5,6469.3,6414.4,6431.1,3252.1321859300037
1541894400,6431.1,6459.9,6357.8,6447.9,7335.428400549994
1541980800,6448,6481,6418.8,6446.9,7294.267399079998
1542067200,6446.99331314,6501.1,6397.1,6459.0694273,10123.151290369993
1542153600,6459.0694273,6485.8,5678,5922.4,68585.12997484003
1542240000,5922.3,5940,5432,5749.6,49540.89283114995
1542326400,5749.6,5777.5,5530.92446993,5655.7,18301.008057139978
1542412800,5655.7,5661.1,5569.1,5628.3,7950.684397669999
1542499200,5629.52895109,5745.6,5620.9,5659.5,9487.907560530004
1542585600,5659.5,5659.5,4855,4920.7,71156.33750623997
1542672000,4920.7,5056.26569276,4303.5,4571,114919.00313414994
1542758400,4570.9,4787.3,4412.3,4662.7,43568.554565520004
1542844800,4664.7,4723.7,4342.1,4369.6,27904.15943042999
1542931200,4370.7,4495,4218.52795056,4422.7,35241.967619100025
1543017600,4422.8,4529,3819.4,3929.9,49506.306173200006
1543104000,3928.4,4233.2,3657.6,4089.1,80342.39364477994
1543190400,4086.5,4207.1,3695.5,3864.1,62582.42539663007
1543276800,3863.9,3959.40864054,3684.1,3882.7,45626.89196531994
1543363200,3883.4,4447.6,3882.9,4305,64638.13477819996
1543449600,4305,4488,4167.2,4321.9,40833.86822649
1543536000,4323.3,4368.8,3950,4039.5,41191.43286388009
1543622400,4038.5,4340,3964.5,4241.3,27175.83666726002
1543708800,4241.4,4369.8,4113,4173,24297.07240682994
1543795200,4172.9457484,4189.8,3830.1,3901.2,35619.78866398001
1543881600,3903,4135.9,3788.7,3981.9,33031.290975779964
1543968000,3982.2,4000.77105811,3750,3772.9,27900.193707319977
1544054400,3771,3922.7,3503,3531,56629.64633922994
1544140800,3531,3630,3277.6,3460,70438.42370001995
1544227200,3460.1,3800.1,3316.1,3506,36389.92437837997
1544313600,3506,3789,3465.4,3642.3,24387.488322359968
1544400000,3642.1,3709.6,3475.8,3523,22305.627284810027
1544486400,3523.2,3551.5,3381.8,3435.2813778,23060.229061890008
1544572800,3435.2,3617.4,3415,3535.6,20348.611881379973
1544659200,3535.7,3547.1,3317,3354.3,21414.02856946001
1544745600,3354.3,3395.2,3224,3281.7,28285.822199600014
1544832000,3281.7,3324.2,3215.2,3283.4,16908.660976480016
1544918400,3282.2,3383,3276.2,3300.8,18778.438135730026
1545004800,3300.1,3744.8,3280,3625,32775.02307369999
1545091200,3623.9,3799.9,3546.9,3780.8,29061.91092091
1545177600,3780.7,4043,3756,3810,53480.68381189997
1545264000,3810,4299,3780.1,4214.5,64434.67835460005
1545350400,4214.5,4300,3902,3976,42771.34445887
1545436800,3976.2,4166,3919.3,4135,19338.08762755998
1545523200,4135.1,4216,4033,4071.7,24223.817324050015
1545609600,4072.6,4384,4069,4140.7,36950.69664311001
1545696000,4140.7,4155,3812.1,3909.7,33231.26510352001
1545782400,3909.6,3990,3812.1,3930,18956.560949550043
1545868800,3930,3968.8,3686,3716,23108.02757011996
1545955200,3713.8,4095,3696.3,4036.7,26373.268934270003
1546041600,4036.8,4099.7,3859.3,3894,18524.35419658999
1546128000,3893.9,4003.8,3838.9,3977.3,17666.619695580033
1546214400,3979.6,3986.9,3771,3830.5,15587.28784159
1546300800,3834.7,3987,3788.37375275,3963.1,7282.023548260002
1546387200,3963.1,4083.470676,3920,4048.8,10387.446065430024
1546473600,4049.8,4056.64433109,3876.1,3924.3,4180.0258316000045
1546560000,3924.3,3986,3851,3954.9,6054.462411849996
1546646400,3954.9,4014.9,3901.2,3911.3,6987.48180667
1546732800,3911.9,4218,3887.8,4171.6,13410.11248214001
1546819200,4169.2,4197,4045,4114,4742.715120300003
1546905600,4114,4215.8,4056.2,4100,10768.007812500025
1546992000,4100,4168.9,4020,4083.3,10646.829740480005
1547078400,4083.3,4143.3,3687.2085745,3712.9,11224.816192439981
1547164800,3712.9,3777.8,3666.67094961,3716,6576.815590850002
1547251200,3715.4,3734,3666.67094961,3702,3839.4915327600065
1547337600,3702.7,3728.7,3570.1,3591,4988.399226679994
1547424000,3591,3799.4,3580.1,3749.3,8228.317282460002
1547510400,3749.3,3780.87473393,3624.9,3654.3,6577.074023400004
1547596800,3654.1,3759.89484429,3642.99036234,3673.6,5590.5332832400045
1547683200,3678.979928,3725,3610,3722.5,6164.1446014999965
1547769600,3722.5,3723.9,3652.38836809,3675.70210505,2660.5580628700027
1547856000,3676.9,3882,3674,3762.3,5884.37101872
1547942400,3762.9,3796.9,3544.6,3586.1,6580.555178290007
1548028800,3586.5,3620.1,3549.5,3581,5310.039243099997
1548115200,3579.4,3682.14145688,3464,3639.1,8026.659692879992
1548201600,3639.1,3677,3591.7,3620.8,3874.3063392999993
1548288000,3621.7,3671.4,3589.9,3652.6,4812.056835369998
1548374400,3652.8,3663.5,3581,3629,3138.383907300008
1548460800,3629,3750,3624.8438496,3630.6,7827.601369460012
1548547200,3630.5,3645.7,3541.1,3596.2,4033.111239020003
1548633600,3596.5,3597.9,3449.94259157,3501.1,6724.650743390012
1548720000,3501.1,3517.5,3423.1,3478,4547.134170989998
1548806400,3478,3550,3452.1584666,3529.7,6243.312720170015
1548892800,3529.7,3574.80983774,3482.3,3503.8,4120.704430100009
1548979200,3503.8,3559,3460.1,3536.4,5017.877962110005
1549065600,3534.9,3581,3499.4,3564.3,4390.533481410004
1549152000,3564.3,3566.8,3470.2,3501.8,3129.4069129500062
1549238400,3501.5,3522.7,3475.4,3490.43332036,2328.176834140001
1549324800,3490.5,3517.5,3475.9,3513,1988.7478379500023
1549411200,3513.20366088,3520.99742772,3407,3452,4773.735685580012
1549497600,3452,3462.3,3429.11974352,3438.4,2352.0434636500017
1549584000,3438.4,3800,3427.54048738,3724.1,16427.44757661999
1549670400,3724.1,3740,3685.9,3718.4,3161.0203427299966
1549756800,3718.4,3753.5,3665.8,3747.7,5521.390192740008
1549843200,3747.7,3750,3672.02794125,3681.08053546,3549.702533360001
1549929600,3682.03196387,3728,3645.4,3694.2,4809.582811670001
1550016000,3694.2,3739.7,3632.3,3666.1,4708.176062450002
1550102400,3666.1,3682.87483504,3640.07304521,3657.2,3858.955641669999
1550188800,3655.5,3719,3644.5,3670.1,4419.257727760009
1550275200,3670.1,3726.7,3664.1,3684.1,3560.6975036300005
1550361600,3676.5,3790,3660,3735.3,8071.6824781900095
1550448000,3736.88193536,4021,3723.7,3978.1,19731.15416970002
1550534400,3977.4,4083.5,3937,3989.9,12207.16032810999
1550620800,3987.2,4070,3968.1,4061.1,7073.747301410007
1550707200,4054.9,4128.25992806,3919,4009.7,5862.3705290500075
1550793600,4009.7,4074,3989,4058.3,7478.8775933500065
1550880000,4058.3,4255,4014.5,4211.8,10816.05557889
1550966400,4212.24545346,4282.4,3812.00275746,3831.5,14474.653424650005
1551052800,3830.4,3966.5,3830,3921.8,6001.045116990003
1551139200,3921.7,3934.1,3865,3900.1,2321.963227340003
1551225600,3900.1,3934,3762.6,3901.7,5597.536561729998
1551312000,3903.0204491,3988,3875.0880586,3895.4570772,7157.016892810005
1551398400,3895.4570772,3949,3893.1,3917,3096.1063632400023
1551484800,3913.1,3924,3841.5,3913.1,2643.2179317600126
1551571200,3912.8,3925,3858,3885,1467.9631869099994
1551657600,3884.9,3911.1,3767.2,3800.3,4305.690156719999
1551744000,3800.4,3968.7,3786.2,3951.7,6352.17770916
1551830400,3951.7,3986.5,3911,3951.5,3157.6884443300023
1551916800,3951.6,3997.4,3933.4,3964.7,4076.7456534300018
1552003200,3964.8,4021,3850.5,3940.7,4909.873184180007
1552089600,3940.56557966,4046.2,3934,4017.2,4515.896405180001
1552176000,4017.2,4017.2,3961.92061275,4000.1,2203.953300160003
1552262400,3998.3,4009.2,3920.1,3949.1,4706.864831660002
1552348800,3949.1,3979.5,3895.2,3954.1,7522.42061969999
1552435200,3954.1,3972.6,3925.1,3946.2,5499.34679709
1552521600,3946.2,4004,3883.1,3948.3,5809.050579310005
1552608000,3948.7,4011,3948.4,4003.2,6729.16968575001
1552694400,4003.2,4161,4003.1,4088.0382664,10446.038130379993
1552780800,4088.1,4089.8,4041.1,4068.9,3343.4373075199996
1552867200,4068.9,4120,4035.7,4073.6,2190.906398780004
1552953600,4073.6,4120,4056.6,4104.59328854,3047.4414844100047
1553040000,4104.5,4136.5,4073.93536193,4127.16189623,4898.340731169999
1553126400,4127.2,4146.9,4004.0612255,4044.9,6503.258351030006
1553212800,4044.9,4070.6,4034.9,4045.2,2418.624097520005
1553299200,4045.2,4084,4030.7,4063.2,2515.519628870002
1553385600,4059.63625697,4059.8,4011.5,4041.45837888,1454.6949060600004
1553472000,4041.45837888,4049.9,3939.0533966,3970,2751.162906620003
1553558400,3970,3996,3950.7,3992.7,2397.020802329999
1553644800,3992.7,4109.9,3979.6,4102.6,4517.375111700002
1553731200,4102.6,4114.4,4066.33355079,4092.56783507,3546.879456110001
1553817600,4092.56783507,4188.2,4084.7,4179.1,4665.181329060001
1553904000,4179.1,4210,4116,4165.10362609,3022.9798229700064
1553990400,4165.10362609,4182.9,4153.4,4167.6,1293.4907455500004
1554076800,4167.6,4220.9,4126.15251,4196.80421298,3761.2681376500045
1554163200,4196.9,5106.9060781,4189.7,4927.1,25554.213514919975
1554249600,4923.4,5335.5,4845.9,4978,20715.90682675999
1554336000,4978.8,5100,4834.1,4938.9,7363.466205689997
1554422400,4939.4,5132.5,4929.6,5084.3,5861.185811539996
1554508800,5084,5280,4967.2,5089.91652884,7006.395722089999
1554595200,5091.2,5321.6,5075.5,5238.1,5227.29401774
1554681600,5239,5373.6,5140,5312.4,8495.944710700003
1554768000,5312.4,5312.4,5172.8,5214.1,5203.01591357001
1554854400,5212.5,5488,5196.66136855,5310.1,8261.380512040001
1554940800,5310.6,5342.1,4956,5065.8,8762.579746350004
1555027200,5062.1,5134.9,4934.9,5116.5371244,4610.695976780008
1555113600,5114.1,5163,5075.38314648,5101.8,3119.403093900003
1555200000,5103.9,5211.9,5054.9,5194.4,2439.5938635199986
1555286400,5192.9,5218.6,4977.1,5042.78720109,3539.885148950004
1555372800,5030,5256.7,5030,5234.4,4835.509877050006
1555459200,5234.4,5300,5211.828128,5254.55936821,4910.718488900003
1555545600,5254.6,5340,5254.1,5310.86393314,3852.557395900005
1555632000,5310.9,5376,5223,5314.08683357,2337.748872450003
1555718400,5314.1,5404.84614183,5284.1,5340.03926547,2857.2775520800114
1555804800,5340.06626381,5368,5255.04267392,5322.3,2915.8623734900025
1555891200,5320.3,5459.5,5276.6,5416.6,6036.848112950011
1555977600,5417.9,5647.4,5387.6,5550.4,8712.195497860028
1556064000,5547.1,5690,5409.8,5479.6,7920.370429940019
1556150400,5479.6,5558,5065.2,5215.7,9740.996185070004
1556236800,5210.3,5525,5172.99726588,5410.9,11800.025547230009
1556323200,5409.4,5458,5352.6,5401.9,2532.420132880007
1556409600,5401.9,5545.7,5401.8,5486.86181642,4409.329466700008
1556496000,5483.3,5518,5366.37959416,5480.1,4211.283052910008
1556582400,5480.1,5612,5454.9,5599.6,4516.264952549997
1556668800,5599.6,5655,5579.4,5629.6,2430.2214143400056
1556755200,5629.6,5784.3,5616.6,5748,5525.4787971800115
1556841600,5731.8,6145,5712.6,6017,10410.808731390005
1556928000,6019.9,6189.9903581,5864.9,6098.3,4310.725295480002
1557014400,6098.2,6112.3,5956,6041.4021233,2377.665645000005
1557100800,6042,6102,5904.1,6027.9,3175.107271460007
1557187200,6031,6325,6029,6098.5,6347.072188720005
